# Resource object code (Python 3)
# Created by: object code
# Created by: The Resource Compiler for Qt version 5.15.2
# WARNING! All changes made in this file will be lost!

from PySide2 import QtCore

qt_resource_data = b"\
\x00\x00\x0c\x88\
i\
mport QtQuick 2.\
15\x0aimport QtQuic\
k.Controls 2.15\x0a\
import QtQuick.L\
ayouts 1.15\x0aimpo\
rt QtGraphicalEf\
fects 1.15\x0aimpor\
t fuscan.theme 1\
.0\x0a\x0aItemDelegate\
 {\x0a    id: navIt\
em\x0a    property \
ThemeController \
theme: Theme\x0a   \
 // \xe5\x9b\xbe\xe6\xa0\x87 qrc \xe8\
\xb7\xaf\xe5\xbe\x84\xef\xbc\x88\xe5\xa6\x82 \x22qrc\
:/icons/home.svg\
\x22\xef\xbc\x89\xef\xbc\x8c\xe4\xbc\x98\xe5\x85\x88\xe4\xba\x8e\
 iconText\x0a    pr\
operty string ic\
onSource: \x22\x22\x0a   \
 // \xe5\x85\xbc\xe5\xae\xb9\xe6\x97\xa7 em\
oji \xe6\x96\x87\xe6\x9c\xac\xef\xbc\x88ico\
nSource \xe4\xb8\xba\xe7\xa9\xba\xe6\x97\
\xb6\xe4\xbd\xbf\xe7\x94\xa8\xef\xbc\x89\x0a    p\
roperty string i\
conText: \x22\x22\x0a    \
property string \
label: \x22\x22\x0a    pr\
operty string pa\
geId: \x22\x22\x0a    pro\
perty bool selec\
ted: false\x0a    /\
/ clicked() \xe4\xbf\xa1\xe5\
\x8f\xb7\xe7\xbb\xa7\xe6\x89\xbf\xe8\x87\xaa Item\
Delegate\xef\xbc\x8c\xe6\x97\xa0\xe9\x9c\
\x80\xe9\x87\x8d\xe5\xa4\x8d\xe5\xa3\xb0\xe6\x98\x8e\x0a  \
  // \xe5\xa4\x96\xe9\x83\xa8\xe9\x80\x9a\xe8\xbf\
\x87 onClicked \xe8\xbf\x9e\xe6\
\x8e\xa5\xe5\xa4\x84\xe7\x90\x86\xe9\xa1\xb5\xe9\x9d\xa2\xe5\x88\
\x87\xe6\x8d\xa2\xef\xbc\x88\xe8\xa7\x81 Sideb\
ar.qml\xef\xbc\x89\xef\xbc\x8c\xe7\xa6\x81\xe6\
\xad\xa2\xe5\x9c\xa8\xe6\xad\xa4 emit cl\
icked()\x0a    // \xe5\
\x90\xa6\xe5\x88\x99\xe4\xbc\x9a\xe5\xaf\xbc\xe8\x87\xb4\xe6\x97\
\xa0\xe9\x99\x90\xe9\x80\x92\xe5\xbd\x92\xef\xbc\x88onC\
licked \xe2\x86\x92 click\
ed() \xe2\x86\x92 onClick\
ed \xe2\x86\x92 ...\xef\xbc\x89\xe7\x9b\xb4\
\xe8\x87\xb3\xe6\xa0\x88\xe6\xba\xa2\xe5\x87\xba\xe5\xb4\xa9\xe6\
\xba\x83\x0a\x0a    Layout.f\
illWidth: true\x0a \
   Layout.prefer\
redHeight: 40\x0a  \
  leftPadding: 0\
\x0a\x0a    // \xe5\xbd\x93\xe5\x89\x8d\xe5\
\x9b\xbe\xe6\xa0\x87/\xe6\x96\x87\xe5\xad\x97\xe8\x89\xb2\xef\
\xbc\x9a\xe9\x80\x89\xe4\xb8\xad=\xe4\xb8\xbb\xe8\x89\xb2\xef\
\xbc\x8c\xe6\x9c\xaa\xe9\x80\x89\xe4\xb8\xad=\xe6\xac\xa1\xe8\
\xa6\x81\xe8\x89\xb2\x0a    readon\
ly property colo\
r _foreground: n\
avItem.selected\x0a\
        ? (theme\
.isDark ? theme.\
colorPrimary : t\
heme.colorPrimar\
y)\x0a        : (th\
eme.isDark ? the\
me.colorTextSeco\
ndary : theme.co\
lorTextSecondary\
)\x0a\x0a    // \xe8\x83\x8c\xe6\x99\xaf\
\x0a    background:\
 Rectangle {\x0a   \
     color: navI\
tem.selected\x0a   \
           ? (th\
eme.isDark ? the\
me.colorBgSelect\
ed : theme.color\
BgSelected)\x0a    \
          : \x22tra\
nsparent\x22\x0a      \
  Behavior on co\
lor { ColorAnima\
tion { duration:\
 120 } }\x0a    }\x0a\x0a\
    // \xe5\xb7\xa6\xe4\xbe\xa7 3p\
x \xe9\x80\x89\xe4\xb8\xad\xe6\x8c\x87\xe7\xa4\xba\xe6\x9d\
\xa1\x0a    Rectangle \
{\x0a        width:\
 3\x0a        heigh\
t: parent.height\
 * 0.55\x0a        \
anchors.vertical\
Center: parent.v\
erticalCenter\x0a  \
      color: nav\
Item.selected ? \
theme.colorPrima\
ry : \x22transparen\
t\x22\x0a        radiu\
s: 2\x0a        Beh\
avior on color {\
 ColorAnimation \
{ duration: 120 \
} }\x0a    }\x0a\x0a    /\
/ \xe5\x9b\xbe\xe6\xa0\x87 + \xe6\x96\x87\xe5\xad\
\x97\x0a    RowLayout \
{\x0a        anchor\
s.fill: parent\x0a \
       anchors.l\
eftMargin: 18\x0a  \
      anchors.ri\
ghtMargin: 12\x0a  \
      spacing: 1\
2\x0a\x0a        // \xe5\x9b\
\xbe\xe6\xa0\x87\xe5\x8c\xba\xef\xbc\x9a\xe4\xbc\x98\xe5\x85\x88\
 SVG\xef\xbc\x88ColorOver\
lay \xe6\x9f\x93\xe8\x89\xb2\xef\xbc\x89\xef\xbc\x8c\
\xe5\x9b\x9e\xe9\x80\x80\xe5\x88\xb0 emoji \
\xe6\x96\x87\xe6\x9c\xac\x0a        I\
tem {\x0a          \
  Layout.preferr\
edWidth: 20\x0a    \
        Layout.p\
referredHeight: \
20\x0a            v\
isible: navItem.\
iconSource.lengt\
h > 0\x0a\x0a         \
   Image {\x0a     \
           id: n\
avIcon\x0a         \
       anchors.c\
enterIn: parent\x0a\
                \
width: 16\x0a      \
          height\
: 16\x0a           \
     source: nav\
Item.iconSource\x0a\
                \
sourceSize: Qt.s\
ize(16, 16)\x0a    \
            visi\
ble: false\x0a     \
       }\x0a       \
     ColorOverla\
y {\x0a            \
    anchors.fill\
: navIcon\x0a      \
          source\
: navIcon\x0a      \
          color:\
 navItem._foregr\
ound\x0a           \
     Behavior on\
 color { ColorAn\
imation { durati\
on: 120 } }\x0a    \
        }\x0a      \
  }\x0a\x0a        // \
\xe6\x97\xa7 emoji \xe6\x96\x87\xe6\x9c\xac\
\xe5\x9b\x9e\xe9\x80\x80\xef\xbc\x88iconSou\
rce \xe4\xb8\xba\xe7\xa9\xba\xe6\x97\xb6\xe6\x98\xbe\
\xe7\xa4\xba\xef\xbc\x89\x0a        L\
abel {\x0a         \
   text: navItem\
.iconText\x0a      \
      font.pixel\
Size: 14\x0a       \
     Layout.pref\
erredWidth: 20\x0a \
           horiz\
ontalAlignment: \
Text.AlignHCente\
r\x0a            vi\
sible: navItem.i\
conSource.length\
 === 0\x0a         \
   color: navIte\
m._foreground\x0a  \
          Behavi\
or on color { Co\
lorAnimation { d\
uration: 120 } }\
\x0a        }\x0a\x0a    \
    Label {\x0a    \
        text: na\
vItem.label\x0a    \
        font.pix\
elSize: 13\x0a     \
       color: na\
vItem._foregroun\
d\x0a            Be\
havior on color \
{ ColorAnimation\
 { duration: 120\
 } }\x0a        }\x0a \
   }\x0a}\x0a\
\x00\x00\x05\xe6\
\x00\
\x00\x16\x01x\x9c\xb5X\xdds\xd3F\x10\x7f\xf7_q\
M_\xe8\xd0:q \x99\x8c\x99N\x87\xa4\x052\xc3\
G Ly>Kg[\x13Y\xa7\x9e\xe4\x904\xe3\
\x990L\x9a\x18\x02.\xd0\x86\x8f\xb4S\xd2\x16B)\
M\x06\x18h>\x1c\xf7\x9f\xb1d\xe7)\xffB\xf7$\
K\x91\xacS\xec\xa4t_\xac\xbb\xdd\xbd\xdb\xdd\xdb\xdd\
\xfb\x9d\x95\x82N\x99\x89.\x9b\x97\x8b\x8a4\x81\xfa\x93\
\xa9\x81\x84\x12\x9aK\x8eP\xcddT5\x84\xcc\xf3x\
\x9a\x16M\x03\xa5B\xbc\xb3\x0c\xebyE\xc2\xeaW\xd9\
,\x91\xda\xd8\xd9\xa2!a-i\xe6I\x81\x00\xa3/\
\x91\x18\xc3\x1aA3\x09\x04\xa4\xc8id(2\xc9`\
\xe6\x8cuFu\xc2\xccit\x95\x8b\xb7LQ\x09C\
\x8ez\xda\x9dv%\xb1,+Z.\x8d`A>\xee\
\xedE\xf5\xda\xaa\xfd\xb4\xd2\xbc\xb9h?^\xdf\xab>\
\xb1\xff~\xdd,\xbf\xb1_\xacX\xd5\x0a\xff~\xf0\xf3\
\xee\xf6\xbd\xbd\xea\xa2\xfdn\xce\x9fol\xad7\x1e\xef\
8\x0bd\xb04\x91c\xb4\xa8\x81IW\xc0\x0b\xac\xe5\
T\xcfLN\x12U)K\xbb\x86$\x15\xe3K\xcc&\
\xd0\x17\xad\xa1\xc3\x1bw\xfdp\x18\xe9 c87\x82\
\x99\xec/4L\xf2xR\xa1\x0cQ\xcd]\x14\xcd\xa0\
\x11\xfe{ZS\x0a\xd8T`z\x06\xc9E\xe6|\xa6\
Q\x7f_\x1f*\xa1\x92\xa3^\xf2}\xb5*o\xc1]\
\x94\xd2\xa7\x90\xb5\xf0\x9dU~\xd3\xd8\xfa\xc7\xe1\x89L\
\xc7\x9a\x94\xa7\xccH2%\x977\xd3\x10:F4\xd3\
\x1d\xf92\xd7\x15\xd9\xcc\xa7Q\xca\x9f\xc8\x93\x90\xb4;\
\xec>\x1a\xc3\x94\xc9D\x14\x0cg\xbe\xcd\x9b\xcf}B\
\xd6\xce\x03\xab|gw\xb6\x5c\xdf\xf8kw\xe5\xdd^\
u\xa1^[F<\x13\xc0\x8a\xd3\x8c`\xd4\x5c\xdf\xb6\
*K{\xd5r@-\x9c<\x86\xc9 5\x90Td\
\xdc\xf41\x9c\x83\xcc\xe9\xc9\xd3\x02\xe9\x11\xed\x08ql\
\xd66!s\xec[\x8f\xac\xca\xd3\xc6\xad\xf7\xf6\xec\x0d\
\xd8w\xc4d\xea\xf1a\x08\xef\xbc}\xe7\xd7\x83\xb6\xcb\
P\xaa\xf2\x80\xa8X7\x08dO\x16\xab\x06qw\x82\
s-\x164\xb7j\x04\x07\x92UT\xd5\x8bp\x84Y\
\xc0,\xa7h\x06\xcfp\x8fe\xe8X\x0a&}\xcb\x99\
\xcf|B\xe7i\x8e\x22kq+0\xe7K\x8e\x9a\xa4\
\x100\x82\x93k\x99c\xc757\x01LV$\x22\x11\
\x9d\x91,\x81x\xca\xe7Zy1xR$\xa6\x92\xac\
y\xc11\x9cg\xaeH\xc2I;O$5\x98\x08\xc9\
\x5c\xa1\xd7#\xc1j\x8f\xcb$\x04\x9d7\x9b\x11\x08\x1a\
a~\x82\x86\xa7#\xda~\xe8R}\x11\x9e\xa8f\x82\
\xd4\xaa\x8d\xfe\xa1S~U\xf0o\x86e\xa5\x08\xe73\
(T\x0aU\x883\x18cP\xdflZ(}\x1eg\
\x88\x1a\xb3}\xd0y\xc9\xf1nT\x8bdM;\x99d\
\x0a\xcc\xec9\xd3\x13+\x115\xf0*\xe8\x5c\xd2\x0e2\
\x93S\x16j1\xa9+SD\x1dW\xbe\x85\xcaJ\x9d\
<X4CUY\x90W\x1e\x95\x22\xb3\xd1\x99\x83\xa2\
\xd3r\xd4\xbdf\xc4\xdeF,\x1e\x88\x17\xeb`m\xc7\
\xbe\xc7c\xd8\x8a \x8a\x047.\xb4a\x8f\xf7G\xa5\
\xb82\xdf]y\xbf{\xf3E}c\xdbZ\xaf6\x17\
^\x8a\xaa\x9d_\x12s\xcf\xac\xcao\x8d7\xb5\xc6\xda\
,\xbf\x10\x1f>\xb366\xec\xf2\x9fv\xa5\xd2\xf8\xe1\
\xb5\xbd4_\xdf~\xef\x0e\xa1\xd3\xda\xb7\x97\xec\xdb;\
\xee\xa4\xf5\xfb\xa6\xbd\xb0\xd4X~\xd4x\xf5\xdc^,\
\xef\xde_\xb3\xd6\x16\xed\x85\xef\xfd\xc5/\xe2IA7\
Q$\xaa\x8d\xd3\x22\x93x\xbf\xfd\x86I\xe9^>c\
\xf4\xf2\xd6\x9b4&s=\xa7\x90\xcaO\x12\xb8\xc1\xcd\
aZ\x87\x1e=*\xfb]:\xb8\xa8AT(O\xb2\
\x0f\x14\x92\x81\xbe\xce{\xb2H\x89j#*\xe0\x15\xae\
5#\xd6ki\x85\x82}4\xef\x0c\x82\x99\x94\x17\xfa\
\xd7X\xbeg\xdf]\x0d\xfaW\xa0\x9abRvh\x17\
\x85z\xddx\xe9)\x8a\xb3\xcau3x\x0dx\xed\x9d\
W\x00\xe0\x0e'\x8d\xaa\x9b\xf6\xec\xaa}\xff\x9eU\x9d\
\x8dKHk\xebGH\xc8fm\xce\xba\xf5G|N\
\x1e6\xb0\xa6\x09-\xdbh\x0bms\xad\xd6\xd8Y\x0b\
\x06\xd5\x13<tT\xc5\x8a\xdd\x84\xd5\xd7\xfc\x00\x09\xa4\
hY\xda\xe6\xa35\xf7\xb6\xbeu7\xe8#\xce\xc0\x09\
\x1d\xdaA\x81V7\xde\xb9j\xdd4\x22\xfb\xc9C\x00\
\xd3.F\x12\x9dx\xdc\xd5\xda=\xf0\x08\x22\x8a\x94\x10\
s\x84\x11\x85P\xc4\xa4\xba'0$\xe2g\xa8i\xd2\
B\x00\x95\x08d\x22\x08\xe8DX\xcc\x83\x03\xe1\x0d:\
\x03\xe5\xdc9\x0a\xd8\xa5\xfd\xc9pZ\xd7C\xebd\x1c\
\xdc\x9c\xfc\x10\xb8\xbbmI\x1f\xf9\x1f\x1a\x89\x09\xe1k\
\xbb\x90\x0fc\x87\x22\x22>&\x8b\xb2 \xcb\xdc\xd4r\
\xdfi\xd6r\xcd~:\x0fw\xd8\xf8\xd7gQ\x81\xc2\
\x13\xe9\xb8\xfbf\xba\x04\xa1S\xf14\xb2\x7fy\x00\xc2\
\xf5\x8d-\xfb\xd5J\xf3\xf9\x0dh\xbf\xf6O\xaf`&\
\xb2\xb0\xa0.=\xf2\x02!\xc63\x1e\xf2\x8ba\xb7'\
\xc9\xb5\x03\x17\x8bK\xa9\x18\xf1\xd1\x02/\xccxt\xc8\
\x9f\xd1<*\xa3\xd0O:B\xc8\x03O\xcd#C\xd0\
\xa7\xf8\x0eN\x9f\xea\xa0\xe5\x82\xac\xcbf\xd2\x80\x8fc\
\xa9\x93\x9f\x82[\x9f\xc4\xeaL*\x86\x92Q\x89\xf7l\
\x12\x89D\x01!\xa7\xd0\xf9wF\xce\xae\xdb\x1d\xa3\xe4\
9\xdeQ\xb0+$8N`\x09Y\x88\x05}\xd6\xff\
\x89\x8a\x835\xd4%6\xee?:\xee=\xb2\xb7]\xdc\
\x06\xe2\x10@\x9bh\xce\xbf\xb4\xd6\x9e\xd47\xcb\x80N\
\xe0\xda<\xea\xe3\xee\xc4`\xe0q\xd7\xb7\xff\xb8\x13<\
\x17\xbb\x8a\x87\xf0\x0d h\xc2\x1e\x1d\xf2_\xa1\xd4\xc0\
\xfe\xbfB\xedt\x81\x16\x0d\xe2\xfcU\xd2mUth\
\x06\x01\xc8\xe0:\x03\xe8\x87{|\xec\xa3\xa0\xff\xe2\x12\
\x17\x9b\xd8\xe9P8y\xed8p0\xfc[|\xcd\x06\
\xa9u6=\x1f\x9fq(\xbe]ME\x0e05\x04\
\x07&\xae\x00N\xff\xed/\x08\x8f\x82G=\x05\xa7z\
\xb1X\xc8\x90#\x9cs\xa7\x1e\xd1\x8eLK\x89R\xe2\
_\xa2\xb2a\xf8\
\x00\x00\x12\xfa\
i\
mport QtQuick 2.\
15\x0aimport QtQuic\
k.Controls 2.15\x0a\
import QtQuick.L\
ayouts 1.15\x0aimpo\
rt \x22pages\x22\x0a\x0aPane\
 {\x0a    id: conte\
ntArea\x0a    paddi\
ng: 0\x0a\x0a    // \xe5\xbc\
\x95\xe7\x94\xa8 Sidebar \xe4\xbb\xa5\
\xe8\xaf\xbb\xe5\x8f\x96 currentPa\
ge\x0a    property \
var sidebarRef: \
null\x0a    propert\
y string activeP\
age: sidebarRef \
? sidebarRef.cur\
rentPage : \x22home\
\x22\x0a\x0a    backgroun\
d: Rectangle {\x0a \
       color: \x22t\
ransparent\x22\x0a    \
}\x0a\x0a    // \xe5\x90\x84\xe9\x9d\x9e\
\xe9\xa6\x96\xe9\xa1\xb5\xe9\xa1\xb5\xe9\x9d\xa2\xe7\x9a\x84\xe3\
\x80\x8c\xe5\xb7\xb2\xe5\x8a\xa0\xe8\xbd\xbd\xe3\x80\x8d\xe6\xa0\
\x87\xe5\xbf\x97\xef\xbc\x9a\xe9\xa6\x96\xe6\xac\xa1\xe8\xae\xbf\
\xe9\x97\xae\xe5\x90\x8e\xe4\xbf\x9d\xe6\x8c\x81\xe5\xb8\xb8\xe9\
\xa9\xbb\xef\xbc\x8c\xe9\x81\xbf\xe5\x85\x8d\xe5\x8f\x8d\xe5\xa4\
\x8d\xe5\x88\x9b\xe5\xbb\xba\xe9\x94\x80\xe6\xaf\x81\xe3\x80\x82\
\x0a    // \xe5\x90\xaf\xe5\x8a\xa8\xe6\x97\
\xb6\xe4\xbb\x85\xe6\x9e\x84\xe9\x80\xa0 HomeP\
age\xef\xbc\x88\xe9\xa6\x96\xe5\xb1\x8f\xe5\x8f\xaf\xe8\
\xa7\x81\xef\xbc\x89\xef\xbc\x8c\xe5\x85\xb6\xe4\xbb\x96 5\
 \xe4\xb8\xaa\xe9\xa1\xb5\xe9\x9d\xa2\xe5\x9c\xa8\xe9\xa6\x96\
\xe6\xac\xa1\xe5\x88\x87\xe6\x8d\xa2\xe5\x88\xb0\xe6\x97\xb6\xe6\
\x89\x8d\xe5\x8a\xa0\xe8\xbd\xbd\xef\xbc\x8c\x0a    \
// \xe6\x98\xbe\xe8\x91\x97\xe9\x99\x8d\xe4\xbd\x8e\xe4\
\xb8\xbb QML \xe5\x8a\xa0\xe8\xbd\xbd\xe8\x80\x97\
\xe6\x97\xb6\xef\xbc\x88HomePage 1\
704 \xe8\xa1\x8c\xe5\x8d\xa0\xe5\xa4\xa7\xe5\xa4\xb4\
\xef\xbc\x8c\xe5\x85\xb6\xe4\xbb\x96\xe9\xa1\xb5\xe9\x9d\xa2\xe5\
\x85\xb1 1485 \xe8\xa1\x8c\xe5\xbb\xb6\xe5\x90\
\x8e\xef\xbc\x89\xe3\x80\x82\x0a    // \xe5\
\x8a\xa0\xe8\xbd\xbd\xe5\xae\x8c\xe6\x88\x90\xe5\x90\x8e\xe4\xbf\
\x9d\xe6\x8c\x81 active=true\
\xef\xbc\x8cStackLayout \xe5\
\x88\x87\xe6\x8d\xa2\xe4\xbb\x8d\xe6\x98\xaf O(1)\
\xef\xbc\x88\xe7\xac\xa6\xe5\x90\x88 PySide\
 SKILL\x0a    // \xe3\x80\
\x8c\xe5\xa4\x8d\xe7\x94\xa8\xe6\x8e\xa7\xe4\xbb\xb6\xef\xbc\x88\
hide/show + \xe5\x88\xb7\xe6\
\x95\xb0\xe6\x8d\xae\xef\xbc\x89\xef\xbc\x8c\xe7\xa6\x81\xe6\xad\
\xa2\xe5\x8f\x8d\xe5\xa4\x8d\xe5\x88\x9b\xe5\xbb\xba\xe9\x94\x80\
\xe6\xaf\x81\xe3\x80\x8d\xef\xbc\x89\xe3\x80\x82\x0a   \
 property bool _\
monitorLoaded: f\
alse\x0a    propert\
y bool _resultsL\
oaded: false\x0a   \
 property bool _\
statsLoaded: fal\
se\x0a    property \
bool _settingsLo\
aded: false\x0a    \
property bool _a\
boutLoaded: fals\
e\x0a\x0a    // \xe7\x94\xa8 St\
ackLayout \xe6\x9b\xbf\xe4\xbb\xa3\
 StackView.repla\
ce\xef\xbc\x8c\xe6\x89\x80\xe6\x9c\x89\xe9\xa1\xb5\xe9\x9d\
\xa2\xe5\xb8\xb8\xe9\xa9\xbb\xe4\xb8\x8d\xe9\x87\x8d\xe5\xbb\xba\
\xef\xbc\x8c\x0a    // \xe5\x88\x87\xe6\x8d\
\xa2\xe4\xbb\x85\xe6\x94\xb9 currentI\
ndex\xef\xbc\x88O(1)\xef\xbc\x89\xef\xbc\
\x8c\xe6\xb6\x88\xe9\x99\xa4\xe9\x87\x8d\xe9\xa1\xb5\xe9\x9d\xa2\
\xef\xbc\x88SettingsPage/\
HomePage\xef\xbc\x89\xe5\x8f\x8d\xe5\xa4\
\x8d\x0a    // \xe6\x9e\x84\xe9\x80\xa0\xe5\
\xaf\xbc\xe8\x87\xb4\xe7\x9a\x84\xe5\x8d\xa1\xe6\xbb\x9e\xe3\x80\
\x82\xe4\xbb\xa3\xe4\xbb\xb7\xe6\x98\xaf\xe5\xa4\xb1\xe5\x8e\xbb\
\xe6\xb7\xa1\xe5\x85\xa5\xe6\xb7\xa1\xe5\x87\xba\xe5\x8a\xa8\xe7\
\x94\xbb\xe4\xb8\x8e\xe5\x90\xaf\xe5\x8a\xa8\xe6\x97\xb6\xe5\xa4\
\x9a\xe6\x9e\x84\xe9\x80\xa0\xe5\x87\xa0\xe4\xb8\xaa\xe9\xa1\xb5\
\xe9\x9d\xa2\xe5\xaf\xb9\xe8\xb1\xa1\xef\xbc\x8c\x0a   \
 // \xe4\xbd\x86\xe5\x88\x87\xe6\x8d\xa2\xe6\xb5\x81\
\xe7\x95\x85\xe6\x80\xa7\xe4\xbc\x98\xe5\x85\x88\xe7\xba\xa7\xe6\
\x9b\xb4\xe9\xab\x98\xef\xbc\x9bSettings\
Page \xe7\x9a\x84 Qt.font\
Families() \xe5\xb7\xb2\xe7\x94\
\xb1\x0a    // Compone\
nt.onCompleted \xe5\
\xbb\xb6\xe8\xbf\x9f\xe5\x88\xb0\xe9\xa6\x96\xe5\xb8\xa7\xe5\x90\
\x8e\xe5\xbc\x82\xe6\xad\xa5\xe6\x89\xa7\xe8\xa1\x8c\xef\xbc\x8c\
\xe4\xb8\x8d\xe9\x98\xbb\xe5\xa1\x9e\xe9\xa6\x96\xe5\xb1\x8f\xe3\
\x80\x82\x0a    // \xe9\x9d\x9e\xe9\xa6\x96\
\xe9\xa1\xb5\xe7\x94\xa8 Loader \xe5\x8c\
\x85\xe8\xa3\xb9\xe6\x8c\x89\xe9\x9c\x80\xe5\x8a\xa0\xe8\xbd\xbd\
\xef\xbc\x8c\xe5\x90\xaf\xe5\x8a\xa8\xe4\xbb\x85\xe6\x9e\x84\xe9\
\x80\xa0 HomePage\xe3\x80\x82\x0a \
   readonly prop\
erty var _pageIn\
dex: ({\x0a        \
\x22home\x22: 0,\x0a     \
   \x22monitor\x22: 1,\
\x0a        \x22result\
s\x22: 2,\x0a        \x22\
stats\x22: 3,\x0a     \
   \x22settings\x22: 4\
,\x0a        \x22about\
\x22: 5\x0a    })\x0a\x0a   \
 StackLayout {\x0a \
       id: stack\
\x0a        anchors\
.fill: parent\x0a  \
      anchors.ma\
rgins: 24\x0a      \
  currentIndex: \
contentArea._pag\
eIndex[contentAr\
ea.activePage] ?\
? 0\x0a\x0a        // \
\xe9\xa6\x96\xe6\xac\xa1\xe5\x88\x87\xe6\x8d\xa2\xe5\x88\xb0\xe9\
\x9d\x9e\xe9\xa6\x96\xe9\xa1\xb5\xe6\x97\xb6\xe5\x91\xbd\xe4\xbb\
\xa4\xe5\xbc\x8f\xe6\xa0\x87\xe8\xae\xb0\xe4\xb8\xba\xe5\xb7\xb2\
\xe5\x8a\xa0\xe8\xbd\xbd\xef\xbc\x8c\xe4\xb9\x8b\xe5\x90\x8e\xe5\
\xb8\xb8\xe9\xa9\xbb\xe4\xb8\x8d\xe5\x8d\xb8\xe8\xbd\xbd\xe3\x80\
\x82\x0a        // \xe4\xb8\x8d\
\xe8\x83\xbd\xe7\x94\xa8 Loader.on\
Loaded \xe5\x86\x99\xe5\x9b\x9e _x\
xLoaded\xef\xbc\x9aactive\
 \xe7\xbb\x91\xe5\xae\x9a\xe8\xaf\xbb\xe5\x8f\x96 _x\
xLoaded\xef\xbc\x8c\x0a     \
   // onLoaded \xe5\
\x8f\x88\xe5\x86\x99\xe5\x9b\x9e _xxLoad\
ed \xe4\xbc\x9a\xe8\xa7\xa6\xe5\x8f\x91 bin\
ding loop\xef\xbc\x88acti\
ve \xe9\x87\x8d\xe6\x96\xb0\xe6\xb1\x82\xe5\x80\xbc\xe2\
\x86\x92\x0a        // on\
Loaded \xe5\x86\x8d\xe6\xac\xa1\xe8\xa7\xa6\
\xe5\x8f\x91\xef\xbc\x89\xe3\x80\x82\xe6\x94\xb9\xe4\xb8\xba\xe5\
\x9c\xa8 StackLayout.o\
nCurrentIndexCha\
nged \xe4\xb8\xad\x0a       \
 // \xe5\x91\xbd\xe4\xbb\xa4\xe5\xbc\x8f\xe8\xb5\x8b\
\xe5\x80\xbc\xef\xbc\x8cactive \xe7\xbb\x91\
\xe5\xae\x9a\xe5\x8f\xaa\xe8\xaf\xbb _xxLoa\
ded\xef\xbc\x8c\xe5\x86\x99\xe5\x85\xa5\xe8\xb7\xaf\xe5\
\xbe\x84\xe4\xb8\x8d\xe5\x86\x8d\xe5\x9b\x9e\xe5\x88\xb0 a\
ctive \xe7\xbb\x91\xe5\xae\x9a\xef\xbc\x8c\x0a\
        // \xe5\xbe\xaa\xe7\x8e\
\xaf\xe6\x96\xad\xe5\xbc\x80\xe3\x80\x82Loader\
.active \xe4\xb8\x80\xe6\x97\xa6\xe4\xb8\
\xba true \xe4\xb8\x8d\xe4\xbc\x9a\xe5\x86\x8d\
\xe5\x8f\x98 false\xef\xbc\x88_xxL\
oaded \xe5\x8d\x95\xe8\xb0\x83\x0a   \
     // \xe7\xbd\xae\xe4\xbd\x8d\xef\xbc\
\x89\xef\xbc\x8c\xe9\xa1\xb5\xe9\x9d\xa2\xe5\xb8\xb8\xe9\xa9\xbb\
\xe7\xac\xa6\xe5\x90\x88\xe3\x80\x8c\xe5\xa4\x8d\xe7\x94\xa8\xe6\
\x8e\xa7\xe4\xbb\xb6\xe3\x80\x8d\xe7\xba\xa6\xe6\x9d\x9f\xe3\x80\
\x82\x0a        onCurr\
entIndexChanged:\
 {\x0a            s\
witch (currentIn\
dex) {\x0a         \
       case 1: c\
ontentArea._moni\
torLoaded = true\
; break\x0a        \
        case 2: \
contentArea._res\
ultsLoaded = tru\
e; break\x0a       \
         case 3:\
 contentArea._st\
atsLoaded = true\
; break\x0a        \
        case 4: \
contentArea._set\
tingsLoaded = tr\
ue; break\x0a      \
          case 5\
: contentArea._a\
boutLoaded = tru\
e; break\x0a       \
     }\x0a        }\
\x0a\x0a        // Hom\
ePage\xef\xbc\x9a\xe5\x90\xaf\xe5\x8a\xa8\xe9\xa6\
\x96\xe5\xb1\x8f\xef\xbc\x8c\xe7\xab\x8b\xe5\x8d\xb3\xe5\x8a\xa0\
\xe8\xbd\xbd\x0a        Home\
Page {\x0a         \
   onViewResults\
Requested: conte\
ntArea.sidebarRe\
f.currentPage = \
\x22results\x22\x0a      \
      onViewStat\
sRequested: cont\
entArea.sidebarR\
ef.currentPage =\
 \x22stats\x22\x0a       \
 }\x0a\x0a        // F\
ileMonitorPage\xef\xbc\
\x9a\xe9\xa6\x96\xe6\xac\xa1\xe5\x88\x87\xe6\x8d\xa2\xe5\x88\xb0\
\xe6\x97\xb6\xe5\x8a\xa0\xe8\xbd\xbd\xef\xbc\x8c\xe4\xb9\x8b\xe5\
\x90\x8e\xe5\xb8\xb8\xe9\xa9\xbb\x0a       \
 Loader {\x0a      \
      active: co\
ntentArea._monit\
orLoaded\x0a       \
     Layout.fill\
Width: true\x0a    \
        Layout.f\
illHeight: true\x0a\
            sour\
ceComponent: Fil\
eMonitorPage {}\x0a\
        }\x0a\x0a     \
   // ResultsPag\
e\xef\xbc\x9a\xe9\xa6\x96\xe6\xac\xa1\xe5\x88\x87\xe6\x8d\xa2\
\xe5\x88\xb0\xe6\x97\xb6\xe5\x8a\xa0\xe8\xbd\xbd\xef\xbc\x8c\xe4\
\xb9\x8b\xe5\x90\x8e\xe5\xb8\xb8\xe9\xa9\xbb\x0a    \
    Loader {\x0a   \
         id: res\
ultsLoader\x0a     \
       active: c\
ontentArea._resu\
ltsLoaded\x0a      \
      Layout.fil\
lWidth: true\x0a   \
         Layout.\
fillHeight: true\
\x0a            sou\
rceComponent: Re\
sultsPage {}\x0a   \
     }\x0a        C\
onnections {\x0a   \
         target:\
 resultsLoader.i\
tem\x0a            \
function onBackR\
equested() { con\
tentArea.sidebar\
Ref.currentPage \
= \x22home\x22 }\x0a     \
   }\x0a\x0a        //\
 StatsPage\xef\xbc\x9a\xe9\xa6\x96\
\xe6\xac\xa1\xe5\x88\x87\xe6\x8d\xa2\xe5\x88\xb0\xe6\x97\xb6\xe5\
\x8a\xa0\xe8\xbd\xbd\xef\xbc\x8c\xe4\xb9\x8b\xe5\x90\x8e\xe5\xb8\
\xb8\xe9\xa9\xbb\x0a        Loa\
der {\x0a          \
  id: statsLoade\
r\x0a            ac\
tive: contentAre\
a._statsLoaded\x0a \
           Layou\
t.fillWidth: tru\
e\x0a            La\
yout.fillHeight:\
 true\x0a          \
  sourceComponen\
t: StatsPage {}\x0a\
        }\x0a      \
  Connections {\x0a\
            targ\
et: statsLoader.\
item\x0a           \
 function onBack\
Requested() { co\
ntentArea.sideba\
rRef.currentPage\
 = \x22home\x22 }\x0a    \
    }\x0a\x0a        /\
/ SettingsPage\xef\xbc\
\x9a\xe9\xa6\x96\xe6\xac\xa1\xe5\x88\x87\xe6\x8d\xa2\xe5\x88\xb0\
\xe6\x97\xb6\xe5\x8a\xa0\xe8\xbd\xbd\xef\xbc\x8c\xe4\xb9\x8b\xe5\
\x90\x8e\xe5\xb8\xb8\xe9\xa9\xbb\x0a       \
 Loader {\x0a      \
      active: co\
ntentArea._setti\
ngsLoaded\x0a      \
      Layout.fil\
lWidth: true\x0a   \
         Layout.\
fillHeight: true\
\x0a            sou\
rceComponent: Se\
ttingsPage {}\x0a  \
      }\x0a\x0a       \
 // AboutPage\xef\xbc\x9a\
\xe9\xa6\x96\xe6\xac\xa1\xe5\x88\x87\xe6\x8d\xa2\xe5\x88\xb0\xe6\
\x97\xb6\xe5\x8a\xa0\xe8\xbd\xbd\xef\xbc\x8c\xe4\xb9\x8b\xe5\x90\
\x8e\xe5\xb8\xb8\xe9\xa9\xbb\x0a        \
Loader {\x0a       \
     active: con\
tentArea._aboutL\
oaded\x0a          \
  Layout.fillWid\
th: true\x0a       \
     Layout.fill\
Height: true\x0a   \
         sourceC\
omponent: AboutP\
age {}\x0a        }\
\x0a    }\x0a}\x0a\
\x00\x00\x09\x8c\
\x00\
\x00\x1f\xd9x\x9c\xedY_S\x1bG\x12\x7f\xe7S\x8c\
yH\xe5*\x15\x09\x1c\xe3J\xe9\xcau\x05\xc4\x8e]\
\xe5$`\xa8\xf8\xd1\xb5H\x83\xb4\xc5jw\xb3\x7fl\
HB\x95\x88\x8d\x91\x0c\xb2\xec\x83 \x8c\x15\x1b;\x0e\
\xd6\xe1\x93\xfc7\x80\x91\x0c\x1f\xc6\x9aY\xe9)_\xe1\
zvvW+im \x15\xaa.\x95\xec\x93\xa6\xa7\
\xa7\xa7\xa7\xbb\xa7\x7f\xdd#1\xa9*\x9a\x81\x86\x8da\
S\x8cN\xa0\xe3\xa1\xde\xbe.\xb1\x85\x16\x1aTdC\
S$=p\xf2\xbc0\xa5\x98\x86\x8ez}s\xe3\xa6\
\x1e\x15\xe4\x90\x91\xc0I\x0c\x13=m\xf4(\x97'a\
M\xb7g\xbb\xfaUU\x12\xa3\x82!*\xf2EQ\x8e\
)W\xd0w]\x08>1\x16A\x9a\xa2\x18\xf6\xe0\xb2\
\xa8\x8bc\x12\x8e C3\xb1M\xb9\x22\xc6\x8cD\x04\
\xf5\xf6|\xdac\x8f\x13X\x8c'\x8c\x08:\xe9\x8c\x93\
\xa2,&\xcd\xe4E\xce\xf6i+\xf5\xac\xc3\xdcw\x92\
\x93\x0d\xd1`\xc2\xbb\xb9\x8e\xdd]61\x1cF\xd6\xf3\
\x0a\xb97O\x16\x96\xeb\xe5\xbdF\xbe\x8c\x98\xf2x\xd2\
@\xaa\xa6\xa8X3\xa6~\xab.\xd0\xcdt\xe3\xce#\
\xa4cc\x90O\x0e9s\x88<\xad\xd6\xe7^Y\xab\
\xd7\xd0\xe8\x94\x8aOk\x9a\xa2\xd9r\xdd\xc5h\x94\x99\
h\xd0\xb3\x07\xb2M\x16\xe1\xe4V\xce\x8b\x8a6\xa1\xab\
B\xd4\xc7\xcdd\xa2+\x9d\xf4H\x10\xb3w 2[\
$\xcfS\xa4\x94\xaf\xbdY\xb4*\xb7Iy\x95\xa4\x9f\
\xb5+\xf2[u\xd5\xe5\x1f\xfe\xdc\x14}\x0e\x0a\xc11\
\xcf\x00\xdf\x87\xff@\xb5\xcal\xbd\xbck\xbd)7*\
+\xf5\xf2#\x92\xaa\x821j\xdb\xd9Zu\xb5\xb6]\
!7\x8a$\xbdE\x97\x9f\x91\xad\x17\xa4\xb4B\x0aE\
f\x87\xe1/\xce#z\xf3q\xad\xb2\xf96\xf5\x83\xa7\
R\xa1\x88:c\x80\xae\xec\x92j\x8e\xab\x88\xc6aK\
D\x9e\xdf\xa3\xa9\xc7\xb0\x89m\xa6\xc1\x84 \xc7q\x0c\
\xd5\x1f\xaf\x93\xdcm\x9a\xdf\xb46\xf2$\xf7\xb3s\xb2\
'\xf3$\xfb\x92\xde}\x05\x0a\xc0\x02w'\x9aI\xd1\
B\x86\x166\xb8p\xae>\x17\x0e\xda\x91\xd2-\xae[\
#\xb5Z\xdf\x9b\x83\x18G\x5cZ\xad\xbaF\xff]\xa2\
\x85\x1d\x92\xde\xb4*\x8fif\x8f\x9d\xcb\x9er\x8f\xc1\
d\x84\xc6\x85\xa4(ME\xb8\x1bC\x8ct\xc6\xa64\
9Tq\x12K#\xe2\xb7\xd8\xcf\xc4\xc6\x03J\xcc\xc7\
6\xa6H1?\xc7\x00\x8c=\x0f\xd2\xf9u\x9a\xdep\
N;\xfb\xb2\x91/\xc1\x09\xc9l\x1a\xced=\xdai\
\xa4Rdn\xa7\xb6\xf7\x13\x18\xbd\xbew\x97\xec\xac\xa3\
!E5U\xc6s=K\xaa?\xd0\xd2/\xdcdp\
\xbe\xd07\xa6\x08\xaet%7f\xf6\xc8l\x16E%\
,\xc8\xa6\x8a\x1a+\x15\xf2\xe0\x1e\xf8\xd2\xda\xd9\xb3\x8a\
\xf3\xcc\xc4KE\x9a\xde\xb2\x0a\xf3\x103oS\x0b4\
\xbfF\x16\xb3dg\xe9m*Kf\xe6\xea\xcf\x1f\xd8\
\x92\x14yPRtQ\x8eG\x9c\x8b\xcc\xbe(\x90p\
H\x88F\xb1j\x80\xd7N\xa1qA\xd21\xdfv\xa5\
BK\x0f\x9d(\xb2\x0f\xe4\xad\xc2\x93\xa2a\xab\x1f\x82\
{ ;\x9a\xba\x13\xa3b\x12k!\xdd\x104\x16\x8e\
LR_ORG\xe4\xd6\xcd\xfa\xb3\xab\xa0j\xf3\x80\
p\xf8z\xf9?\xdc\x10\x88\x99j\xfb\x05\xbd\xbfh\x0b\
\x9b\xf6\xec\xfan\xcb\xa5\x93JL\x90xt\x93\xdcS\
\x9a\x99g\xd1\xed\x98>c\xaf\xe7\xa2\x9b\xc7e\xb9\xcb\
S\xde\xa3\xdar|)\xcc3\xcc\x90\x02\xd1\x0f\x91\xc3\
\xcf\xfa\xa5\xd2o\x1a\x0a3b\x93M\x90\xa3\x09E\xd3\
CQ\x0c9F;'G\x90*h\xf0\xdbcp\xd2\
\xe1'NB\xb3\xb3\x87\x10\x8b\xd9n8~\xa2\xcb#\
\x8e\x09\xd1\x89\xb8\xa6\x982hx\x01G\x0d\xb8E\x12\
\xf6in\xeb\xa4H\x8a\xe6\x06\xa0\xa8\x7f&h\x13\xe8\
_\xce\xd0\x9e\x1b\x88\x0f\x0aZ\x0cE:i-r\xc6\
\x14-\x06.\xda_\x9c\xcdg\xd3#\x9d\xf4 \x91n\
\xf2o\x99\xd3\x84\x98h\xea\xae\x04>:\x1f\xf7X\xa6\
\x9bF\x18T$3)s\xf0j;\xbbk\xe8qQ\
\x92:\x8c\xcc>\x96Ym\xab\xf6\x9e\xecj\x998/\
\x8ca\xa9M\x1a\xa7\xb3ml\x81\x0e\x18\xb5\x04\x80\xfb\
1\xe8\x00\x04\xa2\xa5\x9f!!\xf20\xe4!i\xdd\xd8\
\xa4\xa9\x19\x16\xc3O\xb7\xacb\x96\xa4\xee\x84B\xa1\xee\
\x8e\xf5\xed\x09\xa6\xf7D0\x8b\x93\x5c\x82T\xd8\xd7Q\
\xa36\xbc\x89IA\x9bj\xf5\x94o\xa2C*\x98S\
\xfc\x16v\x16\xa4~I\x8c\xcbI0(`\x1c,\x08\
\xd9\xe3\xb3\x83vH\xb7,\x9bn\xb5, j\x5c\xc3\
\xba> h\xbf\xdf\xbe\x00+\x18\xf6\x81\x02@0p\
\x00\xcf\xf4\xd1y\x93n\xcfZ\xb7\xae\xd3\xcc\x13\x9a\xcb\
\xf1dZ\xdb\xbeiU\x17Y\xa6\xf9\xf5\x1a\xdd\xb9u\
\x00o\xf6\xfe>o\x8d`(Yb\x81\xfe\xf2\xa6\xfe\
\x18\x8f\xb5\xfej\xe6U\x92[\x86\x12\x89\x1f\xfe\xd0y\
\x95\x95`n\x95B\xde,\x92L\x96\xbeb\xb5\x05\x1a\
\x812\xcdW9\xb1\xe2\x02(Q,Ip7\xbdR\
\xc1+c\xf8\x1c[\x84\x00\xf5\xd1(\xb8\x0c\x01\xa0\xd5\
\xe76\x980\x06.\xa0\xc6%\x881l\x5cb\x15\xe0\
%S\xb4\x19\xcf\xd8(\xd5\xe4\xb4\xb3\xb5\xafv\xa1/\
\x8b\xf4Z\x0e6\x12\xa2\x86x\x19\xb7iU\xdbN\x91\
\xddy\xa7\x9c\x08\xa8\xcaBA\xabB\x93\x93\x93\x1e&\
-\xf2:\x85\xd5\x9e\xdcN\x9e5h\xe1\xbf\xa4\xf0\xcc\
W\x88\xa6\x87\xa6F\xc4\x18>\x8e\xfa\xa0\x16w\x0aW\
z\xb3H\x97KH6%\x09pq\x01\x22\x0d\x045\
\x1e\xae\x80y\xddC\x04!\x17\xb7\xd6\xff\x0dv\xb94\
\xaf\x07\x08\xa8z\x83M\xd9\x0c\x89\xbf\x01\xf0\xcf\x05\x80\
\xfe\xac\xf17\xf4\xfdy\xa1\xcf*e\xc8\xee\xac\x1f\xfa\
xQC^orT\xfc\x0b\x00`e\xb3\xbew\xbf\
\xbd\xe9rz\x12\xafIh\xf6%\xbc\x91\xb3W\xdb-\
N@[a\xd3\x9bT\xa6\xcce\x96\x9d\xfb\x9a\x09T\
\xc3*\x16@k\xbb\xcf\xf2\xa8\x8a<\xaa\x89\xf18\xd6\
0Hjm\x00\x9b\x0a\x9f\xf2>\xe7\xb9\x00\xb2\x80\x84\
\x0d\x03\x03\xce\xb55\xcf\x8d\x87\x85z\xe6\x05\xa0/\xef\
\x9c\x01\x85\x06\x138:1\xa0L\x86X\x18\x84?\x87\
D\xab\xda#\xf6\xc0\x12vw\x18\xb9\x22\x1a\xd1\x04g\
\x19QE\x198\xc2\xe7\x0c\x9c\xfc\x0cK8\x0e1\x8a\
 l\x00\xa3\x1c\xe4tvG\xbc\xf7\x86\x86\x14\x10\x0c\
v\x05\x0b\xf2\x8e\x95\xae\xe6aH\x8b\x0f@\xad\xda\xf6\
|\x03 \xb2\x94\x87.\x15\xe0\x12b\xccw\x1c\xfe\xa6\
\xc2\xa5A\x06e\xef\x0cm\x19\xbc_U\x03\x98F\xed\
\x88~\xcf\x9dw\xd9\xc7\x04\x1d\xef#Q\x90\xc0Y\xec\
\x1e\x0et\xf2z\xf8\xe12\x1b\x07\xde\xd84\x0c\xf0\xed\
\xe1\xd8\xf7\xdb=!\xc6\x13\x12\x7f'\xf31\x06\xc9\xf3\
8q,P\x87\xaf\xe4\xa0UI1\xf6.\xb4sY\
\xe0vN\x04\xf0\xb0\xab\xde\xc2\xd7\xa9\xe6@\xfc\xacr\
\xd9\xf7\xf0\xe5\x0b\xea\xfa\xd5\x05z\xe7)\x84Lc5\
\xc7\xa3\x89\xa4\xe7h\xf6a{\xa4\xecW)\x1c\xa0J\
\x00\xef\xb7\x17\x09n@\xb0o\x00'\x84\xcb\xa2\xa2\xc1\
\xbd\xe4\xd2\xd0w\x0c\x9a\x15\xad_\x06s\xb1\xd70 \
\xc4L\xcd\xfe\x09\xb5PO\x0f\x9a\xee\xc8/\xbe\x93\xb1\
\x87\xb7\xed\xabpc\xe1\xa6\xd6v\x1f\xd7w_\xd3\xb5\
\x1c\xfa\x08\x91\xeb\xb3\xa4\xfc\xba\xfd|\x17\x94+\x1d\x15\
\xc0{\xd1\xdfC\xfe\x9e&`\x80\x02\x1f{\x1f\x22[\
\xeb\xb0os\xeb\xe6\x94\xb7\x80\x15\xa9c\x1dh\xc6B\
A\xe73mXdc\x8e\xaa\xe1q\xacA\xd6r\x80\
\xc7ae6\x95\x04U\xc710|\x0f\xb2-\x14\xb4\
\x9c\x9d\xc6}\xf2\xed\xc0,V\xc6\xdfX!\xb9\xb50\
y\xfe#\xa9\xa6H\xf9\x0d4)P\xed[K\x15H\
h\x81\x1a\x80\xa5w\x1aw\xaeA\xca\xf3^%\xdbe\
z\xbee\xef\x9b\xc3\x06/\xcb\xe9\xd2S\xba0\xe3_\
\xe9\xee\x93iY\xef\x0f\x8c`\x05:\xe1\xf9K39\
\x86\xdf\x1d9\xffDX`\xafr!cJ\x85\xc4s\
\x9a\x0f\xbe2\x8daS\x88\xf9\xe0\x8b\x07W\xf3\xd7\xbb\
<\x9d{\xc9<\x0d\x01\xc7c+\xc0\xd3\xf6{\xb8l\
\xf4kXhS\xf7\x00\x95\xc4A<\xe7D\xc1\x05<\
\xde\x19<\xef\xb9%\xce\x1b\xf8\xde\x13\x9a\xddj,\x95\
\xdb\xaf\x050\xd7*\xb3\xacm\xcf\xaf\x01\xa8\xd0\xd4\x0c\
\xa9\xbe\xb66\xf2\xf6\x03\xe8}\xfac\xda\x03\x1e\xe8\xe2\
\x9d\xa9\xc5l\xedM\x81\x5c\x7fam\xcc\xf0\xbc\xe4>\
\xdc\x8f)\x8a\x84.\x09\xf2\xd4\x17\xac\x7f\xfa\xda\xed`\
\x9a\x0f\x9bNS\x83\xbe\xff\xde\xdfv\xb9dO\xfdA\
C\x93>\xea\xfd\xf8$\x5cl\x9e\xac\x1a\x0f~m\xfc\
\xf4\x10\xe2\x93.\xcfA0\xf1\x0a+\xcc\x07\xd6\xdd\xdb\
\x80\xc7a\xa7\xea\xaa,\xd2{\x85\xb0U\xb9_/?\
\x08s\xd8\x0eC\x97]\xdb\xb9\xe9F\xdd\x08\x5cy#\
\xda\x92\x07t\xfc\x8d\x89A\x1d(\xe4\xf8\xd6\xcd\x0a\x0d\
\xcb\x02h\x06\xf7\xf5\x18\xfbw&\xd4~8_\xad\xd1\
\xcfz2\x80\xba\x98\xef\xc2\x9a\x1aK)CB\x1c\xa3\
S\xa8;\xa1$qwW\xd3_\x07\xd0\xe4\xf8\xd1h\
\x92Td\xd1P\xb4C*\xf3\xc9\xd1(\x03\x15\xbf)\
\x19\xfa!\x959q4\xca\xe8\x86phU\xfa\x8eH\
\x15\x00{\xc8Z\x87\xd5\xe6\xe4\xd1h#\x8cA\x86r\
Ui\xb9\xa8\x03\xacR\xf6c\x8a\x87\x88\x07Uy\xe0\
\x8fR\xd9\x03\xc8S\xe8X\x071H\xf7\x0b\xa0{c\
.\x0b\xc9\x83?\xb8\x91\xad_Xn[\xd8a\xb9&\
\xbf\xd6Hej\xdb%\x8f\xc8\x92\xe2\xfa\x8c\xb5T<\
D.\xb9p\xe0\xb3\xa1\x0f>\x08|\xecq\x1c\xe1=\
\xa9\x9d\x8b\xa1c\x90\xd8\xbb\xbb\x83\x8d\x11$\xc2\xfe\xdf\
\x88=\x17}x\xb0\x0d\xda\x9b\xa4\xd3z\x14\x0cU\xdf\
[\x22w\xef5\xd6\x97!\x1d\x1f\xe0\xf8\xb0HP\xf1\
\xd1\xa7\xd2\xe9\xae\xff\x01mF\x90\xdb\
\x00\x00\x0d\xfa\
i\
mport QtQuick 2.\
15\x0aimport QtQuic\
k.Window 2.15\x0aim\
port fuscan.cont\
rollers 1.0\x0a\x0a// \
\xe5\x90\xaf\xe5\x8a\xa8\xe7\x94\xbb\xe9\x9d\xa2\xef\xbc\x9a\xe6\
\x97\xa0\xe8\xbe\xb9\xe6\xa1\x86\xe3\x80\x81\xe5\xb1\x85\xe4\xb8\
\xad\xe3\x80\x81\xe5\x9c\x86\xe8\xa7\x92\xe8\x83\x8c\xe6\x99\xaf\
\xef\xbc\x8c\xe6\x98\xbe\xe7\xa4\xba logo +\
 \xe5\xba\x94\xe7\x94\xa8\xe5\x90\x8d + \xe9\x98\xb6\
\xe6\xae\xb5\xe6\x96\x87\xe6\x9c\xac + \xe8\xbf\x9b\xe5\
\xba\xa6\xe6\x9d\xa1\x0a// \xe7\x94\xb1 app\
.py \xe5\x9c\xa8 QGuiAppl\
ication \xe6\x9e\x84\xe9\x80\xa0\xe5\x90\
\x8e\xe7\xab\x8b\xe5\x8d\xb3\xe5\x8a\xa0\xe8\xbd\xbd\xef\xbc\x8c\
\xe4\xb8\xbb\xe7\xaa\x97\xe5\x8f\xa3 QML \xe5\x8a\
\xa0\xe8\xbd\xbd\xe5\xae\x8c\xe6\x88\x90\xe5\x90\x8e\xe5\x85\xb3\
\xe9\x97\xad\xe3\x80\x82\x0a// \xe4\xbb\x85\xe4\xbe\x9d\
\xe8\xb5\x96 QtQuick + Qt\
Quick.Window\xef\xbc\x8c\xe4\
\xb8\x8d\xe5\xbc\x95\xe5\x85\xa5 QtQuick\
.Controls/Layout\
s\xef\xbc\x8c\x0a// \xe9\x81\xbf\xe5\x85\x8d S\
plash \xe5\x8a\xa0\xe8\xbd\xbd\xe9\x98\xb6\xe6\
\xae\xb5\xe8\xa7\xa6\xe5\x8f\x91\xe9\x87\x8d\xe5\x9e\x8b C\
ontrols plugin \xe5\
\x88\x9d\xe5\xa7\x8b\xe5\x8c\x96\xe6\x8b\x96\xe6\x85\xa2\xe9\xa6\
\x96\xe5\xb1\x8f\xe5\x8f\x8d\xe9\xa6\x88\xe3\x80\x82\x0a//\
 \xe8\x89\xb2\xe5\x80\xbc\xe5\x86\x85\xe8\x81\x94\xef\xbc\x88\
\xe4\xb8\x8d\xe4\xbe\x9d\xe8\xb5\x96 ThemeC\
ontroller\xef\xbc\x89\xef\xbc\x8c\xe4\
\xb8\x8e\xe6\xb5\x85\xe8\x89\xb2\xe6\xa8\xa1\xe5\xbc\x8f\xe4\xb8\
\xbb\xe7\xaa\x97\xe5\x8f\xa3\xe8\xa7\x86\xe8\xa7\x89\xe4\xb8\x80\
\xe8\x87\xb4\xe3\x80\x82\x0aWindow {\x0a\
    id: splashRo\
ot\x0a    visible: \
true\x0a    width: \
480\x0a    height: \
280\x0a    flags: Q\
t.SplashScreen |\
 Qt.FramelessWin\
dowHint\x0a    colo\
r: \x22transparent\x22\
  // \xe8\xae\xa9\xe8\x83\x8c\xe6\x99\xaf R\
ectangle \xe5\x9c\x86\xe8\xa7\x92\xe7\
\x94\x9f\xe6\x95\x88\x0a\x0a    // \xe5\xb1\
\x85\xe4\xb8\xad\xe6\x98\xbe\xe7\xa4\xba\xe5\x88\xb0\xe4\xb8\xbb\
\xe5\xb1\x8f\x0a    x: (Scre\
en.width - width\
) / 2\x0a    y: (Sc\
reen.height - he\
ight) / 2\x0a\x0a    /\
/ \xe7\xb1\xbb\xe5\x9e\x8b\xe5\x8c\x96\xe8\xae\xbf\xe9\x97\
\xae context proper\
ty\xef\xbc\x8c\xe6\xb6\x88\xe9\x99\xa4 setC\
ontextProperty \xe5\
\xaf\xbc\xe8\x87\xb4\xe7\x9a\x84 TypeErr\
or\x0a    property \
SplashController\
Type splashContr\
oller: SplashCon\
troller\x0a\x0a    // \
\xe5\x9c\x86\xe8\xa7\x92\xe8\x83\x8c\xe6\x99\xaf\x0a   \
 Rectangle {\x0a   \
     id: bg\x0a    \
    anchors.fill\
: parent\x0a       \
 color: \x22#F5F6F8\
\x22\x0a        radius\
: 12\x0a        bor\
der.color: \x22#D1D\
DE2\x22\x0a        bor\
der.width: 1\x0a   \
 }\x0a\x0a    // Logo\xef\
\xbc\x9a\xe5\xb1\x85\xe4\xb8\xad\xe7\x95\xa5\xe5\x81\x8f\xe4\xb8\
\x8a\x0a    Image {\x0a  \
      id: logo\x0a \
       source: \x22\
qrc:/icons/favic\
on.svg\x22\x0a        \
sourceSize: Qt.s\
ize(72, 72)\x0a    \
    width: 72\x0a  \
      height: 72\
\x0a        fillMod\
e: Image.Preserv\
eAspectFit\x0a     \
   anchors.horiz\
ontalCenter: par\
ent.horizontalCe\
nter\x0a        anc\
hors.top: parent\
.top\x0a        anc\
hors.topMargin: \
56\x0a    }\x0a\x0a    //\
 \xe5\xba\x94\xe7\x94\xa8\xe5\x90\x8d\x0a    T\
ext {\x0a        id\
: appName\x0a      \
  text: \x22fuscan\x22\
\x0a        font.pi\
xelSize: 24\x0a    \
    font.bold: t\
rue\x0a        colo\
r: \x22#24292E\x22\x0a   \
     anchors.hor\
izontalCenter: p\
arent.horizontal\
Center\x0a        a\
nchors.top: logo\
.bottom\x0a        \
anchors.topMargi\
n: 12\x0a    }\x0a\x0a   \
 // \xe9\x98\xb6\xe6\xae\xb5\xe6\x96\x87\xe6\x9c\xac\
\xef\xbc\x88\xe7\xbb\x91\xe5\xae\x9a Splash\
Controller.stage\
\xef\xbc\x89\x0a    Text {\x0a \
       id: stage\
Text\x0a        tex\
t: splashControl\
ler.stage\x0a      \
  font.pixelSize\
: 13\x0a        col\
or: \x22#586069\x22\x0a  \
      anchors.ho\
rizontalCenter: \
parent.horizonta\
lCenter\x0a        \
anchors.top: app\
Name.bottom\x0a    \
    anchors.topM\
argin: 8\x0a       \
 // \xe6\x96\x87\xe6\x9c\xac\xe5\x8f\x98\xe5\x8c\x96\
\xe6\x97\xb6\xe6\xb7\xa1\xe5\x85\xa5\xef\xbc\x9a\xe5\xaf\xb9 \
opacity \xe5\xba\x94\xe7\x94\xa8 N\
umberAnimation\xef\xbc\
\x8c\x0a        // onT\
extChanged \xe8\xa7\xa6\xe5\x8f\
\x91 0\xe2\x86\x921 \xe8\xbf\x87\xe6\xb8\xa1\xef\xbc\
\x88Behavior on tex\
t \xe5\xaf\xb9\xe5\xad\x97\xe7\xac\xa6\xe4\xb8\xb2\xe5\xb1\
\x9e\xe6\x80\xa7\xe6\x97\xa0\xe6\xb3\x95\xe5\xae\x9e\xe7\x8e\xb0\
\xe6\xb7\xa1\xe5\x85\xa5\xef\xbc\x89\x0a      \
  Behavior on op\
acity {\x0a        \
    NumberAnimat\
ion { duration: \
150 }\x0a        }\x0a\
        onTextCh\
anged: {\x0a       \
     opacity = 0\
\x0a            opa\
city = 1\x0a       \
 }\x0a    }\x0a\x0a    //\
 \xe7\xa1\xae\xe5\xae\x9a\xe6\x80\xa7\xe8\xbf\x9b\xe5\xba\xa6\
\xe6\x9d\xa1\xef\xbc\x9a\xe5\xae\xbd\xe5\xba\xa6\xe6\x8c\x89 \
splashController\
.progress \xe6\xaf\x94\xe4\xbe\x8b\
\xe5\xa1\xab\xe5\x85\x85\xef\xbc\x8c\xe5\x8d\x95\xe8\xb0\x83\xe9\
\x80\x92\xe5\xa2\x9e\xe4\xb8\x8d\xe5\x9b\x9e\xe9\x80\x80\x0a \
   Rectangle {\x0a \
       id: progr\
essTrack\x0a       \
 width: parent.w\
idth - 64\x0a      \
  height: 6\x0a    \
    color: \x22#E1E\
4E8\x22\x0a        rad\
ius: 3\x0a        a\
nchors.horizonta\
lCenter: parent.\
horizontalCenter\
\x0a        anchors\
.top: stageText.\
bottom\x0a        a\
nchors.topMargin\
: 16\x0a\x0a        Re\
ctangle {\x0a      \
      // \xe5\xae\xbd\xe5\xba\xa6\xe7\
\xbb\x91\xe5\xae\x9a progress\xef\xbc\
\x880.0-1.0\xef\xbc\x89\xe3\x80\x82\xe8\xbf\
\x9b\xe5\xba\xa6\xe5\x80\xbc\xe7\x94\xb1 Splas\
hController \xe4\xbf\x9d\xe8\
\xaf\x81\xe5\x8d\x95\xe8\xb0\x83\x0a       \
     // \xe9\x80\x92\xe5\xa2\x9e\xef\xbc\
\x9b\xe5\xae\xbd\xe5\xba\xa6\xe4\xb8\x8d\xe6\x96\xbd\xe5\x8a\xa0\
 Behavior \xe5\x8a\xa8\xe7\x94\xbb\
\xe2\x80\x94\xe2\x80\x94\xe5\x90\xaf\xe5\x8a\xa8\xe6\x9c\x9f\xe7\
\xaa\x97\xe5\x8f\xa3\xe5\xb8\x83\xe5\xb1\x80/DPI \
\xe6\x8a\x96\xe5\x8a\xa8\xe4\xbc\x9a\xe4\xbd\xbf\x0a   \
         // trac\
k \xe5\xae\xbd\xe5\xba\xa6\xe7\x9e\xac\xe6\x97\xb6\xe5\x8f\
\x98\xe5\x8c\x96\xef\xbc\x8c250ms \xe7\xbc\x93\
\xe5\x8a\xa8\xe4\xbc\x9a\xe6\x8a\x8a\xe8\xbf\x99\xe7\xa7\x8d\xe6\
\x8a\x96\xe5\x8a\xa8\xe6\x94\xbe\xe5\xa4\xa7\xe4\xb8\xba\xe5\x8f\
\xaf\xe8\xa7\x81\xe7\x9a\x84\xe8\xbf\x9b\xe5\xba\xa6\xe5\x9b\x9e\
\xe9\x80\x80\xe3\x80\x82\x0a         \
   width: Math.m\
ax(0, progressTr\
ack.width * spla\
shController.pro\
gress)\x0a         \
   height: progr\
essTrack.height\x0a\
            colo\
r: \x22#0366D6\x22\x0a   \
         radius:\
 3\x0a        }\x0a   \
 }\x0a\x0a    // \xe5\xba\x95\xe9\x83\
\xa8\xe6\x8f\x90\xe7\xa4\xba\x0a    Text\
 {\x0a        text:\
 \x22\xe6\xad\xa3\xe5\x9c\xa8\xe5\x87\x86\xe5\xa4\x87\xe6\x89\
\xab\xe6\x8f\x8f\xe7\x8e\xaf\xe5\xa2\x83\x22\x0a    \
    font.pixelSi\
ze: 11\x0a        c\
olor: \x22#8B949E\x22\x0a\
        anchors.\
horizontalCenter\
: parent.horizon\
talCenter\x0a      \
  anchors.bottom\
: parent.bottom\x0a\
        anchors.\
bottomMargin: 24\
\x0a    }\x0a}\x0a\
\x00\x00\x034\
i\
mport QtQuick 2.\
15\x0aimport \x22compo\
nents\x22\x0aimport fu\
scan.theme 1.0\x0aR\
ectangle {\x0a    w\
idth: 420; heigh\
t: 260\x0a    color\
: Theme.isDark ?\
 Theme.colorBgCa\
rd : \x22#ffffff\x22\x0a \
   Column {\x0a    \
    anchors.fill\
: parent; anchor\
s.margins: 24; s\
pacing: 0\x0a      \
  PhaseNode { wi\
dth: 372; nodeSt\
ate: \x22done\x22; acc\
entColor: Theme.\
colorPrimary;\x0a  \
          title:\
 \x22\xe6\x94\xb6\xe9\x9b\x86\xe6\x96\x87\xe4\xbb\xb6\x22;\
 detail: \x221000 /\
 1000 \xc2\xb7 \xe7\x94\xa8\xe6\x97\xb6 \
860ms\x22; showTopL\
ine: false }\x0a   \
     PhaseNode {\
 width: 372; nod\
eState: \x22running\
\x22; accentColor: \
Theme.colorWarni\
ng;\x0a            \
title: \x22\xe7\xad\x9b\xe9\x80\x89\xe6\x96\
\x87\xe4\xbb\xb6\x22; detail: \x22\
\xe5\x89\x94\xe9\x99\xa4 600\xef\xbc\x88\xe7\xa9\xba\
 500 \xc2\xb7 \xe8\xb6\x85\xe9\x99\x90 1\
00 \xc2\xb7 \xe4\xb8\x8d\xe5\x8f\xaf\xe8\xaf\xbb \
0 \xc2\xb7 \xe9\x93\xbe\xe6\x8e\xa5 0\xef\xbc\x89\
\x22;\x0a            p\
rogressIndetermi\
nate: true }\x0a   \
     PhaseNode {\
 width: 372; nod\
eState: \x22pending\
\x22; accentColor: \
Theme.colorWarni\
ng;\x0a            \
title: \x22\xe8\xa7\xa3\xe6\x9e\x90\xe6\x96\
\x87\xe4\xbb\xb6\x22; detail: \x22\
\x22; showBottomLin\
e: false }\x0a    }\
\x0a}\x0a\
\x00\x00\x10\xaa\
i\
mport QtQuick 2.\
15\x0aimport QtQuic\
k.Controls 2.15\x0a\
import QtQuick.L\
ayouts 1.15\x0aimpo\
rt fuscan.theme \
1.0\x0a\x0a// \xe6\xb0\xb4\xe5\xb9\xb3\xe6\x9d\
\xa1\xe5\xbd\xa2\xe5\x9b\xbe\xe7\xbb\x84\xe4\xbb\xb6\xef\xbc\x9a\
\xe6\xa0\x87\xe7\xad\xbe + \xe8\xbf\x9b\xe5\xba\xa6\xe6\
\x9d\xa1 + \xe6\x95\xb0\xe5\x80\xbc\x0a//\x0a/\
/ \xe8\xbe\x93\xe5\x85\xa5\xef\xbc\x9a\x0a//  \
 chartData  \xe2\x80\x94\xe2\
\x80\x94 [{label: stri\
ng, value: int, \
color: string(he\
x)}, ...]\x0a//   l\
abelWidth \xe2\x80\x94\xe2\x80\x94\
 \xe6\xa0\x87\xe7\xad\xbe\xe5\x88\x97\xe5\x9b\xba\xe5\xae\x9a\
\xe5\xae\xbd\xe5\xba\xa6\xef\xbc\x88\xe9\xbb\x98\xe8\xae\xa4 \
140\xef\xbc\x8c\xe8\xb6\x85\xe5\x87\xba\xe7\x9c\x81\xe7\
\x95\xa5\xef\xbc\x89\x0a//\x0a// \xe8\xbe\x93\xe5\
\x87\xba\xef\xbc\x9a\x0a//   \xe6\xaf\x8f\xe8\xa1\
\x8c\xe4\xb8\x80\xe6\x9d\xa1\xe6\x95\xb0\xe6\x8d\xae\xef\xbc\x8c\
\xe6\x9d\xa1\xe5\xbd\xa2\xe5\xae\xbd\xe5\xba\xa6\xe6\x8c\x89 \
value/maxValue \xe6\
\xaf\x94\xe4\xbe\x8b\xe5\xa1\xab\xe5\x85\x85\x0a//  \
 chartData \xe4\xb8\xba\xe7\xa9\
\xba\xe6\x97\xb6\xe6\x98\xbe\xe7\xa4\xba\xe3\x80\x8c\xe6\x9a\x82\
\xe6\x97\xa0\xe6\x95\xb0\xe6\x8d\xae\xe3\x80\x8d\xe5\x8d\xa0\xe4\
\xbd\x8d\x0a//\x0a// \xe8\xae\xbe\xe8\xae\xa1\xe8\
\xa6\x81\xe7\x82\xb9\xef\xbc\x9a\x0a//   - \
\xe6\x9d\xa1\xe5\xbd\xa2\xe7\x94\xa8 Rectan\
gle + NumberAnim\
ation \xe5\xae\x9e\xe7\x8e\xb0\xe5\xae\xbd\xe5\
\xba\xa6\xe5\xb9\xb3\xe6\xbb\x91\xe8\xbf\x87\xe6\xb8\xa1\xef\xbc\
\x88\xe6\x95\xb0\xe6\x8d\xae\xe6\x9b\xb4\xe6\x96\xb0\xe6\x9c\x89\
\xe5\x8a\xa8\xe6\x95\x88\xef\xbc\x89\x0a//   -\
 \xe8\x83\x8c\xe6\x99\xaf\xe8\xbd\xa8\xe9\x81\x93\xe7\x94\xa8\
 colorBorder \xe6\xb5\x85\
\xe8\x89\xb2\xe5\xa1\xab\xe5\x85\x85\xef\xbc\x8c\xe4\xb8\x8e\xe6\
\x9d\xa1\xe5\xbd\xa2\xe4\xb8\xbb\xe8\x89\xb2\xe5\xbd\xa2\xe6\x88\
\x90\xe5\xaf\xb9\xe6\xaf\x94\x0a//   - \xe6\
\xa0\x87\xe7\xad\xbe ElideRight\
 \xe9\x81\xbf\xe5\x85\x8d\xe9\x95\xbf\xe8\xa7\x84\xe5\x88\x99\
\xe5\x90\x8d\xe6\x92\x91\xe7\x88\x86\xe5\xb8\x83\xe5\xb1\x80\x0a\
Item {\x0a    id: r\
oot\x0a\x0a    // \xe7\xb1\xbb\xe5\
\x9e\x8b\xe5\x8c\x96\xe8\xae\xbf\xe9\x97\xae Them\
e context proper\
ty\xef\xbc\x88\xe4\xb8\x8e IconBut\
ton.qml \xe7\xba\xa6\xe5\xae\x9a\xe4\xb8\
\x80\xe8\x87\xb4\xef\xbc\x89\x0a    prop\
erty ThemeContro\
ller theme: Them\
e\x0a\x0a    // \xe5\x9b\xbe\xe8\xa1\xa8\
\xe6\x95\xb0\xe6\x8d\xae\xef\xbc\x9a[{label\
, value, color},\
 ...]\x0a    proper\
ty var chartData\
: []\x0a    // \xe6\xa0\x87\xe7\
\xad\xbe\xe5\x88\x97\xe5\x9b\xba\xe5\xae\x9a\xe5\xae\xbd\xe5\xba\
\xa6\x0a    property i\
nt labelWidth: 1\
40\x0a    // \xe6\x95\xb0\xe5\x80\xbc\
\xe5\x90\x8e\xe7\xbc\x80\xef\xbc\x88\xe5\xa6\x82 \x22ms\
\x22\xef\xbc\x89\xef\xbc\x8c\xe9\xbb\x98\xe8\xae\xa4\xe7\xa9\xba\
\xe4\xb8\xb2\x0a    property\
 string valueSuf\
fix: \x22\x22\x0a    // \xe6\
\x95\xb0\xe5\x80\xbc\xe5\xb0\x8f\xe6\x95\xb0\xe4\xbd\x8d\xe6\x95\
\xb0\xef\xbc\x880=\xe6\x95\xb4\xe6\x95\xb0\xef\xbc\x8c1\
=\xe4\xbf\x9d\xe7\x95\x99 1 \xe4\xbd\x8d\xef\xbc\x89\
\xef\xbc\x8c\xe9\xbb\x98\xe8\xae\xa4 0\x0a    \
property int val\
ueDecimals: 0\x0a\x0a \
   // \xe6\x9c\x80\xe5\xa4\xa7\xe5\x80\xbc\xef\
\xbc\x88\xe5\x8f\xaa\xe8\xaf\xbb\xef\xbc\x8c\xe4\xbe\x9b\xe6\x9d\
\xa1\xe5\xbd\xa2\xe5\xae\xbd\xe5\xba\xa6\xe8\xae\xa1\xe7\xae\x97\
\xef\xbc\x9b\xe6\x94\xaf\xe6\x8c\x81\xe6\xb5\xae\xe7\x82\xb9 \
value\xef\xbc\x89\x0a    rea\
donly property r\
eal maxValue: {\x0a\
        var m = \
0\x0a        for (v\
ar i = 0; i < ch\
artData.length; \
i++) {\x0a         \
   if (chartData\
[i].value > m) m\
 = chartData[i].\
value\x0a        }\x0a\
        return m\
\x0a    }\x0a\x0a    // \xe8\
\xa1\x8c\xe9\xab\x98 + \xe9\x97\xb4\xe8\xb7\x9d\xe6\x8e\
\xa8\xe5\xaf\xbc\xe6\x80\xbb\xe9\xab\x98\xe5\xba\xa6\x0a  \
  implicitHeight\
: chartData.leng\
th > 0\x0a        ?\
 chartData.lengt\
h * 28 + (chartD\
ata.length - 1) \
* 6 + 8\x0a        \
: 120\x0a\x0a    // --\
-------- \xe7\xa9\xba\xe6\x80\x81 \
----------\x0a    L\
abel {\x0a        a\
nchors.centerIn:\
 parent\x0a        \
visible: root.ch\
artData.length =\
== 0\x0a        tex\
t: \x22\xe6\x9a\x82\xe6\x97\xa0\xe6\x95\xb0\xe6\x8d\xae\
\x22\x0a        font.p\
ixelSize: theme.\
fontSizeBody\x0a   \
     color: them\
e.colorTextSecon\
dary\x0a    }\x0a\x0a    \
// ---------- \xe6\x9d\
\xa1\xe5\xbd\xa2\xe5\x88\x97\xe8\xa1\xa8 -----\
-----\x0a    Column\
Layout {\x0a       \
 anchors.fill: p\
arent\x0a        sp\
acing: 6\x0a       \
 visible: root.c\
hartData.length \
> 0\x0a\x0a        Rep\
eater {\x0a        \
    model: root.\
chartData\x0a\x0a     \
       RowLayout\
 {\x0a             \
   Layout.fillWi\
dth: true\x0a      \
          spacin\
g: 8\x0a\x0a          \
      // \xe6\xa0\x87\xe7\xad\xbe\x0a\
                \
Label {\x0a        \
            Layo\
ut.preferredWidt\
h: root.labelWid\
th\x0a             \
       text: mod\
elData.label\x0a   \
                \
 font.pixelSize:\
 theme.fontSizeC\
aption\x0a         \
           color\
: theme.colorTex\
tPrimary\x0a       \
             eli\
de: Text.ElideRi\
ght\x0a            \
    }\x0a\x0a         \
       // \xe6\x9d\xa1\xe5\xbd\xa2\
\xe8\xbd\xa8\xe9\x81\x93 + \xe5\xa1\xab\xe5\x85\x85\x0a\
                \
Item {\x0a         \
           id: t\
rackRect\x0a       \
             Lay\
out.fillWidth: t\
rue\x0a            \
        Layout.p\
referredHeight: \
20\x0a\x0a            \
        // \xe8\x83\x8c\xe6\x99\
\xaf\xe8\xbd\xa8\xe9\x81\x93\x0a        \
            Rect\
angle {\x0a        \
                \
anchors.fill: pa\
rent\x0a           \
             col\
or: theme.isDark\
 ? theme.colorBo\
rderDark : theme\
.colorBorder\x0a   \
                \
     radius: 3\x0a \
                \
   }\x0a\x0a          \
          // \xe5\xae\x9e\
\xe9\x99\x85\xe5\x80\xbc\xe6\x9d\xa1\xef\xbc\x88\xe6\x8c\x89 \
value/maxValue \xe6\
\xaf\x94\xe4\xbe\x8b\xe5\xa1\xab\xe5\x85\x85\xef\xbc\x8c\xe5\xa3\
\xb0\xe6\x98\x8e\xe5\xbc\x8f\xe7\xbb\x91\xe5\xae\x9a\xe8\x87\xaa\
\xe5\x8a\xa8\xe5\x93\x8d\xe5\xba\x94\xe6\x95\xb0\xe6\x8d\xae/\
\xe5\xb0\xba\xe5\xaf\xb8\xe5\x8f\x98\xe5\x8c\x96\xef\xbc\x89\x0a\
                \
    Rectangle {\x0a\
                \
        id: barF\
ill\x0a            \
            heig\
ht: parent.heigh\
t\x0a              \
          width:\
 root.maxValue >\
 0\x0a             \
               ?\
 trackRect.width\
 * (modelData.va\
lue / root.maxVa\
lue)\x0a           \
                \
 : 0\x0a           \
             col\
or: modelData.co\
lor\x0a            \
            radi\
us: 3\x0a          \
              //\
 \xe5\xae\xbd\xe5\xba\xa6\xe5\x8f\x98\xe5\x8c\x96\xe5\xb9\xb3\
\xe6\xbb\x91\xe8\xbf\x87\xe6\xb8\xa1\xef\xbc\x88\xe9\xa6\x96\xe6\
\xac\xa1\xe5\xa1\xab\xe5\x85\x85\xe4\xb8\x8e\xe6\x95\xb0\xe6\x8d\
\xae\xe6\x9b\xb4\xe6\x96\xb0\xe5\x9d\x87\xe6\x9c\x89\xe5\x8a\xa8\
\xe6\x95\x88\xef\xbc\x89\x0a         \
               B\
ehavior on width\
 {\x0a             \
               N\
umberAnimation {\
\x0a               \
                \
 duration: 300\x0a \
                \
               e\
asing.type: Easi\
ng.OutCubic\x0a    \
                \
        }\x0a      \
                \
  }\x0a            \
        }\x0a      \
          }\x0a\x0a   \
             // \
\xe6\x95\xb0\xe5\x80\xbc\x0a         \
       Label {\x0a \
                \
   Layout.prefer\
redWidth: 60\x0a   \
                \
 text: Number(mo\
delData.value).t\
oFixed(root.valu\
eDecimals) + roo\
t.valueSuffix\x0a  \
                \
  font.pixelSize\
: theme.fontSize\
Caption\x0a        \
            font\
.bold: true\x0a    \
                \
color: theme.col\
orTextPrimary\x0a  \
                \
  horizontalAlig\
nment: Text.Alig\
nRight\x0a         \
       }\x0a       \
     }\x0a        }\
\x0a    }\x0a}\x0a\
\x00\x00\x0cB\
\x00\
\x00:\x08x\x9c\xed\x1b\xfdS\x14G\xf6w\xfe\x8aq\
\x7fHAif!u\x97\xb26\xc7Y\x80\xa6\xe2\x15\
\xa2\x02\x15\xeb\xea\xee~\x18f\x9b\xdd)gg\xd6\x99\
Y>\xceP\x85F\x04\xee \xe0\x89\xa0@,IP\
(\x0d\xac\xb9\x18\xe5K\xfc_\xce\x9d\xd9\xe5'\xff\x85\
{\xdd=3\xdb\xf3\xb5\xcb\xea\xa6H\x91tY\xc2t\
\xbf\xf7\xba\xdf\xeb\xf7\xd5\xdd\x0f)\x93U5\x83\xbbl\
\x5c\xceI\xe2U\xee\x13\xbe\xe5\x8f\x0d\x92\xa7\x8f\xefP\
\x15CSe=t\xb0S\x18Vs\x86\xce\xb50c\
\xfd9]\x14\x14\xdeH\xa3\x0c\x82\x81\xe6\x86\x86x\x9c\
+\xad\xdd2'\x1e\x14\xf7\xe6K\xfbwJ+\xeb\xe6\
\xf4\xbdw{\x8b\xe6\xccKsc\x96\x0e\x99\x1b\x0b\xd6\
\xe6\xcf\x14\x80;\xc9\x99\xd3?Y\x0b/\xad\x9f\xff]\
\xca\xdf3\xa7\xb6\x0f\xc6\xa6\xa1\xb3\xf0\xe6[s\xe3~\
\xdc\x9c\x99\xb7^N\xbc\x1d\xbd\x09\x84\x09\xed\xfd\xbb\xe6\
\xd8c\xa0\x87?8N\xcb\xc9H\xb7W-#\x8d\xfb\
\xdf\xe8\x1c\xfc\xe3\xba\xbd\xdd\xef\xf6&J\xcf\xbf.\xce\
\xads\x06\xd2\x0d<\xf8\xb9\x84\xe4\xa4\xee\x99\xd9Z~\
J\xe7\xa4\xab{\xb77Y\x9e\x82c\x9a=\x85\xb9?\
fs\xe8\xb0d\x8em\xc1D\xd6\xb7\x8fK\xe3O\xb9\
\x9c\x8e4\xb2\x8a\x0bj\x12\xc9@\xec\xdd\xde\x94\x92\x93\
e\x10\xce\xed\xc2\xd6\x8e5\xff\xdc\xdc\xdd1\xa7\x1f\x15\
^O3\x9c\x8d\xef\xb8\x9c\xe9\xc2\x00\xeaF\xd7r\xb0\
`\x94l\xcc\x0a\xc3\xb2*$\x9b\x9c\xd9\xedo\xce\x9c\
}\xc6\xa9\x9a\x94\x92\x14A\xee\x122(\xae\xe0\xfft\
4\x804\xc9\x18\x8e\x1b\x82\x96BF<\x03k\x88S\
\xb2\x15ZV0\x0c\xa4)qQ\xd0Q\x0fRt\xc9\
\x90\x06P\x5cCYY\x10\xdd\x9fW$#\x1dO\x22\
]\xd4\xa4\xac!\xa9\x0a\xa5\x0a: \x22\xb9\xbc\xdc&\
\x8f\xa8@\xf0\xd6\xc4+\xba\x93Tf\x0e\xcb\x9b\xfb\xa5\
\xcd\x95\xd2\x93\x1b\xc5\x9b\xdb.\xe3\x1fs\x85\xdd1k\
.oM\xdd`u\x86\x22\xbe\xdb[*\xee\xde2g\
'h'\xc8[\xd2;\x91\xd0\xdf\xda/\xc8:\x021\
[\xf7\xf7\x8b\xab;\xe6\xcc\xd3R~\xd7\x9a\x99\x85\xdf\
]\xaa[\x8f\x0f\xc6\xa7\x8b\x1b\x93\xc5\x9d\xb58U\xb3\
\xe2\xd2\xa6\xf5h\xdc\xfe\xb0\xd6W\xcc\xbd\x19Xka\
k\xc3\x9a\x1f7\x7f\xbc\x07\xc8oGoX\x0f\x17\x0b\
[\xfb\xe6\xe8^a\xef\x91\xb9\xf4\xd0\x9c\xfd\xa6\xf8,\
\xef\x10};:\xc5\xea\xed\xdb\xd1\xe9\x10-\xa3\x10\x94\
\x01 \xee\xe8\xd7\x84\xb5\xf0\xe8`y\xd4\x1c\x9b\xa0z\
\x875\xee\xbc\x812\xdc\xf5\x06,<)\x99\xe04U\
5\xc8GVS\xb3H3\x86\xb9^li\x8c\xc2\x13\
\xcbK\xd0n/\xe4\x80\xa0\xf9\xcd#\xc1a\x15\x0c\x07\
c\xc6\x807V\xc8T\x98\xd8\x84\xc9\xc2\xcd\xa9\x9d\x83\
\xc5\xd9\xd2\xc2\x0ch4\xde)\x22p[\xd4\x18[C\
BRU\xe4\xe1\xf2\x14}\xaa*\x93\xee\x8b\xd0M\x99\
\xe2\x89U}\xf4Q\xf9\x83\xa7\x1b\xc9\xb5\xb6\xb6rd\
3\x1b\x085]J\x81j\xfb\xac\x01\xaf\xd9\xb1\x08\x16\
*\xa0\x86\x0d\x0e?\xec&\x15w\xefZ\x0f\x97A\xfe\
\xbem*\xbd\x99\x83\xfd-.\xde\xe2\xfe\xd2s\xb1\x0b\
\x0c\xf5{\xeb\xe1\xac\x99\xdf.\xfd\xb8b\x1bo+\xf8\
\x08J\x09\xefU@\x8c\x84\x1e\xd2s\xb2a\x0b\x93\xee\
c&+K\xa2d|\x81\xa4T\x1aF\xfaU-\xd3\
\xa1\xca\xb9\x8c\xc2{\x87(x\x7fN\x11\xb1aqY\
5\x9b\x93\x05\x03\x811Q\x85 \xc4\xfa\xb9\xc6\x13\xae\
\xcc\xd8\x11*z#\xa7)n\xd7\x88\xfb\x1b\xf6\x0a\x84\
K\xde@C\x06\xd7\xca\x88\x1d\x0fq_}\xc5\xc5b\
.4c\xde\x11H\x0c\x84\x0f\xd7q=\x1dj\xa6O\
\xe5ud|)\xc89\xd4XFu\x00\x08\x9e\xa4\xf4\
\xab\xb1&\x17\x99\xba\xabHT:L\x10E\xd0i\xa4\
\x18\x0c.\xf6q\x91\x98x\xd0\xc5\x13$Eg\x10m\
\xb7\x17\xc1\xa9=\xea\xe3\xd2\xe3\x22\xdb\xd5!^L#\
\xf1*J\x02\xea\x89\xf2\xf6\xf0\x1e0\x17\xd9\xf6\xa4\xd1\
h6\x80\x1f\x01\xbb\xde\x88U2\x10\xbe\x95\x12\x98\xb2\
b\x02\x96k\xe6#>\x85\xeb\xcbIr\xf2\x125+\
\x8f\xd2Q\xb5\xf2\xe9Z\x8c\x0d;1\xd6\xaa\xcf\xf8\xb5\
+\x01\x0b:\xe5EV(\x92W/}0\x8e\xa6\x00\
\x9cW\xab\xc4\x9c\xa6\xc1\xe6\xd3Mn\xf2aQ%\x01\
\x1cV\x99*b`\xe5\x00\xf8\xb2\x02U\x84\xb6\x15\x02\
\x10\x02\x8a\xe3\x83\xf4\xec>\xc0G)\x8d\x0f\xcd\xdeK\
,\xd2\x80\xa2\x84\x83\xe2m/\x83{\xd5\xc4\x87\xc1\x18\
.`\x84\x1a\xba\xcf}\xd8Z\xa2*\xd8Sv\xa4\x05\
%\x85 0\x95\x9d\x13\x19\x05\xb9eU\x05d\xc6\xab\
\x0a\xfe]F\x86\x0f\xcaq\xc4\x1f\xbb-$\xc6\xd0(\
\xc2\xc0\x10\xacN\xa1\x0f\xc9\x8c\xf6\x81\x93O\xab\x9a\xce\
\xf7K\xb2\x8cw\x01\xef\x95;8 \xe9R\x1f\x8ef\
T\x07\xed\xa0S\xf60\xc0 \xa8\xa3/\x87h\xeb:\
\x1b\xbf\xd8\x1d\xef\xba\xd8\x8b3\x88\xc5\x9b\x85\xadi;\
\x01Y\xda7_\x7f\xe7\xa4\x1eS\xa5\xfc+su\xfe\
\xe0\xebu;u\xfdk\xdb\x85N\x0er\x85\xc2\xeeK\
\xc8P\xff\xae\x983y\xc8d\xcc\xf1]H\x0b\xcc\x89\
G\x07\x0fVqB\xb0\xb6\x0b\xbf\x94\xf2\x8f\xe9t\x00\
X\xb6\xce~pG|V\x1aBr\x8f\xf4OX4\
\x89\xe6<\xee\xc5\xdf\xedj\xb2\xbcrQ\x95U\xcd\x81\
 \x1fW\x04M\x91\x94\x94\x0b1\xa8\x09Y\x9cmB\
6\x00\x5c\xf2WT-y\x05\xba\xca\xa2\x81@%\x89\
\x82\xdc&C\xb4\xcc\x80\xd0l@\xf2\xdd\xabf\xd9\xed\
\xf6\xeeT0\x0f\xa3i\xbd\x7f\xa7hX\xa3\xe7\x046\
h%\xd9\xa8w\xb8}\xd4\xb3\x82\x08\xcc%\xb8\x96\xe6\
\xe0\xde\x9e\xf0n\xae\x0b\xe0\x9e=\xcc\xd9i\xb7\xb3[\
\x1d\x0c\xac\x88\xaa\x15\xee$\xb3_\x91\x92F\x1ad\xab\
\xe5\x90\x07\xc4]\xc4i\x1f\xa6W!}\xca\xe5.!\
\x16\x80\xa8a\xbfC\xf7]\xd2\xcf\x0a\xdaU\xf0\xb0\x8c\
\x1a\xe0=\xecA\x10\xd8\x92\x826\xcc%\x22\x87\x02\x94\
m\x01d5\xd4\x8f\xc0\xe1%m)\x9cn\xf6@\x8e\
x\xbe0E\xe2*B\xd8\xc7\xdb\xec:\xf4\xa8\xd9*\
\x89\x1b7\xe2\xc2\xd2\xaa\x9cDd\xf5eq\xce\xe5\x0b\
[\xa3 \xd4\xe2\xda\xf3\xba\xc8UG2\x12\x8d\xf6\xe1\
\x0b*\x1c\xd5B\x16S\xe6{\xc4\xa3`\xec1\xe2\xe8\
t\x8c]\xc51T3\x12\x87!\xeeEh\x99'\x1d\
x_M\xc3\x92\xecV\xb1;\x89\xe1_\x83R\xc4\x09\
\x018\xa6NI7\xc8!>d1d:\x18?'\
#\xecP\xb9\xeb\xee\xfe\xbcY\xb1n\xe4c\x9f\xc1\xb9\
\x00\x92\x88\x84\x9d\xe9\xfa\xb8\xacH\xa1\xb4\xf1\xc4\xbc\xf3\
/\x86\xc2 u\xf75\x11\xa1j\xc2\x10\x81pOb\
@\x18\x95`\x8f\x9b\x1az3\xa2\x08A\xd8i\x22\x11\
\x1b\x0f\xa9W\xa3\x8du^I\xa2\xa1&\x9e,\xa1\x96\
I\xdd<~ jF\x08*\x1c9\x0cJ\x90\xd76\
\x7f\x06?\xfedO/\xaa9\xc5\x80\x8e\x93'\xa3p\
q\xc3\xa7\xa9\xf2r%{\x8d\xe4\x08\x1a9\xa7\xd3X\
\xe6`v\xa9\x22\xb0\xef`V]\x08\xd1\xbd\xbey\x9b\
\xabH4\xca\x8dY33\xa57\xcf\x8f\xce\x81\xd1\xf9\
\x8f\xa1\xeb\xaa\x16!\xfd9w\xbd\x03e)\xff\xc2\xba\
\xff\x0d$\xb5\x90\x8c\x1e\x8cNBB{\xa4\xe1\x92\xbd\
h\xc3W\xbd\xccU\xdb\xd1)\x1f]\xc51T\xbe*\
q\x939\x12\xff*\xa3\xa6y{\xcc\xdc\xdcf\xc3\x95\
}\xcdSK\xcc\xa3\xe71\x9c~\x97\xe9\x00W\x88\x5c\
9\xd4\x14\x81_\xe5\xcd\xfd[\x0c\x158\xf0\xa7\x7f\x0f\
\x9c\xb8\xfd\xa6\x02'nU\x0c\xcb\xbd;\xfau\x9a\xd5\
\xd4\x989\xfb\xccgV\xe4\x16\xb4\x16s(.m\xc1\
y\x83\xa1\x82\xae\xe5\x04\xb96\x1a\xe6\xde\xa8\xb9\xfa\x82\
\xa1\xa1\x83K2\xf4A)\xdc\xb0\xa2\xd7\xb2{\xd7|\
\xbe\xcf\xaeEI\xd6N\xc5\xda\xf8\x1e\x02&CEC\
)4\xf4\xbb\x85\xe3\xf6\x9b\xb2\xf0\xb0\x94\x85\xe6(\x85\
\xad\xff\x1ea\x8e\xec,\xe1\x18f*\xd5\xd2d\xf6r\
\xbd~)\xb2\xbd\xb5\xf3\xe3\xd6\xf2\x0f\xd6\xc4<u\x00\
\xa5\x95\xf5\xd2\xfe>H\xfah\x13ep\x8dc?\x95\
V\xa6\xf0C\xeb\xd4\x8e9q\xdb\x5c]3\x9f\xcf\x98\
\xb7\x1fp0:\x9b\xc7\xaf\xe8Ko\xac\xe9\xef\xea\xaa\
\x90-\x9f\xd6\xa2\x91p\xa08X\xd9>\x86\xea\xd8\x81\
\xdfW\xa2\xe3\xbb\xff\xe9&\xfa`\xe1\xd9\xb8\x0f\x16T\
M\x8b,?\x17E.\x8f\xd1\xa2:\xae\xcdw\xb3@\
\xc8\x17\xb6v\xe0\x0cZ\xd8\x1dc\xe7\xb4\x16^\xe2'\
\x12\xfb9e\xf2\x17\xf4\xac\xe5g\xa0\xc0\x1bZM\x1e\
\xd8\xe1\xe5\x18\xaa|5\x0f\xec\x7fN\xac\xa3\x17\xbe\xf3\
\x1a\x97\xc1\x90\xc3^q\xf1\x96\xad\x1b\xc4)\x1f\xa9\x0b\
f_\xbc\x98\xc20\xff+\x17n\xdd0\x81\xa0\xa4d\
T\xbb\xc6\xfa\xf7\xca\xa9\x0bi\xf1@U\xd5\x95vU\
\x03\x89\x92\xfeD\xb0?\x8c\xc30]w\x1c\x03\xc3\xae\
w\x0b*\x8b\xbfC\xa0E`\x01\x8c>\xd8\xef\x10\xde\
\xebo\x01\x0c\x7f\xf5\xf7\x22=\x22\xae\x9b\xfaRB\x83\
!6rH\xf5\x8f\xda\xeeO\x83\xe9\xa9(K\xd9\x08\
*t%\xed\x82\xc6;\xaf\xb8|V\x95%q8\xc1\
\x0c\xb5\xe9]\x08%Q\xd0R\xb1\xe8\xda4$D\xe4\
\xed\xe4j\x08\xe9\x908gsF(D\xc8e#\xa9\
\xc3\xb4+'\x89\xe9\x82\xbb\xef\xb8\xd8\xd5{\xae\xab\xd7\
\xc9\xa07V\x9d\x91\xa9\xcf\xcfw\x9e\xebj\xbbp.\
~\xa9\xad\xf7\x0b{\x9c\xcc\xc9\x1bC\x06\x84\x02\x9e\xe7\
\x83\xa6\x8f\x9b\xf7Q\x1b3\xc1{\x1e\xb5\xd9\xf6\x1e\xae\
\x02\xb7>A\xbc\x9a\xd2\xe0T\x04b\x88\xb2k\xb6U\
7\xcdT[6\xeb\xb3J\xdc\x15I\xb1\x8f\xd8,_\
/\x9b\x8f ?H\xb5\xb4%\x12N\x13\x92RNw\
(\xd3\xaf\x0bAm\xc2\xad\xda\x11\xd9\xfbu\x1e\xac\xb6\
=g\x18\xaa\xbf\x88\x087\x09\x06{\xd4\x9c&\xe2\x13\
\xf85ML\xc4q\x8f\x1e\xd7\x91\xa0\x89i^\x1fH\
\x055\xc3\x09\xcfLU_\x08\x90\xaa\xca\x06\xb6\xa8\x18\
$ \xe6\xeb\xbb\xe6\xe44M=\xca\x05\x98N\xc9/\
h\xa0\x99\xdff\xb5\xd9\x9a\x5c\x83\x5c<\x8a\xb4 \x8a\
\xa4~\x22\xa6;\x0e)\x08#\xaa\x19\xf0*F\x84A\
#E\x80\xfc$\x19RE\xc4\xcbHI\x19i\xee\xcf\
!\x07XU\xe9\x00\xa3\xbf\x8a\xf1\x22L\xd9S\x1f\xc8\
\x94~V:\xb3W8\x82\x87\x1f\xb4I\xcd\xa80\xc8\
\x96\xa01S\xf1\xde\xba\xca\xc6\xc8yq\x99%\xaf\x1b\
\x1ax^\xa9\x7f\x98\x96\xeby\x8b\xd0\x9aN\x95\x1d\x13\
\x11NS(1\x03bE\x05\xf6\x02%pd\xe2\xac\
\xa0\xe9\xa8\x11\xd8\x08\xa79\x02I\xbf!\xa6\xb9\xc6@\
\x95ee\xda\xd7c\xe0\xe6U-Fo\xa9\xac\x87\xcb\
v\x1d\xe9\xea\x8f\xa5\x17\x8fc\x87\xbd\xce8\xe4#\x1e\
-,&\xd3Xw\xee\x97\x9e\xdc\xa8\x18\xec\x0f\x11\xb1\
\xbc\xe5S\x0cc'Zi\xe5 \xae\xd9=\xe1\x1b\xe4\
\x09\xc7!y\x85\x9f\x88S\xef\xcb\xa0f\xb0\x90CB\
\xd6\x19'M\xe4b\xdc\xc9p\xac\x0e|\x91\x05\x831\
\xce\xfaa\x05\xac\x99>2%B\x11\xec\xd2Q\x00\x0e\
}\x10Kp\x8d\x91\x0c\xc3J\xc0O\xd0\xc5\xc4H-\
\xa3Waj\xcf\x90l?\xffA\xd2a\xbc\x7fO\x0e\
\xbc\x91\xae\x871\xf5\xe1\x89VSE\xd5;\x98{P\
\xca\xe7\x99\xe2\xef_\x5c\xf5\xde[\xf7\xce\x04\x84K0\
\xc9\x86\xd6g?\x19\x11\x9e\xc5e\x92\xdeUU\xab\xce\
\xf3\xdd\x06\x11u\xa3\xa1\xc8\x9cX(\xad\xac3G\x8f\
,\x12 d\xf8$l?\x10\x1cZ\xa9\xf4\x10\x898\
#\x09\xeeo\xff\xf0\x10\xaf\x94\x16}`\x1eL\xe6\xc4\
\x22\xe9\xec\x93}\x05\xf1`\xae\xa7\x03tla_\x86\
\xb0\x93\xea\x13\x1a\x83v\xc0k\xa7B\xac\x83O\x9d\x0a\
u\xbdL\x0bA\xea;\xc55\xf3-\x9f\x04#DX\
\xaa\xd4\x93\x09a:\xfcz\x017\xf2n\xc40\x1f\x0a\
T\xb1F2\x0c0\x03\x8eNR`e\x7f\x08\x8f\x94\
\xc46\x88\xae\x9c\x15\x0c\xc1[\xf0\xcb\xb6\xda\xad\xc0i\
\x87:\xe3]\xd2\xa4L\xa8\xe3\xb1\x07\x0eq\x16 \xe7\
\x806ex0\x8d\xb4j\x8f'\x878\xf1[w\xa7\
\x0b\xaf\x97\xad\xa9\xc9\x83\xffl\x86\x9e\xf8\xeb~\xba\xa4\
\x7f\xeb\x13A\xa0\x1e\x19\xb4(\xab:\xaa\x98@\xd3\xbf\
\xc9\xaa\x90\xdf\xa6\xd2\xaa\x1e\xf2\x1aY9\xb7e\xb2T\
\xe2a\x82\x7f\x96\xc3B\xd7\x83Q|\xb3W\x91Q\x9a\
\xe6W`4K\xf5\xee\xbd\xd3x\xef_2\xf0\x90\xd4\
f\x1a\x9b\x98T\x1e;\xe2`\xaa\x1f\x00\xab*K\xef\
\x1fB\x85\xa5\xcc\x91\x8aO\xff\x1fi\xf8?\x9d\x86\xc8\
`\
\x00\x00\x17\x0f\
i\
mport QtQuick 2.\
15\x0aimport QtQuic\
k.Controls 2.15\x0a\
import QtQuick.L\
ayouts 1.15\x0aimpo\
rt fuscan.theme \
1.0\x0a\x0a// \xe9\xa5\xbc\xe5\x9b\xbe\xe7\xbb\
\x84\xe4\xbb\xb6\xef\xbc\x9aCanvas \xe8\x87\
\xaa\xe7\xbb\x98\xe7\x8e\xaf\xe5\xbd\xa2\xe9\xa5\xbc\xe5\x9b\xbe\
 + \xe5\x9b\xbe\xe4\xbe\x8b\x0a//\x0a// \
\xe8\xbe\x93\xe5\x85\xa5\xef\xbc\x9a\x0a//   c\
hartData  \xe2\x80\x94\xe2\x80\x94\
 [{label: string\
, value: int, co\
lor: string(hex)\
}, ...]\x0a//   cen\
terTitle\xe2\x80\x94\xe2\x80\x94 \xe4\
\xb8\xad\xe5\xbf\x83\xe7\x8e\xaf\xe5\x86\x85\xe6\xa0\x87\xe9\xa2\
\x98\xef\xbc\x88\xe5\xa6\x82\xe3\x80\x8c\xe5\x91\xbd\xe4\xb8\xad\
\xe6\x96\x87\xe4\xbb\xb6\xe3\x80\x8d\xef\xbc\x89\xef\xbc\x8c\xe7\
\xa9\xba\xe4\xb8\xb2\xe4\xbb\x85\xe6\x98\xbe\xe7\xa4\xba\xe6\x95\
\xb0\xe5\x80\xbc\x0a//\x0a// \xe8\xbe\x93\xe5\x87\
\xba\xef\xbc\x9a\x0a//   \xe5\xb7\xa6\xe4\xbe\xa7\
\xe7\x8e\xaf\xe5\xbd\xa2\xe9\xa5\xbc\xe5\x9b\xbe\xef\xbc\x88\xe4\
\xb8\xad\xe5\xbf\x83\xe5\x8f\xa0\xe5\x8a\xa0\xe6\x80\xbb\xe6\x95\
\xb0\xef\xbc\x89\xef\xbc\x8c\xe5\x8f\xb3\xe4\xbe\xa7\xe5\x9b\xbe\
\xe4\xbe\x8b\xe5\x88\x97\xe8\xa1\xa8\xef\xbc\x88\xe8\x89\xb2\xe5\
\x9d\x97 + \xe6\xa0\x87\xe7\xad\xbe + \xe6\x95\
\xb0\xe5\x80\xbc\xef\xbc\x89\x0a//   cha\
rtData \xe4\xb8\xba\xe7\xa9\xba\xe6\x97\xb6\
\xe6\x98\xbe\xe7\xa4\xba\xe3\x80\x8c\xe6\x9a\x82\xe6\x97\xa0\xe6\
\x95\xb0\xe6\x8d\xae\xe3\x80\x8d\xe5\x8d\xa0\xe4\xbd\x8d\x0a/\
/\x0a// \xe8\xae\xbe\xe8\xae\xa1\xe8\xa6\x81\xe7\x82\
\xb9\xef\xbc\x9a\x0a//   - Canv\
as onPaint \xe9\x87\x8d\xe7\xbb\
\x98\xe7\x94\xb1 chartData/w\
idth/height/isDa\
rk \xe5\x8f\x98\xe5\x8c\x96\xe8\xa7\xa6\xe5\x8f\x91 \
requestPaint\x0a// \
  - \xe5\x86\x85\xe5\x9c\x86\xe7\x94\xa8 co\
lorBgCard \xe5\xa1\xab\xe5\x85\x85\
\xe4\xb8\x8e\xe5\x8d\xa1\xe7\x89\x87\xe8\x83\x8c\xe6\x99\xaf\xe8\
\x9e\x8d\xe5\x90\x88\xef\xbc\x8c\xe5\xbd\xa2\xe6\x88\x90\xe7\x8e\
\xaf\xe5\xbd\xa2\xe8\xa7\x86\xe8\xa7\x89\x0a//   \
- \xe8\xb5\xb7\xe5\xa7\x8b\xe8\xa7\x92 -\xcf\x80/\
2\xef\xbc\x8812 \xe7\x82\xb9\xe6\x96\xb9\xe5\x90\x91\
\xef\xbc\x89\xef\xbc\x8c\xe9\xa1\xba\xe6\x97\xb6\xe9\x92\x88\xe5\
\xa1\xab\xe5\x85\x85\xef\xbc\x8c\xe7\xac\xa6\xe5\x90\x88\xe9\x98\
\x85\xe8\xaf\xbb\xe7\x9b\xb4\xe8\xa7\x89\x0aItem \
{\x0a    id: root\x0a\x0a\
    // \xe7\xb1\xbb\xe5\x9e\x8b\xe5\x8c\x96\
\xe8\xae\xbf\xe9\x97\xae Theme con\
text property\xef\xbc\x88\
\xe4\xb8\x8e IconButton.q\
ml \xe7\xba\xa6\xe5\xae\x9a\xe4\xb8\x80\xe8\x87\xb4\xef\
\xbc\x89\x0a    property \
ThemeController \
theme: Theme\x0a\x0a  \
  // \xe5\x9b\xbe\xe8\xa1\xa8\xe6\x95\xb0\xe6\x8d\
\xae\xef\xbc\x9a[{label, val\
ue, color}, ...]\
\x0a    property va\
r chartData: []\x0a\
    // \xe4\xb8\xad\xe5\xbf\x83\xe6\xa0\x87\
\xe9\xa2\x98\xef\xbc\x88\xe7\xa9\xba\xe4\xb8\xb2\xe4\xbb\x85\xe6\
\x98\xbe\xe7\xa4\xba\xe6\x95\xb0\xe5\x80\xbc\xef\xbc\x89\x0a \
   property stri\
ng centerTitle: \
\x22\x22\x0a    // \xe6\x80\xbb\xe5\x92\x8c\
\xef\xbc\x88\xe5\x8f\xaa\xe8\xaf\xbb\xef\xbc\x8c\xe4\xbe\x9b\xe4\
\xb8\xad\xe5\xbf\x83\xe6\x96\x87\xe5\xad\x97\xe4\xb8\x8e\xe5\xa4\
\x96\xe9\x83\xa8\xe7\xbb\x91\xe5\xae\x9a\xef\xbc\x89\x0a  \
  readonly prope\
rty int totalVal\
ue: {\x0a        va\
r sum = 0\x0a      \
  for (var i = 0\
; i < chartData.\
length; i++) {\x0a \
           sum +\
= chartData[i].v\
alue\x0a        }\x0a \
       return su\
m\x0a    }\x0a\x0a    // \
chartData \xe5\x8f\x98\xe5\x8c\x96\
\xe6\x97\xb6\xe8\xa7\xa6\xe5\x8f\x91\xe9\xa5\xbc\xe5\x9b\xbe\xe9\
\x87\x8d\xe7\xbb\x98\xef\xbc\x88\xe5\xb1\x9e\xe6\x80\xa7\xe5\x9c\
\xa8 root \xe4\xb8\x8a\xef\xbc\x8c\xe5\xa4\x84\
\xe7\x90\x86\xe5\x99\xa8\xe9\xa1\xbb\xe4\xb8\x8e\xe5\xb1\x9e\xe6\
\x80\xa7\xe5\x90\x8c\xe7\xba\xa7\xef\xbc\x89\x0a    \
onChartDataChang\
ed: pieCanvas.re\
questPaint()\x0a\x0a  \
  implicitHeight\
: 220\x0a\x0a    // --\
-------- \xe7\xa9\xba\xe6\x80\x81 \
----------\x0a    L\
abel {\x0a        a\
nchors.centerIn:\
 parent\x0a        \
visible: root.ch\
artData.length =\
== 0\x0a        tex\
t: \x22\xe6\x9a\x82\xe6\x97\xa0\xe6\x95\xb0\xe6\x8d\xae\
\x22\x0a        font.p\
ixelSize: theme.\
fontSizeBody\x0a   \
     color: them\
e.colorTextSecon\
dary\x0a    }\x0a\x0a    \
// ---------- \xe5\x9b\
\xbe\xe8\xa1\xa8\xe4\xb8\xbb\xe4\xbd\x93 -----\
-----\x0a    RowLay\
out {\x0a        an\
chors.fill: pare\
nt\x0a        spaci\
ng: 16\x0a        v\
isible: root.cha\
rtData.length > \
0\x0a\x0a        // \xe9\xa5\
\xbc\xe5\x9b\xbe + \xe4\xb8\xad\xe5\xbf\x83\xe6\x96\x87\
\xe5\xad\x97\xe5\x8f\xa0\xe5\x8a\xa0\x0a      \
  Item {\x0a       \
     Layout.pref\
erredWidth: 200\x0a\
            Layo\
ut.fillHeight: t\
rue\x0a\x0a           \
 Canvas {\x0a      \
          id: pi\
eCanvas\x0a        \
        anchors.\
fill: parent\x0a   \
             // \
\xe5\xb0\xba\xe5\xaf\xb8\xe5\x8f\x98\xe5\x8c\x96\xe6\x97\xb6\xe9\
\x87\x8d\xe7\xbb\x98\xef\xbc\x88chartDat\
a \xe5\x8f\x98\xe5\x8c\x96\xe7\x94\xb1 root\
.onChartDataChan\
ged \xe8\xa7\xa6\xe5\x8f\x91\xef\xbc\x89\x0a  \
              on\
WidthChanged: re\
questPaint()\x0a   \
             onH\
eightChanged: re\
questPaint()\x0a   \
             Com\
ponent.onComplet\
ed: requestPaint\
()\x0a             \
   // \xe4\xb8\xbb\xe9\xa2\x98\xe5\x88\x87\xe6\
\x8d\xa2\xe6\x97\xb6\xe9\x87\x8d\xe7\xbb\x98\xef\xbc\x88\xe5\x86\
\x85\xe5\x9c\x86\xe5\xa1\xab\xe5\x85\x85\xe8\x89\xb2\xe4\xbe\x9d\
\xe8\xb5\x96 colorBgCard\xef\
\xbc\x89\x0a             \
   Connections {\
\x0a               \
     target: roo\
t.theme\x0a        \
            func\
tion onThemeChan\
ged() { pieCanva\
s.requestPaint()\
 }\x0a             \
   }\x0a           \
     onPaint: {\x0a\
                \
    var ctx = ge\
tContext(\x222d\x22)\x0a \
                \
   ctx.reset()\x0a \
                \
   var w = width\
\x0a               \
     var h = hei\
ght\x0a            \
        var cx =\
 w / 2\x0a         \
           var c\
y = h / 2\x0a      \
              va\
r radius = Math.\
min(w, h) / 2 - \
8\x0a              \
      var innerR\
adius = radius *\
 0.58\x0a\x0a         \
           var t\
otal = root.tota\
lValue\x0a         \
           if (t\
otal === 0) retu\
rn\x0a\x0a            \
        var star\
tAngle = -Math.P\
I / 2\x0a          \
          for (v\
ar i = 0; i < ro\
ot.chartData.len\
gth; i++) {\x0a    \
                \
    var item = r\
oot.chartData[i]\
\x0a               \
         var sli\
ceAngle = (item.\
value / total) *\
 2 * Math.PI\x0a   \
                \
     var endAngl\
e = startAngle +\
 sliceAngle\x0a\x0a   \
                \
     ctx.beginPa\
th()\x0a           \
             ctx\
.moveTo(cx, cy)\x0a\
                \
        ctx.arc(\
cx, cy, radius, \
startAngle, endA\
ngle)\x0a          \
              ct\
x.closePath()\x0a  \
                \
      ctx.fillSt\
yle = item.color\
\x0a               \
         ctx.fil\
l()\x0a\x0a           \
             sta\
rtAngle = endAng\
le\x0a             \
       }\x0a\x0a      \
              //\
 \xe5\x86\x85\xe5\x9c\x86\xe6\x8c\x96\xe7\xa9\xba\xe5\xbd\xa2\
\xe6\x88\x90\xe7\x8e\xaf\xe5\xbd\xa2\xef\xbc\x88\xe9\xa2\x9c\xe8\
\x89\xb2\xe4\xb8\x8e\xe5\x8d\xa1\xe7\x89\x87\xe8\x83\x8c\xe6\x99\
\xaf\xe4\xb8\x80\xe8\x87\xb4\xef\xbc\x89\x0a     \
               c\
tx.beginPath()\x0a \
                \
   ctx.arc(cx, c\
y, innerRadius, \
0, 2 * Math.PI)\x0a\
                \
    ctx.fillStyl\
e = theme.colorB\
gCard\x0a          \
          ctx.fi\
ll()\x0a           \
     }\x0a         \
   }\x0a\x0a          \
  // \xe4\xb8\xad\xe5\xbf\x83\xe6\x96\x87\xe5\xad\
\x97\xe5\x8f\xa0\xe5\x8a\xa0\xef\xbc\x88\xe7\x8e\xaf\xe5\xbd\xa2\
\xe5\x86\x85\xe5\x9c\x86\xe5\x8c\xba\xe5\x9f\x9f\xef\xbc\x89\x0a\
            Colu\
mnLayout {\x0a     \
           ancho\
rs.centerIn: par\
ent\x0a            \
    spacing: 2\x0a \
               L\
abel {\x0a         \
           Layou\
t.alignment: Qt.\
AlignHCenter\x0a   \
                \
 text: root.cent\
erTitle\x0a        \
            visi\
ble: root.center\
Title.length > 0\
\x0a               \
     font.pixelS\
ize: theme.fontS\
izeCaption\x0a     \
               c\
olor: theme.colo\
rTextSecondary\x0a \
               }\
\x0a               \
 Label {\x0a       \
             Lay\
out.alignment: Q\
t.AlignHCenter\x0a \
                \
   text: root.to\
talValue\x0a       \
             fon\
t.pixelSize: 22\x0a\
                \
    font.bold: t\
rue\x0a            \
        color: t\
heme.colorTextPr\
imary\x0a          \
      }\x0a        \
    }\x0a        }\x0a\
\x0a        // ----\
------ \xe5\x9b\xbe\xe4\xbe\x8b --\
--------\x0a       \
 ColumnLayout {\x0a\
            Layo\
ut.fillWidth: tr\
ue\x0a            L\
ayout.fillHeight\
: true\x0a         \
   spacing: 6\x0a\x0a \
           Repea\
ter {\x0a          \
      model: roo\
t.chartData\x0a    \
            RowL\
ayout {\x0a        \
            Layo\
ut.fillWidth: tr\
ue\x0a             \
       spacing: \
6\x0a              \
      Rectangle \
{\x0a              \
          width:\
 12\x0a            \
            heig\
ht: 12\x0a         \
               r\
adius: 2\x0a       \
                \
 color: modelDat\
a.color\x0a        \
            }\x0a  \
                \
  Label {\x0a      \
                \
  Layout.fillWid\
th: true\x0a       \
                \
 text: modelData\
.label\x0a         \
               f\
ont.pixelSize: t\
heme.fontSizeCap\
tion\x0a           \
             col\
or: theme.colorT\
extPrimary\x0a     \
                \
   elide: Text.E\
lideRight\x0a      \
              }\x0a\
                \
    Label {\x0a    \
                \
    text: modelD\
ata.value\x0a      \
                \
  font.pixelSize\
: theme.fontSize\
Caption\x0a        \
                \
font.bold: true\x0a\
                \
        color: t\
heme.colorTextPr\
imary\x0a          \
          }\x0a    \
            }\x0a  \
          }\x0a    \
    }\x0a    }\x0a}\x0a\
\x00\x00\x0f\xae\
\x00\
\x004Yx\x9c\xbdZ[s\x13\xc7\x12~\xf7\xaf\x98\
\xe3\x87\x14$ \xcbNH\xea\xb8\xe2\x93\x02'E\xa8\
\x82\x84\xc4TR\xe7\x89ZKkk\x0byWY\xad\
\x0c\x9c\x84*\x81\xe3\x1b\x96/\x10c\x1bc\xc0&\x04\
\x03\x89/!`d\xc9\x97\xaas\xfeI\xd0\xae\xa4'\
\xfe\xc2\xe9\x9e\x99\x1d\xed\xec\xae\x84\x0d$ST!\xef\
\xf4\xf4t\xf7\xf4|\xdd\xd33Z_\xca0-\xf2\x95\
\xf5UF\x8b\x9d#m\x91\xd6#M\x9a\xf4-\xd2i\
\xe8\x96i$\xd3\xa1\x9d'\x95\x8bF\xc6J\x93V\xa9\
\xef\xb8\xa9\xa4\x12ZLI~\xd6\xd3\xa3\xc6|\xdd=\
\x99tL\xd1#VB\xedS\xa1#\xda\xd4\xd4\xd2B\
\x8ek\xd6\xe7\x99nr4fi\x86\x9e&\xd5\x9f'\
\x9c\xc5\xad\xf2\xfc\x8f\xce\xb3\xcb\xe5\x87c\x95\xabW\xca\
W6_n\xcd\xdb\xcf\x1f\x94v\x96\xcbW7\x9c\xec\
e'7\x5c\xbe_\xb0o>$\xef\x91\xf2\xaf3\xe5\
[O+\xbbw\x9c\x89_\xca\x85\xdd\x97[9{\xf2\
\x0f\xa0t\x16\x87\xab\xf7\xe6J\xf9\x89\xca\xda\x03g`\
\xf0E\xf6\x0aNV\xca\x8f\x96\x97\xc7\x19\x97\x97[#\
\xba\x11W\xbb,\xc5R_n\x8d\xc2\x1cHA\xc8a\
\xd2\x9cR\xf5\xb8\xa6\xf76\xc37g\xe1\xb1\xbd\x95\xb5\
\x97\xc7\x80s\xf9Q\xc1\xde\x1d(_^\xb7\x17F\x04\
\xad\x99\xd1uN[\xd9\xbdUY\xca\x95\xf2+@\xeb\
\xcc\x8eU\xb6\x7f\xb3\xd7'\xed\x85!\xd0\x00\x7f/\x8c\
\xc0\x94\xf6V\xa1\xb2>P\x19}\x02S\x0a\x1eqC\
W\x9b\xa9\x92O\xec\xd5\x9c32\x85j\xac\xde\x81\xc9\
`4(i\xafm\xdac;0\x1a\xba\xec\xabw\xe9\
\xe8\x5cem\xa5\xb49\x0a\x1a\x12.\x02\x11\xbc\xed\x5c\
\xc1\x1e\x19\xe230\x13V\xb3 \xdepui\xa3:\
\xf0\xb0\xc5.\xdc\x80\xff\x84\xd1J\xf9'\xc0\xd8\x99\xdd\
\xa8\xce>\xa56\xbcU}0\xc3\x87\xcdOUf'\
K\xf9\xab@\xcc\xcd\xbb\xbe#w\x8d\xb1.na{\
r\xad\x9a\x1d\xb5\x7f\xbf\x01V\x03\x8d\xd4\x0b)E\x8f\
+\xddI\xb5\xc323*\x81I\xd8\xca\xf0U\x9a\xdb\
\xc1\x95\xa4\xd4\xe5\xd5\x15\xfb\xfeS4\xf3\x95M{\xb8\
h\x8f\x0c;\xe3\xf7\x08c\xa0\xc6\xe1;eOI\xed\
\xa1A{\x95\xabD\xe2j\x8f\x92IZ$e\x1a)\
\xd5\xb4.\x12{e\xaa\xba\xb4\xe9\x8c\xeeV\xb6\xb7\xd1\
f\xd3;\xa5\x02w\x03\x90\xd6\x99\x01w\xcaU\xe7'\
\xb9\x16\xbf\xce\xd9\x85\x07\xce\xf5kT\xdeQ\xd4\xe2\x84\
\xa5\xf6\x91\xef\x9b`i\x88\x16o'\xe8$\xf4\x0f1\
\xc1\x19t`\xbe9\x92\xaaI\xa8C\xb7\xb3\xcfM\x94\
T\x98\xddu\xb5y\xeeR\xa4E\xacV\x0b\xc1e\x97\
9\xa7-\x13\xbb\x84_\xb6\xd7|Q\xf0u\x9d\x0cL\
\x09\xdb\xc4\xe3O#\xf0\xa3<\xfd\x10\x14tr\xa3\xd5\
\xb9\x0dg\xf5Yik\xd1\x1e\xfc\x05\xf5-\xceUV\
\xef\x97\xf2E\xe6y\x7ff\xa7\xe1\x9f+\x09s\xce\x16\
\xe0\x8c\xa6\xb8\xbd\xd4\xc2\x96\x08x\x01\xb5,`\xccH\
\x1a&Qb1U\xb7:\xf1w;\xd3>B;N\
\x9bZ\x9fb^tEe\xbe\x0c\xfa3N\xe8\xe0\xd4\
\x91\x85k\x83\xf3\x0a\x97\x17\xde\x88*\xac\xdcg>\xce\
\xc4f^_.R\x1f\xe3\xbc\xd1\xef=b\x10\xf0\xf7\
\xf2\x83\x22\x0e\xb9\xbck\x0f\x8e\x97Wn\x81\x1b\xba\xe8\
1\xe2\xa1\xec8\xaf\x98Tk\xe7\xd1M\xb0\x04\x9b\xdc\
\x9e\x9a`\xae\x08\x1fq\xffP1\x99\x91de\xd8\xa6\
\xb3\x0b\xd3\xe5\xe2\xddR>[\xca\x17\x84p\xb8%w\
\xa7\xd8\xda\xc0\xc2\xb0\x05\x00f\xa5\xe2 \xa8\x84.H\
\xcdl_}X\x9e.\xb2^W\x1f\x9fy\xd1/\x82\
\xc6\xed\xca\x80\x12\xe9\xb4+\x8f\x008\xb6\x93\x98\x7f;\
3\xc3\xce\xc2o\xa1>eiV\x12\xfd\xa99\xb47\
\xaeZ\x8a\x96\x14\xdd\xc8\xdf\x85\x03\xb10\xce\xc4\xb2=\
\xb2\x01\xab(\xd0\xc1\x99]\x0c\x85\x06\xfa\x9d\xe3\x82<\
]\xb7a$I:a\x9c?c\xa4Nj:\x08\x84\
\xb0P\x87\xe6\x98aYF\x9f\x8fL`\x0c:?\xe0\
\xc0\xb3\x5c\xb98$\x5c\x17\xd6:z\xb85\x1a\xa5\x80\
\x9e\xebW\x92\x19\xf5\xe3(\xd5\x85\xa2\x95\xa0\x93g4\
U%\x89\x7f\xf5\x9a`\xe0opP;9\xdc\x1a\x22\
\x95Ks\x02 \xc9R\xcd>M\xa7\x9b\xb4GI\xa6\
\xbd\xd2\x09\xf8\x03\xff 2\xee\x81\x7f\xec\x17\xfa<^\
\xef\x85\xbf\xf2\xf4\xefb\xc3s(d#\x10\x99\xc0\xdb\
\x09\xdb\xfc\xd4K\x1f\x93N\x03b\xb0\x0e\x9f1\x06\x15\
7*\xbbwa\x17\x96v\xc6\xec\xdc\x0c\xb3\x95\xd8X\
\xc5A{\xe1\xa1\x98\x9c\xbc\xf3\x0e\xa9\x818\xeaa_\
]\xa4\xc0\x9ac^\x0d\x22\xa1\x1e\x0f\xae4;\x0b\xd9\
\xca\xee\xb5\xca\xf2\xcf\xce\x9d)p\xc4Rq\xc3\x99\x9b\
\x80\xc5i\x0e\xb89\xb5e\x8d\xab\xd7\x80a4j\xdc\
gb\x86\xed\x921\xe6\x7f\x94T\xf4e\x15\x8c\x94\x89\
\x03\xc1\x91\x03=\xe7\x06z\xd4\xc6B\xb4=i(q\
@\xf5J6W\xbd}'\x10^\x04\xc40lb\xc1\
\x06\xd1\xe8tBI\xab_\xb8\xc1\x02\x17kh\x10\xa2\
,J\x96T{\x10|Zble\xe0't>)\
?\xc6\x1c$\x10\xbeJ\x00\x93W\x7fur\x97\x9d\xd1\
\xac\xb30\xea\x9d\xc6#\xb7 \xafI.\xad>\xc4\xad\
L2\xc9\xa2\x11\xb87@J\xf2bm\x90\x06\xe4\x1a\
\xc4\x95\x98b\x01\xb0h\xff\x81%h\x8b\x8a\x08\x03.\
J\x8dj\xdf*\xd8\xab\x90\x01e!\x8daqR(\
/@\x81}/\xed\xdc\xae<\x9b\xe1\xa3\xf2\x03\xf6\xef\
Y{\xfb\x1e c\xb9x\x0d8\xd8;\x8f\xcb\x13k\
,\xa0\xf6\xa5\x92Z\x0c\x16G\xd5z\x13 \xe4)\xc5\
JD\xfa\x94\x0b\x07\xde\xff\xe0\x10\xa9\x99'\x22\xd3\xc1\
\xa2\xb4F\x0f\x8a\xd0*\xf2\xbf\xea\xbd\x05\x16W\xdcH\
\x06K\xe9\x09\x889\x04R\xfc\xe6M\x9b\xdc@\x8c1\
ig\xd3Y\x1a\x82|\xae\x8e\x95\x18\x1a\x9fMc$\
\xe6x,\x223\xe9\xe8\xe8\xf0\x05gl\x9f\x90\x03\x0c\
\xb2\xb5\xf4\xa7\x8ay\x0e\xfe\xf6 \xf81\xc3\x04\xc7\xa2\
\xdf\xdb\x83\xdf\x0f\x0a&\xed\xe4\x80o\x1e\x9a \x023\
\x11\x19\x80\xc6\x13\xd3\x0e6V \xa9\xe9u\xe4\xa7|\
=\xc2\x0b\xfe^Y^_!w\xc1\x0eC#\x90\xc1\
\xdb#\xb34M\xe6\xbe\x83\xe9\xbb\x9c\xd0#8Q\xa7\
\xb3W\xb7\xc1\xad \x0eW\xb7\xbd\x89\xe9(eE\xd9\
z\xb247S\xe3\xdbL|;\xaf\xc5\xad\x04\xd39\
\x22y\xbb\xa0P\xf4X\xc20\xd3\x11\x1c\xd9NR\x8a\
\x09\x16\xa5\x7f\x04(,#%\x08\xe0w\xa0\xbf\x9b\xc6\
*A\xc2\xfel\x12d^\xaf\xb5\xef\x5c\x81#\x8b\xfd\
;d\xa3+\x00\xa0\xce\x8d\xa7\x00\xd0,p\x0a\xfa\xe0\
Z\xd2\x18\x85+\xae\x9a\xffn'\x09\xb6/ZH\x9b\
4\x07\x8b\xc6\xeeQh\x9e\xa7\xb84\xe9'\x7f\x0e]\
\xaf\xc9\x00SC\x0a&\x86~\x0dg5E\xef\x05\x80\
\xafY\x14[\xbf\x96\xd6(@S\x1bz\xe2\xb6D\xc5\
\xed\xdc&}\xbc\xc0\xbdX\xb6<\x9cv(\xf5A*\
\xba\x97\xfeb;\x89J\x1f\x12\x1c\x22\xf8\xaaF\xb8\xee\
\xc0!\x84\xad\x9f[\xac\xe6\xee\x91\x9a\xff\x0b\x92K\xb2\
\xd1\xc6\xbcF\xf3\xd9\x88\xda\x8d\x19\x92\x1d\x9b^\xc3h\
\xb5D\xe6/\xb1\x9b\xdfB\xef\xed\xc5B~\xf3r\x8f\
:L\x0e\xec\x95\xdd\xc1\xfdY\xdckr\xdf\xb6\xc7\xa8\
q\xb3fX\xdf\xd6\xf6\x98\xaa\xc1V\xf6\xea\xf4\x0a\xb2\
\x0b~W\x0b\xb1a]/\x93\x06\x82*<\x04\x80\xe3\
\xb0\xf2\x00\xd6\x06\xbc$\xf5\xbc\x04\x9b\x0b\x1e=Z2\
\xe9BG\x80Hv\xa7W\x05 \xb7\x99J\x5c\xcb\xa4\
\xdb\x99\xe1\x02\x8b\x8f\x8d/X\xb3e*z\x9a\xcd\x1d\
d\xd3M\x91<\x12\xea\xa9\x9e~i\xf1k\xf1R\x22\
\xbf\x140\x1dF\x1b<\x14\x86U:\xba\xbe9\x0e\x7f\
R._\xf6\xabfR\xb9H\x9c\xbb?\x95on\x8b\
\x14\x84t*z\xbf\x92&\xd5\xe1\xf1rq\xae:\xbb\
\x0a\xd95\x96<|\x93\x08\xee\x98\xe6\x89\xf8&j)\
\xf4\xe0\x86\xf9\xaf\xb7\x90\xc2Nj\x98\xb9IGLZ\
U\xf1\x9c\x0a=\xb3\x94\xb6w_\xf7\xc8\x09\x12\x88#\
'\xcb9\xd9!\xd4\xcd\xf4\xdc\xf6\xd7:\x92\x9c\x09\xb8\
m\xcf^DY\x06\xb3\x07\xb7\x9d\xe8Sz\xc3\xe4\xc6\
\x86\x91;\x96Pc\xe7N@\xfe\x17J\xe1j\xc7\xf6\
\xe6\x09\xbd\xae\x86\xd8\xb8\xab\xf28\xcc\x04\x7f\x97D#\
\x1f\x06e\xc7\xe6B\x06\xa7\xe7(\xd8`@\xda\xc8\x98\
1<H\x7fg\xc6\xda[4\x909\xddB\xc5\x8f\xa4\
\xfbC\xf6am\x08K\xb3\xbf\xb2\x22i\xf8q\x80\x0a\
v\x88O\x7f0t\x98X\xaf\xda\xd9\xc7\xdb.\x05\xbe\
H\xbb%\xdc\xd8\xb2\xa346\xbb\xabic*\xaf\x03\
xR\xc03\xea\x05\xebK\xdd[\x10\xaa/{\x10\x19\
\xf8F\xc4hL\xeb\xa8\xb5\xf2\xe9\xf6#\xd8\x1a\xe4\xf4\
\x17\xc7I:ej\xe0\xbd\xe9\x84\xaa\xe2\x01\xe1\xa8\x0e\
SYj\xbc\x8b~\x0e\x01\x02~$d\x05f\x10\xbb\
\x0f\x86a\xd1\x03\x18i\xba\xae\x02$\xcc\xb7}\x14%\
\x98vn-\xb3\xecTI\xa6\x12\x0aq\xf2S\xf6\xe4\
\x1cN\xbe\xbe\x03\xf1\xbf\x9a\x9d\x84\x83$d\x05pd\
\x87?\x01_XM\xcd=C{\xa6\xac,\x0fU\x96\
G!)s\xd6\xa6k\xa5\xe0\xe7\x7fT\x9e\x0f8\xb4\
h].\xae`\x9d\xfb\x06\xd6\xa7\xdb> v~\x99\
\xfco\x96\xb4\x1eA)H\x07d&Y\xfb\x1a$\xc5\
\xb9\x1eS\xe9S?\xcd\x98\x0a\x1eg;\x8eD\xfb\xd2\
4-im\x8b\xe2OF\xe6\xc7\x0bv\xb2\x05\x96\xac\
\xe2\xe4\xdc\xda-\x15\x7f&_\x1b\x16e\xc2\xcc\x85@\
\xe8\xc2\xe9\xb7\x9a\xfe\x11\xf9\x12\x02\xca\xf1\x93\x00\x80k\
x|\xcf?\x01\xccu&F\x81I8\xec\xc9F'\
\xf6\xdd\x02V\x04`JZ\xc1\x00\x93a\xf1\xab\xb0Y\
\x9e\x1a\x82\xfc5f\x11\xd0\xda\x99Y\xa7\xe5\xf1E\xb0\
)\xd0\x94\xef>\xaa\xce=c\xe6\xf3\xceZ\xda\xbc[\
]*8\xc5k!j\xd9\x13E\x10Jrw\x8c\x18\
\x09<\xb6\xb3{\x07b/<\x94\xb8\xe5\xc7J\xf9\xf1\
\xea\xfcd@bWVXF\xac\xd1\xb8\xf2\x05\xa6\x5c\
\xdb\xaa\x0c?e\x96\xb4\xc7\x97\xaaK<j8\xd3p\
\xf6/@:\x8f\xe9#X\x9b\xb9\xa7\xd75\xd1\x87\x17\
7\x9d\xf1U)\x96@\xa4p\xc6\x1e!\xe8\x17\xa6+\
\xcf~t\x0aS~=C\x92 l\x88\x96\xdca\xff\
\x82(\xe0^f4\x05\x86\xd1\x8acC5Bt\x0f\
\xe3\x22E\xd4\xc9\x19;\xbb\x05\x16\xf2V\x8fI\xe5\xa7\
\xdb\x10j\xe8\xa7ok\x81\xd3\xfd\x84\xc0\xd2\xa5\x02\x1a\
\xc5\x91\xd6=\xbc{[\xf0\xec\xc4\x8b\x9cg\xb9\xe1\xba\
8\xb0\xd5\x89G=\xe4\x00\xa04\x9d\xec\xb3\xef2J\
\x92\xa5\xe3\x1e\xb9\x0f\x05\xd0\x8e\x8b~0\x1c\xc8\x99P\
V\xc6\xd4y\xd4P\xa8\x13be\xaa\x85\x8bt6\xc5\
8DRa\xc9\xdc\xeb\x8a\xc5\xcd\xf7\x06b\xf1\xcc\xe5\
\xed\x8a%-\xe1\x1b\x08\x97vy\xd4\x17\x0f\x1c\x8e\x15\
\xd0\x087\xb0\x9c\x99\x11'[t\xe6\xd6\xe8\xb1y\xbd\
\x94\x1f\xadd\x07K\x9b\x00\x15Y\xacf\x0f.\xe0\x81\
o\xee\x89\xbd\xb3\xe4\x0f'oeU/\x05w\x99\x0f\
\x9d\xf6\x12\xc3\x1b\xa4Bn\x00\xe7\xd2Dd\xff\x0f\x1d\
B\x03\xcd\xb7<\xdb\x8f\xd6'q\xebw\x8dh:\x8d\
\x0c\xd6!\xdb>\xa8O\xe2\x86\xb4vr$J\x17\x8b\
G4\xc84i4\x0c\x1d\x994\x8c\x14\xe4\xa4G]\
sGN\xe8=\x9a\x0e\xf6\x0a_\x22\x06i\xaf\xc0;\
\xff(\x7f\x82\x22\xff\xba\xe4\xablM\xfe\xc1*[\xac\
\xc4\x0f\x89\x03\xbb\x8d\xc1\xf3\x0c\xbd\xaa\x10\xd7\x0e\xe2\x8b\
\xb7 ]\xabi\x81Of\xfatv\xb3\xee\xabm\xd5\
j\xa3u\x8aW\xee\x01\xd6\xc4\x85\x09\xa59\xa5\x98\xbd\
\x1a\x98\xba5\x1a\xe86\xa5$8\x9c\x05\x04Z\x0bo\
\xf6;i\x16.\x88\xe5\xcfb\x14\x9c(c\xd4\xec\xef\
\xd7\xbc\xfck\xe3|@7W?z=\x05\x04R\x07\
\xa3\xa6\x8e\xce}R\x5c\x03\x05\xe6\xf9\xd07\xb2[M\
\x86\xec\x1f\x0b\xa0\xc7MVq\xc6\x00A\x0f\xd89\x92\
\xd2.\xa8I\x96\xaf\xb7\xb6\x86\x93t\x1b\xc9\xf8>}\
\xca\x9b)\xef\xf5\x18\x8f\xed\x13^\x10\xf2\xd5a\x1b\xa2\
*\x09\xcf\xc8k\xa8\x1b:\x93[z\xaaS}\x96\x0f\
y\xee\x14\x81:\xb4\xdb\xe4=\xc4\xf2\x99:K\xea\xa3\
\xdd\xc3\xea\xb1\x0b\xcb\xd7Y\xbe\xe0\x81\xe5\xed\x98\xb4\x81\
\xee\xe2\xe6\xae\xc5\x99\xde\xa8<{N\xd8\xc6\xc7g\x01\
`\x07H\xac\x9e\xdb[\x93xi\x7f}\x15\x0b\x133\
\xc3\xf6\xca\xac39U\xbe_\x00\xc0\x80\xe3W\xbfi\
\xe8<\xdf\x1c}d\xdf_f\xd7\x84\xe5\x81\x15;W\
x\x91\xbd\xec\x9f\x0b\x86\x96vn\x91\x84\xd1\x8f\xd7X\
\x039\xe7\xe6\x9a=9^}0\x82\x0c`\xe6\xa5U\
\x00!\xc6\xc3\xc9^\x86\xc4\x13\xef\xfc\xdc[K~\x83\
KK\x13\x81\x8b\xb4\xc0LW\xe7\xec\xc9\xc5R\xe1~\
\xa9p\x9d]N1\x05!\x95v\xe5\xc6\x9a3\x02\xe4\
\xe6\x06\xe3\xf9\x22\x9b\xf3\x82\xdf\x8b\xec8\xc6Z\xf6\xa5\
6*0Qn\x18rx/\x13>\x91\x87\x09\x13\x83\
\xdd\xd0;\xf9A\xe7\xe6\xfa~J(\x08B\xec\x06\xed\
\x8c\xd1\xdb\x1b\x82\x0cr\xe2\x5c\xbb\xbd\x0c\x10r\x17O\
\x99j\x8fj\x9aj\x5c\xc4\xca`A\xc1O\xean\x09\
*\x01\xa0\xa1\xb8\x07\xa3\x1dx\x0d\x16\x0c\xa6n\x8d\xc6\
\xe3\x9c\xecSW_=\xdfg\xfc?G\xff\x88P/\
Q\xe3o\x82<\xc7z)+~\x0fT\xa7\xb7\x1e\xe2\
\xec\xa7\xfe\x18\xdc\xccr\xfd\xf1m\xeb\xe5\xbd\xde\x0a\xef\
|=\xad\x8e\xa9\x09\xa5_\x03\x08\x85\xed\xc1\xee\xe8\xbe\
g\xa7Y\x91\xd3\xc0\x87\xb8\xc8\x8d )\x22\x97\xc2\xd2\
\xc5z\x01\xd5m4\xb0\xba\xbe\xf4\xe6\xa55\x11k\xc3\
3\xbaz\xa8\xed6\x0fz\x8b\xd7\x05\x9f\x90f\xefF\
nF\xd3y\xe1!<\x22b\xf3#\xbdg}\xb0\x0b\
?\x9e\xd2\xc2KV\xd8\xfe\x96(\xe0\xb6`\xa9\x0e[\
\x9d\x13~\xcd\x9c\xa1\xd8\xd0\x1a^\x96\x0c\x1b\xe1\x02O\
\x83!\x8d\x0a\xb3n\xe3\x05Z\x84\xe5\xbaU@\xb7\xed\
\xf9l\xe2\xb6\xb0rj\xdc8\xaf\x9fUL\x13\xf0\xaf\
nMU\x1e/\xd7V[\xdb\x0e\x81\xce\xf5\xcf\x95\xd8\
0\xa6\xb8\xa1\x8a\xd5\x18\xc9\xe1\x7fF\xff\xbbN\xc3\xd5\
\xd45\xf6FG\x8aL\xb5N\xf6\x8a\xb0!{\x93\x97\
\xd9\x82\xfe\x1e\x05\x0f\x82\x99\x1a\x8e~E\xe5\xd7\xdb\xbc\
P\xe2N\xfa\x8a\xf5\xc4\xf6E\xa6\xaf[m\x047\x0d\
9\xd4\xef\xad\xdf\xb3\x87\xe2\xb4\xdb\x02E\xea=\xb9\x9e\
\xa7\x5c\xbd'\xfa\xbf\x15\x01\xea\xdb&\xf85\x04\xe8i\
H\xfb\x1c\x5c\x08\x9f\x9b\xbe\x0a\xeb)\xf1\x1e\xae\x0bN\
\x19\x99\xb4z\xd4T\x957\xad3\xc42f\xda0\xbb\
\x12J\x8am\xc2\xd3\x86\xa6[\x10(P\xe0N\xda\x17\
:\xcc\xd0;!\xb79\xa7\xc6\xfd\x9b\xa4\x83\xfcC\xfa\
\xb0\x8f\xd3\xb9\xf8\xc9\xde_\x05^\x07\xceC\xaa+^\
\xd0\x96\xf2\xd3,U.\x15\x86\xe4\xe7\x7f\xf4\xbd\x1e\xcd\
4\x05\xc3\xd3\xbc\xff\x98\xe2_\x01\xb4\xbc\xa6\xe3\x957\
\xf4\xed\xf7\xfc\xba\xa7r,>\xc2c\x19\x8b,\xe5\xbf\
:\x00N~\xf8\x81H]\xd2\xdbD\x19\x045\xf9\xd9\
b\xfda\xd2\xa8\x1e\x13\x1f\xb6D#2fY\x06V\
\x12\xfc_\xfb\xd9\xe3\xc9\x10Y?\x06Q\x19\xfa\x05;\
%\x16\xddJ\xec\x5c\xafidt0k\xc3\x84\xdd\xf7\
\x94,\x98\x94\xecc\x87\xef!\xd5\xab\x9bx\xb7\xd5\xf1\
F&\x02-\xdb`\xa8o\xaf[\xd2\x7f\xa5\x22\x8d\xcc\
\x80\x8d\xa7\xc7\xc2\x09#\xe0U\x19%y\xdaHk\x14\
\xdd\xdf\x95\xaeCCY\x84\xde\x83\x86\x17\xd4B\xd5\xae\
)\x5c\xb3\xb9\xa72\xf0\xba[\xd8\xffns\x9e\xbft\
\xe5o4\xf9KV\xfa\x22U<\x86e\xef^\xf1\xf6\
^~\x0f\xeby\x1f\x9a\xf3N\x22\xbdx\xa5\xaf\x5c\xc5\
\x9bW\x00#D\x82\xdd\xac\xf3\xb4\x08\x87O{|\xd1\
\x19_e\x0f\x1c\xcb\x8f\x0a\xd5\xd9\xa7\xde\x13&\x97)\
\x08\x0e\x8c\x17\x22\xed~\xd1\x81\x93XF\xca-\xde)\
p\x10\xefW\xc1\x83?$\xfeW,\xac+p>E\
m\xea\xc3\xa9\xc0\x1f6Z\xae\xad\xd1\x88*\xcc&q\
\xe6F\x0d\x14F/5\xfd\x1f\x94\xeaR\xa3\
\x00\x00\x13Y\
\x00\
\x00cDx\x9c\xed\x5c\xebs\xd3X\x96\xff\xce_\xa1\
\xf6\x07:Yh\xa7ag\xba\xbaB\xc3,MCC\
\x15\x0c4a\x87\x0f3S[\x8a\xad\xd8\x9a\xc8\x92G\
\x92\x09\x99m\xaa\x12 \xc4N\x9c84\x01\xd2!<\
\xc2\x06H\x0f\x90\x04\xe8\xce;\xa4j\xff\x94\x1dK\xb6\
?\xf5\xbf\xb0\xe7\xdc+\xc9\x92\xf5\xb0\xec\xc4<f\xf7\
\x16U\xc4\xd2\xb9\xafs\x7f\xe7q\xef9W|*-\
\xc9*\xf3\x9d\xfa]\x86\x8f\xf52\x07\xa3\x07~\xbb\x87\
w<\x8b\x1e\x93DU\x96\x04\xc5\xf3\xe5i\xb6_\xca\
\xa8\x0as\xc0\xf1\xee[\x99M'\xf9\x18+\x1c\xef\xe9\
\xe1b5\xaf{2J\x8c\x15\xa3j\x92Kq\xf0\xe2\
\xf3\x9a\xe71\xda\x9d\xc0\xc9\x0ay\xbb\xa7\xa3\x83)m\
\xdc\xd2\x1f\xcc\x94\x17\x9f\xea\xd7\x86*\xf7\x1f\xeb\xf7\xb7\
\x7f\xdd\x9c\xd6V\x9e\x16\xdf>\xd3W\x87\xb4\xb1\xdb\x95\
\x81\x5cq\xf5\xa561\xae\x15\xde\xc0C\xed\xd5\xed\xd2\
\xdc\xbavs\x0b\x1e\xd2Z\xff\x18\xb8\x8a\x0d\xe9\xb9\xed\
\xf2\xd6\x96~g\xb8\xb8\xb1\xac\x0d]+n\xcf\xea\x83\
\x8b\xda\xd8l)7\xfc\x8f\x81A\xa3\xc2\xb3\xebZ\xf6\
G-{\xb7<;\xff\xebfV+,\xea#SZ\
\xe1\xd1\xaf\x9b9\xa0)\xae\x8e\x14W\x07\xf4\xfb\xb3\x1d\
\xc5\xd5Q\xfa\x97\x96\x1d\xd6\xc7\x1e\xc3;2\xd4g\x1b\
\xe5\xe17\xfa\xf4U\xed\xe5\x146ycH[X\xd3\
\xefm\x03\x85~k\xac\xb85c\x8c\xa4\x0b\xe6z\xcc\
\x9a*S\x19\x98.o\x0f3\x0a'\x00\xbf\xb8\xf8y\
N\xc9\x08\xea\xb1$+&\xb88\x03\xc3\xd4\x0a+\x95\
\x9f^i#\xf3zn@\x9f\xc91qNey\xe1\
_\x18\xed\xd5\x03}\xe0\x99\x96]\xd1\xef,a\xcb\xe7\
\xa1:T\x128\xe6?\xf70P\xf8x'\x93fE\
N \xbf\xd2\xb2\x94\xe6d\xb5\x9f\xb9\x80\xcc\xb7uO\
\x16\xa3\x93>vR^\x94\xe4^%\xcd\xc6l\xd4\x17\
\xfa\xd3\x1c\xd3\xe7~\xde\xe9E\xbc\x874\x07\x13\xb6\xaf\
\x06\xac\x8f\xb69P\x1aY\xd6\x07\x06a%U9\xc3\
1\xfa\xd4[\x5c\xb3\x85\xbc~\xfbgJ\xf5\xebf\xbe\
\x87\x15\x14\x8e)n\x0c\xd1\xb7\xc6\xd2L\x8c\xe9\x8f\x86\
+\x8f\xa7\x9c#\xed\x96$\xc1\xe0\x8br\xfc2L:\
\xce\xc1\xe4\xb1m:\x86\x98$H0F2\xd5(\xaf\
|\xc3\xca\xbd\xcc\xef\x8c\x9f\xe4\xdd\xd7\x89c\xac\x1cg\
:\xdd\xcfH\xfdnI\x8esr\xb4~3\x84\x8e<\
\xeft?\xb77\xd5\xc7\xc7\xd5d's\x80<\x93\xd9\
8\x9fQ\xcc\x1a\xf4\xd7\xe9D\x95}K7\x08\xf4F\
\x01\xbc\xf8o\xe6Ey\xebEqu\x9d9y\xe1\xcc\
i\xe0\xe1\x91#G\x18-\xbfV\x19\x1a+\xcf\xe6\xf5\
<\x88\xc3\x93\xca\xf0Xi~T[\x7fZy<S\
\xce\xbd\xae<\x9f*\xae/ wg\xf3\xa4\xd5\x9e\x8c\
\x18SyIdz$9\xc5\xaa\xb8f\xdce\xf5\xa4\
\x9a\x12\xdab\xf4\xef\xfd\x00\xc8K\x9c\xcc\xab\xfd\xc7p\
\x06\xed\x06\xa8\xb0\x5cbeF\xe0ENa\x0e3\x06\
uTI\x0b\xbc\xda\x16\xf9\x93\x18iw\xd0\xc9\x04\xcd\
@\xf8\xc7?[\xcf\xa1O\xa6\x0d_\xf2\xf0\xfc\xf3C\
\xf0\xdfW\xb4\xbd\xa8\xc0\x89\x095\x09O\xf6\xed\xb3w\
h5\xc6\xf6A\x0dB\xfaG\xfe\xcf\xae\xd7\xbcr\x86\
UcI \x01\xc2(\x0f \xb8|\xb6\xa7-\x02\xec\
\x89\xb43\x87\x0fC_\x8e*\xc0Yd \x83\xcc\x5c\
\xcb\x81\xb8\xefe\xb4\xed\xa1\xca\xec\x866\x945\x9f\xe5\
\xb5\x89\xa7\x04v\xe3\xa5\x8d\x97\xcc^A=\xc4\x00\x92\
K\xd3\xd7\x99\xbdLqs\xba\xfc\xf8yq=\xaf\xbf\
\x985\xe9s\xaeAq\xa0\xd9\xd2 \xc8tP2\x97\
\x16@F\xda:\xf6v$\xf63\x91\xbdl*}(\
\xd2^}\xfc\x15}\x0c\xfd\xd8\x9f\x1e\xa1O\x13\xf8\xb4\
v\x0a\xc5\xed\xfb\xa5\xdb?\xc2\xbaV\x9e\xde)m\xfe\
T\xde\xbe\x873\x11\xbb\x95\xf4!\x86\xea\x1e-7\xa6\
-n\x96~Z\xd7\x1fm\xc2\x8c*S\xaf\xf5\x97\x8f\
\xe9\xd4-\xed\xe6\x1av/S\xcb\xae\xbe$\x0f\xaa\xa5\
\xad\x17\x16\xcb\x98\x93\xb1\x5c\xcc\xde\xbd\xd6\x93X\x92\x95\
\x8f\xaam\xbd\x94\xdf\x11&R\xbb\x8cXz\xf7\xeds\
<\xbb\xe2\xea=\x09@\x84\x01D\x22\x8e7\x16nR\
\x147)\x18J/\xfc\xe7\x06\x0b\x16\xd2\xc6>h\x84\
2#\x12\xd0\xa5Ij\xceB\xc9t+\xaa\xcc\x8b\x09\
\x98H-\xbf\xab\x82F\xa4\xa949O\xc5\xcd\x925\
f\x1f\xa3\x8d<*\xbd\xbe\xeb\xa8\xc9\xf70m\x06>\
}\x07{\x98\xf9\xf4+P\xa1\x22\xa3\xa8\xfd\x02w8\
b\xa8\x9bO\xa1E\x87,\xc2\xefO\x0f\x017D\xf5\
\xb3>\x8eO$\xd5N\xd0*B\xfcP\xe4\x08\x92\xd2\
\xc9@S\x1d\xd8\xd6\x91O\x03\xe6M\x853\x9a\xce(\
\xc96\xacV\x9dl\x95N\xe6\xd4\x8c,\x9a\xa4\x7f\x91\
x\xb1-\xf2U\xb7|\xc4@\xe2\x15KK!\xc0\x88\
J\xd7g\xfeNm25\xdd\xfa\xdde\xbd0\x01\x1a\
\xdc$\xd4\xdf\xcc\xeb\xd7\x0b@Xc\x07\xc1\xa2jo\
G\x0dk\xe8ac\xa2\xb1\x8c,s\xa2\xea\xac\x16\xbd\
|\xf92S\xb9\xf5V\xdb,\x94\x17\xb6+w\x17\x00\
\xe2fO\xc5\xd5\xb1\xd2\xc6MmaZ\xcb.\x81\xd6\
\xd4f\x96,\x93\x01\x06\xf3\x5c\x7f\x17\x1f\xe7\x0e2\xbf\
\x05\x07\x05\xa5\x1a\xd4,\xf3o\xe7\x8c\xf7m\xce^\xda\
\x99\xf2\xf6\xa4v\xef\x01J\xfewg\xbb\xff\x02\xa6\xd6\
\x9a\xb7O\x0f\x08\xe4\x0eg+\xc4z\x02?J\xaf6\
\xb4\x07\xa3\xfa\xf8\xbc~\xe7\xa56\xf7\xaa\xfc\xf3\x13\xd4\
%\x8b7\xb4\xecsT\xebbF\x10l\xb3\xb0ON\
_,\x80\xb6a\xbaA\xb9\x01<\x19\xfd\xd5Um`\
\xb3rm\x0b\x00\x08^@yqC+\xdca\xcc9\
@\x1b\xc5\xd5q\xe2n\xc0\xa3\x04,\xa1B\xac\x5ci\
\xfe\x0d\x8cX\x9f\x9f\x85f\x81\xe9\xe5\xe1\x9f\xd1}\xc0\
\xdeN\xb3\xdd\x9c`\x83'+\xc6\x92\x92\xacDc\xc0\
vN>%\xa2C\x81KPU\xf1\xbc\xc2w\x0b\xe0\
>\x84_/\xa7\x9fs\x0a\xb54\xc8qU\xd7\xa09\
\xe9d\x22\xe5\xc5\x95\xe2\xc68u\xf4\x00N\xfa\xe8O\
\xd4\x8b\xa0\xa0\xfa\x93\xa8?|R\x9a\x19\xa5\xde\x02\xcc\
\x92:X\x11\x9b\x8d\x11\x01\xd8\xfceN\xe8\xe2\xff\x06\
\xe3;p\xd0zU\xd7\x8a_\x80\x11tq`\xd9\xe2\
\xac\xdc\xef4\xe4\x8eWV\x8b\xc0#\xfeo\xd0!+\
\x1c\x15\xf8\x84\x98\x82I\x83C\x85f\x91\xfc>y\x8c\
\xb0\xafF^\xb4{\xe0\xf1LWf\x97+\xd7\xe6\xb5\
\xfc\xba\xf6\xf0!\xca\x0eqO\xed\xbe)\xaa\x13\x9b\xfb\
D\xbd\x1fP\xf1\x80\xed\xcat\xc1x\xb81\x0d\xee\xa1\
\xa9\xc6AGdR\x22\xf5\xcemk\x89\xee\xa0*\xa5\
a\xf4h\xf8]K\x0c\xaf\xcc\xd5\xc5\xbf]\xef\x05\xae\
G\xb5\x08\xf0\x87\x8bB\xa6\xaa\xc8 !\xbf\x5c4)\
VN\xf0\x22\xb8:\x07\xbe\xb0\xde!l\x00\xcc\x8e5\
\xda%\x5c\x1dA#V\xab\xc1?\xb3\x0a\xe3\xc1\xee\xea\
[G\xbdZ\xe7\xda^(\xab\xa3=\xbc \x5c\xa4n\
\x1d\xf1<k\xc9B8\xa1G\xd3\xe9Z\x1f\x14\x1e\xb9\
Z\xdaEw\xd4\xa3Y\x87kj/^n\xea\x99\xb8\
\x8b\x0c\xf6t\x02\x1f\xe3\xd5\x93\x86m\x02\xbep\xa7\xc4\
\x1e\x89\xe22\xea|\x0d\xf0>X\xb3DX|0\xec\
\xe8&^\xdb\xb4'\x99\x89<\x5c\x1d\x97\xfa\xf2\x22\xac\
B\xf4sO:\x0b\xae_\xba\x87\x8d\x05-\x1c\x11R\
\xf0\x0ej$\x1aey|\x14\xbc4-\x8f\x82\x5cz\
\xf9\xd6\xb3\x85\xf3R_\xe0\xcc\xb1\x84\xc4\x9ck\xd0_\
\xf8\x92\xe0\xb8\xed\xe2p\xef-\x0c\x11\xad\xf4\x1f\xbe%\
|\x86\xc1\x13\xef\xe3,x\x22\x02\xdb\xcf\xe8\x0fo\x81\
\xb7\xe3\xdb\xdc)\x95K\x05\x8c\x1f\x8b\x09\xb4\x83\x81T\
I\x03Fu\xc8\x0c\x86\xa4e\xae\x87\x03\xf5\x10\xbf\x18\
\xaa\xf1\xdaZ'\xc3uv*\xc5&\xbc4Am\xb1\
c\xf4TL\xf2F\xa8\xbd\x84F\xab\xbd(RF\x8e\
\x81\xae\x8c\xfcU\x8euv\xf0\xd0\x8f\xd2\x81\xbdF\x95\
K\x89H\xc8\xda\xd4J~\x07\x1b9\xf8\xa3\xed\xc0\xc1\
\xfd\xc0\x82\xf6\xbau-5M6\xeb\x81\xe4W\x02\xdf\
:\x90U\x9f\xafN65\xc4a\x93Y\x0dU\x0a\xe5\
2\x9c\x93\xf9\x94\xa7\xc3`\xbch\x92=\xfeoj\xbd\
5\xafbxSv\xc9\x0e\x86D\x80\xe3\xe4K\x8e\xbb\
\x8f:\x0a\x08Kk\xb9\xe8\xcf'\xaa\x8a|Tf@\
=t\xd2Lu\xad\xdd\x18\x02?M\xbf?[\xba\xb7\
\x00z\xb1\xbc\xb0\xe4[-\xc8U\xb0\x97&|\x1cz\
\xc4uJ9*\xc7\x92\xfc%\xee8\xbc\x08\x86\x95i\
\xb2\xbf\x0c\xa7b\x83\xc9\x0c}\xcd\xd2\xce\x09\xfa\xa8\xb3\
\x00\xa6\xa1\x0eL\x1cKO~\x5cde\x11,R\x1d\
\xed\x5c\x1f\xe0XP\xcd\xdaG\x15Z\x7f\xf8\xeek\xfc\
\x8a!NU+N\x00Q_\xc9\xba\xa4\xca\xdb\xb7\xb0\
\x177\xcbP\x0a\xce\x8a\xad\xd0&W\xfc]\x19\xa28\
\xca+\x8b\xda\xdb\xeb\xd4\xa1\xa1\x7f\xa3+\xb30]\xdc\
\x1a\xd3\xf3\xb9\xca\x0f\x0b\x1f\x90\x1f\x13\x064\x0d\xf6\x8a\
\x85\xae|\xa3\xa2z\x02\xac\xcc9VM6\xa6r\xdd\
\xae\xb7\x8b\xbc\x87M\xf1B?@\x11\xbaT$\x81U\
\xf63g$\x91\x8dI\xfb\x99\x94$Jd\x8c\xc1\xb0\
l\xbdM\xeb\x93\xd9\xf4\x19)\xce\x19{\xe1\x8b\xf0\xf3\
\xa8\xd8\xdf\x97\xe4d\x7fV\x07kc\x8a8\x02I\x8a\
;\xc4\xe3\xd2\xb5\xd2\xe4|\x03+#\xa59\xf1\xb4\x14\
cq\x1b\xdc\xd6\x0e[i\xfd\xee#\xadp\x95\xe9\x12\
$\xb5\xf6(\xb4v\x00^\xe6\xa0\xb8\xf6P\x9bX\x84\
1\xfc\xcf\xc0$\xfc\xa3\x83\xd4\xb2KU%A\x07<\
\xf3\xa2\xbc\xfe\xdc\xdfH\x81\x1f\xf2uFU%\xb1\x0e\
v\xd1\xbf\xeb\xf2\xf2\xf8\xc0\x08\xe36\xb8\x9e\xcfg\xaa\
02\xcc:\xa4\x92$\xa8|z\xa7\x16\x0a`\x15\xd1\
f\xe6)\x1bJ\x0b\xb3\xa5\x89\x1b\xda\x8f\xf3\xc5\xd5\x97\
z\xee\x96\xb69P\xc3\xa7\x08\xd3\x19L\xbe\xb6L\x8f\
\x17\xcb\x8bO\x8c\x1a\x81\x93`c1r\x1e\x13Q\xcc\
s\x9bzr\x91\x82\x99\xaa!T\x82$\x1e\x83\x9dl\
/\x86\x9a\x9aE\xdf\xae\xe9i+\xa2Y\xda\xbaI\xce\
\xf9\xa7\xb5\xb9g\xdaR\x81\xf9\x9e\xb1\x876\xf5\xdbK\
\xf0\xa4\xfc\xec\xbf\xf4\x07\x13\xda\xe6m\xfd\xd68\xe0\xff\
\xdc7'p\xcb\xaa\xbf\x99g\xce\x1e;\xdfACL\
zaB+\xdc\xf1\x93\x87oe>\xbe\xdb\xba=F\
6\xf1\xe0\xac\xf8\xbb\x12\x94\xa4\xcb:0\xf2\xb7\x02\xb2\
\xd4g\x91\xfd\xc6\x9bkt\x88\xa1]h\xca\xcf\x06\x9d\
\xe7`3\xbf\xfb'\x91\xb5e76\x0f\xcd\xd8<\x9c\
>\xf3\xfd\xf7L\x04\x14b\x83,\x0b6~\xefk\x0f\
\xd1\x08Pl\xf2\xf6\xffp\xa9\x0b\x97\x93\xbc\xaa\x1c\x93\
2\x22\x1e\x05F\x180\xa9\xff\x14x\x01\x95\xec\xd4\xb2\
\xd3\xc5\x8d!\xb4j39\xfa\x84jk\x0c\x8e\x91\xf4\
\x06C\x0dc  {\x03\xd50\xa3\xdd{P\x19\x18\
`.)\x0cU\xc8\xda\xab\xab\xc1:\x19K\x98ej\
z\xdfy\x5cL\xf0\x22\xc7|r\xd8\x15\x99\xad-f\
\x0c\xc7\xc6\x81\xffS\x92\xf0\xceX\xdc\x5c\xfb\x1f\xbb\x80\
\xb9\x9f:\x9f\x5c\x09\x8a\xf9\xb8\xa3i\xb8\x97%YI\
tO\xe1\x1b\x02\x0a\xd8\xce\x86tul\xb1\x03w\x0b\
\xfe\xb0r\x1a\x162rop\x84<\xbc\x0bsh\xd7\
\x9auu\xaf\x5c\xa3\x87su\xf7I\xf6\xfd\x11I\x7f\
\x8b\xd6$\x86\xf9\x82\xedw\x8e\xfdT&\xfd\x1f\xac\x0c\
nd\xf0\x8e\xca\xb9\x07\x8bK}b\xbdZt1=\
G\x86#\xd0'\x97\xcb\xbf\xac\xd0M\x10\x01\xa5O+\
\xe6\xd6\xacNC\x0e\xccT\x1b\xad\x0f%k\xdb\x94H\
J\x8a\xeaMS\x7f\xabd\xdb\x22y\x0f\xf40\xf3I\
\xb8E\xf2\x94\xf0j4\xddG\xc0\xadTN\xcc#|\
9G\xe3\xecV\xb8\xbcV\xd2\xbbb\xa8,\xff\xc0s\
}\x1e9\x10$@^\x0d\xa0\x83\xfc\x00\x08S^d\
gH\x04\xd1!}\xbb\x1bE\xa7][D5#\xc1\
\xdd\xe0\xfam<\x9e 9\x11\xfa\xa3B\xe5\xf9\x14\xa6\
'M\x17\x18\x18\x9c\x92 \xaa\xa6C\xcf\xadU\x86\x0b\
\xe5\xd9\xbcVX,?\x1b\xc4T\xd2\x91y}`P\
+Li\xf9;f\xfe\x89\xd1\xa0\x95\xe4\xc2\xd0\xce\xbe\
f\xe5(=5f*\x83\xdb\xda\xd0\x18Mv\xc5D\
\x0c\xa2C1!\x0a\x13\xcb\xb2\x07\x0e\x1e\xb6j\xe0\xb0\
\xcao\xd7\xca+\xf7\xa1\xf5/\x0fW\xee\xfe\x5c\x99\x9e\
\xb4{3\xce\xf9\x99lt\xf5HB\xc6^\x9c\xb5\x18\
\xff\x857[=\xde\xc7\x04\x14\x22\x07~w3\xf7\xa0\
*)\xa2\x0a\xd5\x0c\xd5\xc6^\x02\xa8\xb3\xd0\x07\xf9]\
5V\x01Qo\xe3\xec\xddXq\xf2\xcb\xf1\xde\x9eD\
\x11\xd2\xf8U\xd3\x9c\xa9\xf13]Q\x9a\x87K\x17\xd4\
CH\xccr\x9eKs\xac\xca\xc9\x1ej8%\xc59\
\xa1\xb9\x9d\x00\x9e\x17\xba\xcf\xef\xe1\x19\x97\x80\xce:\xeb\
\x06W\x1a8s\xd8\xbd|\x0c,-\xca\xc9\xb05\xed\
\x9b\x97\x81%dn\x06\x96\xda\xfc\x8c$\xaf\xfa\xa5f\
\xf8\x1c\xb0X\x12\xe2\xad\xd3a\xdfO\x92oi\xce-\
\x0d#\x90DS\x80\x98\x95\xcf]z\xf1\x82\xa6\xd0\xeb\
7\xa7\xcaO\x07\xbd\x8fhB\xa4\x81\x90\x19\xc5m\xb3\
\xf0\xa5j(\xb6\xee\xca\x06\xf1\x0f\x8d)!\xce\x99\xc2\
\x84B\xb04\x11\x98\x08\x11\x12\xc1B\xd2!\x8dD\xd5\
r\xee50>\x90<l\x10\x13\x8b\x01\xcc\x7f\xadK\
h\xc5\x19\x7fS\x97\xd4\x90#\xa2I\xbeaU6\xea\
\xc8\x80\xad[\xdd\x14\x87\xe0\xa8dpNB\xd8\xe8#\
u\xe8\xaa#\x953\x02\xf7{6\x15\xbcjX\x1a\x0c\
\xb5[UB\x86\xdb\xb1\xb4>\xc8\x83\xa5\x09\xd4b\xe1\
\x04\xde\x0a\x0e\x1d\xc7\xbf\xcf;\xbc\x1d\xaf\x12\xbcbv\
\x8c\x07\xe4W\x99\xa5\x11\x8c\x87\x0b\xa4c\x09\x19L\xc7\
b\x08\x0e@\xbb&\x98\x1e::\xdc\xac|\x84\xc56\
\x16\xd4\xae\xe6\x10CUh:\xba\x8e\xa5V\x9a\xccy\
!JB5\xd0D\xa8\x1d\xcbN\xc2\xedX\x82\x91\x19\
\x14\x90\x0f:Ct\xdbM\xeb\x1e\x14\x89\xc6\xe7=}\
7\xea\xdf\xf9\xb6\x1b\xd2\xaab\xd9\x89=\x0a\xb6\x07\xc1\
>\x84?S\x0c\xc6\xd0k\x184\x19\x07\xcfo\xc8O\
\xf4&n\xfb'\xe6\xd0\x09\x85\x03\xbe5\xbc*\x12U\
p\x058\xd58\x9bC'\xa7\xfa*\x85\xf7:\xe8!\
\xf6\x11\xa6>\xde(\xc6\xc3I\x1f\xdew\x01\xf1Q\x15\
\xe7\x1d\xaa\xa0\x82wMj\x87\xddN\x1b\xa1w=\x22\
\x94o\xb0\xb9\x07\xd6\xb9(\x9b\xe8\xc39\x7fg_t\
ij\xba\xb2U\xc0S\x7fm\xeez$\x5c\xbf\xc6u\
\x14\xda\x01\xbd\x8d\xc2\xfc\xf7\x0a\x13\xa2v\xb0\x80b\xd9\
i\x92NK\x0e\xa2\xe9\xd0\xeb\x89\x83\x11\xdd-\x14\xca\
\xdb-\xc3\x7f\x9cSb2\x9f&\xd7\x06C\x1cP\xd3\
\xde\x9ar\x0cjm\x80\xad\xe7\x8fw\x11\xb1\xd4f\xc4\
\xc0\xc6\x0e\xb3bv\xb8\xf8\x86\xf2#Q\x22\xd8\xce\x1b\
\x97=\x8d\xb0\x92\x7f\xac\x08\xcb\x0e\xe0@D\x18\xa7\xf1\
N\xc0\x10\xb1O\xb2VqYCi\x1c\x1d\xc1\xc1\x0d\
\xab\xca\xce\xd3\xad\xb0\xb8}\x8co\xf0\x96w}w\xad\
\x99L*,\xf5\xb1c],\xc6s\xa0\x85\x07\xe0H\
\xd0Kd\xc6=y\xe3\x10(o\xddz\xc4T+\xbc\
oLs`\xeb\xc1\x0b:h\xecr2\x8c\xe2<o\
\xc0j\x1f\xbd\xa3\x8a\xb7\x18\xeb\xf5\x83\xf4Ge\x8em\
\x0e\xc9\xc6\x1d\xe6w\x82c\xea\xed\xb8o]\xbbF\xb3\
\xdf\xcf\xb7\xafo\xe9\xb0\xfa\x09\xd2\x83\x81\x17\x93\xa5\x1f\
\x93x\xb4l\xb3\xda\x8c\x0e\xc6\x02\xf0\x8a\x9f\x15q\x96\
\xa1\x96\xbb\x9b\x8d\xf5&d\xf0p\xe2\xf5\x0f-\x1bf\
DC'\x93\xae\x91\xb5\xee\xa4\xd2\xa7\xab\xc0\x93\xcb\xda\
\x12\xee\xe8\x06K\xf3[\xaepO\x03\x83\xca\xee\xb8\xa5\
y\x9e\x8a\xf08\xe4{\xb3\xe8K[\xb3\xf4/\xef \
\x963\x82S{\x08\x1fp\xc7\xd3\x0a\x97\xbc\x97\xe0\x93\
\xfb\x16]u\x1d=N*[r\xcf\x13\xf7\xcd\x94q\
\xcbY}p\x113|\xc9\x87\x10:\xec\x1fh\xd1&\
\xc6\xdd.\x92\x97;\x84<\xad\x86\xcd\x1c\xafBX\x02\
k\x82~\x16\xa6\x8e\xca5\xa4\xd4\xad7p\x03F\xbe\
\xbca}\xe7B\xcfNh#\x0f#\xed\x84\x1b\xb8?\
u\xbe\xd6V^\xdb\xe7o\xd0\xb5\x9b;*\x9b\x80w\
eb1NQBtI/\xaf\x074\xe5\xe3\xdf8\
\x08w\xcd\xe3v\xcak==\x7f\xc5\x01\x18\x1a\x8e\xa0\
7\x1c<\xbe\xf3\x83\xde\xd1\xcaSmq\xad\xb25a\
\x07\x8c\xdf\xb9~\x08d\xf8\xdd#\x0dLp\xf0K\xfe\
Fk\xe3\x9dr`\xb8\xcf\xd6\x9c<(\xccT\x82\x08\
\xbdSo\x91\xda/\xdc\xbb\xab\x85\xc9\xab\x0eN\x10\xe0\
D\x8c\x816\x94=\x0d\xbf\xba\x88\xfc\x9f\x93\xb9K\xae\
\x06m\xd9\x06\xde\x86\xb6*\xc7Q\x22\x8f\xbe\xfe^\xa3\
\xea\x08\x87C\x15\x92GNw\xad\x1d\xb1\xffjj\xb5\
\xc1}\xecc\xe5x\x9d\x05\x1f\x0d\xbf\xe0\xa3\x1f\xfe\x82\
\xff\xde\xcb\x7f}\x7f\x0b\x8e\xc3in\xc1C\xe6;\xb9\
\xd5\xd3z\xde\xb8QN\x8cYqu\xbd\xfc\xf6\x966\
\xf4D\x9f\xbd\x01[%\xe3S?\xf4\x93c\xc6\xd5\x98\
ly\xf8\xefx\xcdc-g|\x84\xcc8!\xc8W\
6\xa6\xca\x0bsL4\x1a\xdd}]\xe6\xac\xe9}\xba\
`^J5'\xd2\xe9^\x93\x10;\x91\xd6\x1c\xdb8\
W\x0b\xe9N\xf0\x9c\x10\xf7\x92N@\x9d\xf1\x89\xa6\x8b\
\xbc\x9a<%\xa63n\x84\x86\xdc,\x1a\x1c\x81\x15q\
\xb3\x82\xf4\x90$\xb7{.\x18y\xb5t\xe1\x1d\x8b\x9a\
u,jS\x0c\xdd\xc1V\xae5[7*j_\xf7\
\x9f\x912\x0a\xe7\xc3\xb9F\xf6Y\xff\x94\x19\x1f\xee}\
\xd2\xae\xdb\x1b\x99#\x9fg\x0c27v\xfd\x13dq\
\xb4\xb9\xe1\xe2\xc6\x96\xbe>a\x1c0\xad-\x1b5\x89\
\xe91\xcf\x9b\xb2\xa5\xc9yK\xbb\x19\xf7\x91\x08\x99'\
\xb4\xdf\x97a:O\x85\xbf\xcb\xd8\x904n\x9d\xc8\xb7\
\xcc\x94\x04X\xa5\xf0\xfd\xca\xceN\x0d\x1bT\xab\x87\x88\
\xb5\xf3>)r\x9bD\x18B\xeb1\xc4]\xc6/}\
\x06b\xc8\xb1=\xf1\xc7\xd0.\x5cF\x9c\x1b\xd3\xb2\xcb\
\xd5\xcb\x9c\xd9%cO\x98_\xafLO\x96\x9en\x94\
\xee-h[\xb7\x11\x9c\xe4\x98\x13m\xed\xca\x9b\xf2\xf6\
0\xcd\xa0\xa5\xb5\xc3W\xfa0\x00[7G\xd1,-\
\x81mJ\xbada\xf6\x82\xd4\xa5\xb2\x09\xfc\xbc^\xab\
\x10J\xbf\xc1c,\xc2\xe2\xa2>\xf2\xc4\xb8\x9b;\xf2\
\x08tJ\xe9\xc7-mbL\x1b\xbbM>\x906\xaa\
\xbf\x98\xd5s\xcf1v\xf6\xcb\x8a63o\xa4H\x0e\
Nk\x13\xd9\xca\xd4\xb2\xbe\xf0\x0b\xac\xa1\xbe1\xb7s\
\x11PT)\x1d\xacD\xc9\x98\xe9\x80[+\x00\x9e\xf7\
\x98W\xc7\xf4\xc9E=?\xe8\x18\x06A\xfc\xd2\x0d\xfd\
\xe5\x9c\xf9\xe9\xdcy\xfc`\x19U\xd7\x84\x9d\x940\x80\
\xa9\xe8\x86\x8e\xccS.~l\xc2`\x95\xbd{\x99O\
v\xf9C\x1d\xad\x114\xf03\x8e*'\xf0{<\xe7\
$\x85W\xa1\xf7\xb6\x88Ox|g\x82\xe6q\x80\x92\
\x83\x1d\x0a\xf3\x19CS\xcbM\xf7~\x5c\xffa\xae2\
9\x80.\xea\x0fYmq\x8d\x02\x01?\xa9:}\x9d\
\xa2\x89\xee8\xdf\xef^\x84\x0e\xb9\xe6+\x82f\x09\x11\
Tn]\x10\xb9\x893\xd2\xaasrT\xc0\xfb\xb8*\
'\xd3\xbc\xdc\x86\x9a\xf8w1.\x9df\x15\xf5k\x0c\
\xaf\x1a\xed\xed\xc2\xce\x96\xd0\xb6\xc8\x0d\xa5x\xa2\xc8\x0b\
tC\x17\xd7\xb4\xad[Zn\xcc\x0eF\xfa}m\xfb\
!\x88\x9e{\x86QK\x1b\x9c\xa9oZ\x5c\x1d\xd1\xef\
\xac\xd5x\xa8\x1f\xa2oj[\xfew\xea\x9e\xda\xfa\xa5\
*V\xf9\x08\x5c\xd4$\x0f\x16Z\xee\x0f6\xd1D\x97\
QD\x04\x9e\xacQ\xba\x99\x81\xf2\xf6M<\x5cCs\
hGQ\xbe\xb81\xceD\xbb\xd9^\xc6\xd8\x11\x0d>\
\x06\xbf\x92\x22\xd0\xef\xab\x16\xef\x0bKu\xf5\x00\x96\x96\
\xa0)\xe3\xd1s\xcb\x9c\xc6\x16c\x86\xea\x9b\xfa\x98\xa1\
t\xf6/(\xa3j\xb2\x03\xc9TD\x16\x84(x>\
D\xfd\xf3n\xf7\xc6\x08\x97\xea\xc6\xb8uh1\xe3\xb6\
W\xf6\xfc/\x95\xbf\xaeu\
\x00\x00\x0f\xd5\
\x00\
\x00B\x0ex\x9c\xd5\x1bYs\x13G\xfa\x9d_1\xf1\
V%f\xb3+aB\xd8\x94+&\x95\x98\x04H%\
\x81\xd8Tx\xd8\xdaJ\x8d\xa5\xb6<\x8b4\xa3\xcc\x8c\
\x0c\xec\x86*9\xc1\xb6\x0c\x92e\x82q\x8cm0N\
|\x85\xc3\xb2\x83\xe3K>\xfe\xcb\xa2\x9e\x91\x9e\xf8\x0b\
\xfbu\xf7\xcchFsH2\x90J\xfa\x01\xe4>\xbf\
\xfb\xea\x1e!\x91\x94d\x95\xfbR\xfd2%D.s\
\xc7Cm\xef\x1e\x11\x1c}\xa1NITe)\xaex\
\x0e~\xc6_\x93R\xaa\xc2\xb59\xc6\xce\xc8|\xb2O\
\x88\xf0\xf1\x8f{{Q\xa4f\xb87\xa5Dx1\xa4\
\xf6\xa1\x04\x82\x81c5\xfd\x11v\x5c\x1c\xc9\x0a\x1d=\
\x12\x0esxs\xa1\xb47\x83\xb3;87\xa7\x8f\x0c\
\xbf\xd8\x9d\xc2\xb9\xbb\xa5b\x11\xdf\x9c\xc3kw\xf5\xf9\
\x9d\xd2\xd6\xa8v'\x07s\x9e\xa7\xbf\xa3\x0b\x0a\xdb\xe5\
\xc2}mn\xe8\xc5n\x06g\x86\xb5\xdcO\xfa\xf4\x8a\
\xf6p8\xcc\x16\xe9;K\xe5\x95}}o%\xac\x8d\
<\xd6\xf2y<:\x84\xf3\xbf\xbe\xd8\x1d\xc1\x9b\xbf\xe2\
\xf9\x09-?\x863\xab\xdcY)\x81.\xf01\xc4\xe1\
\xc1\xb5\xd2\xcecr\xe4\xfe\xad\x17\xbbYz\x00\x05\x04\
\xe7\x1f\x95\xd7g\xcb\xeb?[P\xe0\xfc\xed\xd2\xc1\x1c\
\xceo\xc2\xbc\xca\xc0\x01\x1e\xccq_p\xa5\xadGU\
\x0c\xc6nh\xd9\x81\xd2V\xbaT\xdc\xb3\xa0$?\xd6\
\xe6\x08\xac\xf39}|Y\x1b]*\x157\xf4\x9dE\
\xed\xfe,\x00Ep\xea\x022\xf2b,\x8e\xb8\xff\x1e\
\xe1\xa0\x09\xd1v.\xc2\xcbQ\xfaGR\x96\x92HV\
\xafq\x17\x09M;-\x02r\x94\xc6\xed\xac\xdb9\xf3\
\x92$_V\x92|\xc46\xfb\xe2\xb5$\xe2\xae\xb8\xfb\
\xdb\xbd&;w\x83\xfe^!V\xb3U\xa4\xa6\xb3\xdd\
5\xed\x08\xdd\x05\xa8\xa9\x8f\xafq\x9f\x09\x8a\xfa\x95\x80\
\xaepQ\x14G1^E\x9c\xf6l\x19\x0f.8O\
RTY\x10cU0\xcf\x01\x1dZZ<\xe7\xa8\xbc\
r\xf9\x0b\x9e\xe0\xef3!!E\xd1EtU\x0d\xd8\
A\x8e!\x8f\xe1~^\xe6\xe4T\x1c)\x17\xf9\x98\xd2\
\xce\xfd\xf3_\x9e\xab\x15\x95WS\x8a\xf7\x01\x82\xa8r\
\x09^\x8d\xf4\xa1h\xa7\x94\x12a\xc61\xf7\x84$\xaf\
(A\xe3\xcae!\x99\x0c\x9a\x80dY\x92\xfd\x87#\
\x84\x09\x11\xd5o\x07\x03\x8d8\xaf\xa8\xdd\xa9D\x82\x97\
\xafQ<L\x9ei\x93\x05<\xb6\x08\x82\x8fw\xd3 \
\xb9\xda\xe4>h\x806\xbd\x8e\xe7\xa7\x98*\x82\xe4:\
7\xec\x91\xa48\x87\xae&y1\x8a\x80m\xbd|\x5c\
A\xd6v\xa6\xd6L\x11Y\xb04O\x1b]\xd0\xc67\
\xf0\xf6\x866r\x07\xce1\x14\xd1T\x1b\xbaV\x11b\
\x22\x1f\xe7\xfaAt\xba\x90\x92\x8a\xabJ\x17\xfa&\x85\
\x14\xc0\xab\xd5--Gk\xd7t\x03\x97\x1a_\x81\xa2\
\x82z\x91JES\x87\x9c\x05\xd9\x96\xe4k\x8d\x1fs\
\x95X\xc4N\xa5\xbf\xc9\x15\x9f*\x92\xd8\xe4\x92\x0b\xd1\
\xde\xfa+\x80?\xe5\xcdg\xe5\xbd'`\x16\x99\xe1\xac\
\xcc\xfdV^\xba\x813\xf7\xb8\x8b|\x0fW\x19\xccA\
\x1f\x1e\x5c\xc6ki\xd6]\x99&\xa6\xb7\xb4\x95+\xed\
\xdf/\xff6a\x99?\xfd\xe6\x86\x96\x1e\x00\xe3\x88\x97\
n\xe9\xc5\x0c\xce\x17\xc0\xde\x99\x92b\x00\xc6\x0cGJ\
F]D\xc7\x1a\x82\x8e\x89G\xe5\xa7\x1b\xe5\xa5\x0c\x03\
\xc0\xe6\x01\xb2\xc4L\x17\x8a\xda\xec\x82>s\x0b\xef\xdd\
\xc1#9\xe6\x068D\xdd\x93\xd0\x8f8\x0bjsG\
b\x8c\xc7\x1e\x1b\xee!\xff\x9dvw5\x8c\x0f\xf6\xf4\
\xbb\x0b\xe0H\xf0\xde\xdd\xb0~o\x0f\x8f\xe5\xc0'\x84\
qv\x1b\xf0g\x1b\x84\xd9\x7f\xda\xc40\x18\xf0\x1a\xb4\
\x922\xa2BZ\x1f)f\xe1\x13\xc9\xb8\x10\x11\xd4\xb3\
H\x88\xf5\x81v\x12\xbf\x88D\xb5S\x8a\xa7\x12b\xc8\
9\xca\xbd\xcd\x1d?AW\x81NK`i\xa9\xe1\x0f\
\x09\xcai^\xbe\xcc}`\xfcI\xc7>\x8au\x82\xdb\
\xe0\xda\xdd}t}\x8f$G\x91\x1c\xaa\xbf\x0d\x9dG\
\xfb\xdb\xdd\xfd\xf6\xad\xae\x08Q\xb5\xaf\x9dk\xa3}2\
\x1f\x15R\x8a\xb9\x82\xfd\xf5Y\xac\xea\x07\xa8t\x94G\
\xc0\x15Oi\x0f\xb7\xb5\xdc\x8a\xcd\x8arx\xe8\x19^\
\x99\xa2b5\xcaQ\xbd\xa56B/\xce\x82;\xc5\x99\
ym\xe2i%],\xef\xdf\x86q\xc2\x11\xb2\x0d\xe3\
@oJ\x046K\xa2\xb1['\x81\xb4\xf5\xa8\xe1J\
I#\x16]\xe1:`W\xc2\x8dV\xdb\xa1\xdf~\x0b\
F\xef\xa85Q\xe8\xe5ZabG\x07\xd7\xc2d\xa3\
\xb4\xf5\xb4\xe5('#5%\x8bvB\x5c\xe2e\x11\
\xb6\xf2Z\x08A\x866\xf5\x1d\x1e\x98\xf1\x5cHN\xed\
F\xc0\xed(X\x5c\x9f\xe5x%\xabe\xc6\xaa\xcb[\
\xed\xbe\x84;\xc5\x1ds2\xeb4D\x0e\x10\x0d8\x18\
\xd5\x9d\x8aD\x90\xa2T1\xa3nxY\xcbl\xe2\xfc\
\x84\xb6\x91\x09\xe3\xf9\xb5\xf2\xfa\x020\xa2R\xbc\x01\xa4\
,?]\x04\xfb\x0e\xc4\xaf\xdc\x7f\x80o\xef\x01\xda8\
\xb7V\xb9\xf7\x0b\xa5r\xd6\xc9\x11`Gyx\xdd$\
\xbe\x05~H\x00\xc3\x7f\xf5|ok\x0b;\x02\xe0?\
\xd5\x01\xb0\x02\x89M\xd4\xe8\x99\x0d\xd1\x93\xc4`\xabk\
z\xf1\x11@X\xbes\x9f\x82A`\xd3\x07V\x19\xe3\
\x01\xaa\xf2\xdc2\xc0\x8c\xf7\x07\x01`\xb04\xcc-Y\
;\xb8\xcf\xb8 \x0b\x09\x93\xe8\xd7k\x1d\xdd\xfc\x8d\xd2\
\xce\xa8E{j\xc4\x88\x85\xb0\xd3\x8c\x9e:\x05\xd1\x1b\
\xcel<Og\x99\xc1\xd1\x8bw\xb4\x07\x10\x97\xe6H\
\x0f\x15\x99Jz\xa42\xb7\x0d=Zv\xa4\xf2\xc3\x0a\
\x1e#6\xd0)\xa7\x02\xc8(h8\x02\x0bA\xc8\x8a\
\x0e'\xac\x06\x86.\xb9\xa1\x14\xf7\xe1\x86\x1dyfk\
X\x88o;\x9f\xc6\x9evkd\x8d\xf0b\xa4O\x92\
\x95P\xaf\x10\x8f\xb7C\xfc\x22\xc3\x14\xd7 \x908&\
\x88`\x04\xdaNZc\xc4\xf4\x01.\xd0w\xec\x88\x9d\
\xc5\x7f\xb7\x1a\xa7?yB\xe4j.\x0b$6B\xff\
\xb1\x1c\x18>f3\xf0\xfe\x1e\x84\xf7\xb6\xf9\xd6.]\
\xd2\x15\x17\x06\xa4\xb1N\x0a\xea%f\xa2T9\x85\x1c\
S<\xa12 3@\x98\xde\x87c\x01\xa2\xee\xaf\xce\
\xb0\x90\x10 \xa2\xe6\xe5|?\x92\xe3\xfc5N\x9b\xbd\
\x03\xf2X\xda\xda\x01\xaf\xa3\xdd+\xc0o\xc7N\xe7T\
\x94\xa8\x01\x8c4\xd3h\x9et\x8d\xf4\x19\xee\xc0c\xc8\
\xc0\x08\xfcL/D~(z\xc9w\x93\xda\x99g\xfd\
7=\x97 \x1a\xed\x86\x904\x22\x08$\xca>\x07\xd2\
\xe09!P\x1e\xecM\x91Rr\x84D\xea\xdf\xc8\x91\
\xf6\xb0\x00\xfb)aJ\xce\x90\xd2\x1fk\x09X\xd2-\
\xfc\x07\x96}\xa9\x86\x14\xf8\xd1\xdav\xf2o\x80\xc3Q\
\xcf\xf9\xfd\x82\x22\xf4\xc4\x91\x19w\xd6\x0e_w\xf58\
\xd8\xe8M\x00'~\x81\xa401\x0c\x9cT\xd7\xed\x12\
-7\xac\x94\xd3\x9c\xdb\x06\xea\xa0v\xbdF\x0bzP\
\xdc\x03;\x95\xa6-f\x0a\xe5\x1a\xee\x05\xf5\x0f%\x85\
\xab(\xce\x18\xc0 !\xbd\xe4\xef\xb3\x08\x1c\xbb\xcdV\
;V\xf5H\xf1\xa8\x87\xae\xbd>\xf4\x1bPt\xd2P\
\x5c\x88\x92\x5c\x19v\x0a}L~w\x11\x9d\x08 \x9d\
\x15\xaf0\xdb\xe3\x18\xabM\xd7\xed\xcd\x8c\x81\xda\x8e\xf9\
*\xf7\xf1\xe3~\x16\xa1j\xec)\xe7Xt\x056\xa7\
\xed=?j\x92*A\xc8\x11\xf7xP\xc8[\x08H\
#:^sh\xa0*D@\xc5\x91|N\x0cTw\
&]\xd5m='\xd5\xcaX[[}\x9d\xb1\x84\xe1\
\xbc\xd8\xac6\x5c\x0fr<;Y\x87\xe3\x19\xfc\x1e\xf2\
\x01\x12\x9dz\xf8\x9b3\xb2\x10=\xac\xc3\x89Pw\x0a\
\xb2q\xdc\xa3\xbb\xdb\xf2FN+-KW\xac\xa1\x13\
G\x9a\xd0\xee\x16my\x0e\xef\xe6\xdd\xe6\xb5\x01\xca7\
\xa4\xaaV\x18\xebVVw\x84\xeb\xe4F}\xe8\xcd\xea\
M}\xe8\xdd\xca\xf4\xe724u\xb8\xc8*\x9b\x7fR\
.\xb2\x12\x1b\x0d\x5c\xff\x97\x1eo\x00\x89?:3?\
\x17\xa2\xd18:<7Y\x01\xe1\x0f\xcbMR\x092\
\xea>\x1f\x9e\xe1@\xee\xf4\xa7\xfb8\xf3#dZ\xa4\
(?4\xa8\xef\xadt\x98)X\x96\x15\x84X\x86\xd4\
Q\xda*\x924\xf2\xce}\x9a.\xaek?nt\xe8\
\xc5\x03#},Bf\xb5\x883\xab8\xffL\x1b\xfd\
\x016\xac=\x94\xe5\xf3$\xcd\xa4\xf5\x93\x0b\xbc\x08\xce\
\xef\x9bD\x9c\x83\x8c\x0e\x0e\xc0\xb3\xb3\x0c\x163\xf5\xcc\
\xb0\xb3\xa1\xbf\x03\x8e\xe4 ^\xb7\x8e\xb4\xe7\xa5\xa4\xf9\
%\x08\x8cY\x0dI\x81R\xb5\xbf\xb5C](\x89 \
\x81\x93}\xdc+\xb1b\x10:Z\xd5d\xcfIfE\
\xbc=0\xae0\x9b\x19_\xb8a1\x9b\x95C\xb8\x83\
\x06\xb3\x19\xe1\x86\xca\xc7j\xe2\x0c\xb7\xfe\x99\x8dd\xe4\
\x01\x02\xc0\xc4\xc6C\x0c\x8c\x01&\x0c\xbe\xbb\x1b\xc2M\
\xe9u\x9aWy\x10\xf0\xaf{RB\x5c\x15\xbcCi\
\xb3}\xc0\xb5\x1e\xb6\x8a\xe5\x9dG\x98\xad\x9dku\x00\
\x03\x89\x5c\xd2\xb9\xbbQbqnm\xd8\x1b\xff\xbd\x83\
\x821\xb3\xb1\xc4+\xe6\x1f\x8d\x99\xad\xa9\xa8\xcclU\
\xff\xca\x90\x13\xbd2\x00{s\xd9&wd\xeb\x9a\x1e\
\x90\x06\xd8\xdba\xd9NZ \xeb\x1bq\x0a\xc1\x02@\
Z\x13q\xa7\xd9\xdc\x89\xa6w\xaf\xbb\x87$\x1c\xbf\xec\
\xd0\xca\xd3\x946\xf3\x88\x15\xdd\x99\xf64\x15\xd2[\x99\
\xb0euBq$\xc6@\xbfI\x9d\xc8\x9bwf\xc4\
\xe8<\xd6;3?L\xe0\xfe\xca\xdc\x95\x9bt\x0d\x86\
\xf8[#,\xc4\xd7f\xd2\xe5\x83\xdb\xda\xed\xc9\xf2\xe2\
\x80W|\xefE\xd9\x06\xdc\x04#\xa0\xed2\x0dpm\
ag\xc1\xa1-`Z\xedc@j\xbcJ\x98\xcc*\
\x86N:\xd7\xa1\xef\xeb\xa1k\x03Q\xab%W6L\
L\xc9:\xc5\xea\xbc\x0e\xb2\x04\xb1\x03OO3v\xe0\
\xcc\x90\xbeV,\xaf\xccA\xc6\xf5\xda\xca{N\xa7F\
j\xbe\xe3\x1b\x95\xe9!\x08H\xf4\xa9\x1b\xfa\x93E<\
\x96aW:\x00\x0a~p\x8b\xfd\x06\x80\x9a\x09\xec\xde\
\xef\x81\x84\xf7Z\x1cu\xbc\xc5\x18\xf4\x97c\xef\x9c<\
y\xfa\xe4[\xa7\xf4\x9dgxp\x811\x9a#\x82\xe0\
\xbc\x97\x85\x8e\x96\xf7\xc3=\xa7\xdc\xbaF6\xfeD\x92\
\x13\xbcj\xf0\xa5K\x88\xf45\x96\x12\xb95\xd2b^\
\xcd\xe9\xa7j\x0cBS\xc1\xac\x0b\xe7\xe3\xef}\xf8\x8f\
\x13\xef\xbeu\x0a\xaf\x8c@l@\xb1\xb5\xddr\xff\x0e\
\xa8\xbe\x1c\xf8\xa7;\xdfy\x97\x82O/@(\xf8\x8e\
\x9b\x97?\x0b\xfc\x95\xf1{\xe5B\x81\xc2_}#\xf0\
\xbbC\xcfj\xdf>\x9a\xdapef\xdc\xa8\xccl\x15\
\xd9\xfd\x0e\xbbT!\x19\xc0\xe6\xa2\xd5\x09\xb8\x91\xd4\x82\
^\xc8\x84\xf5\xe2,\xd8\x93\xb0\xf9ta\xe4u\x99\x95\
\xf7\x5c\x97\x06\x04\xa4\xfd%b\xd5\xc6\x0a\xf8\xe6r\x98\
]\x03\x02@Kz\xf1)\xb3\x00\xf4z\xb3h\xbe\xa0\
\xc8&\x8d\x10\xc5v\x99i\x91\x0f\xcc\xf4G)U\x95\
D\x0f\x09 %\xf4n\xa3\xe4l\xbb \xaa\xb9\xb8$\
>\xc8VqO\xf2)\x05\xd1\x8a;\xe7,\xc5\xd3\x87\
Y\x9e\x95\xf8\xdaJ\x9e\xd7\x09\xc6e\xa7g\x10\x00Q\
t\xed\xe2\xea\xf5(Y\xcchC\x01bD3<\xa2\
;6S%\x09\xc2\xc2dc\xd0x\xf9\xd5&a2\
\xb6h\x002>B\xe2o\x98gp\xd3},\x95\x8d\
\xea\xd5\xa2\xbe8@\x9fEd\xaa\x9d?nh\xe3\xdb\
\xfa\xf8\x1a\x881\x88\xd0\xf3t\xb62\x9c\xd3&V\xd9\
\x99\xcf\xd39p!8\xff\xb36\xba\xa0\xaf\xcc\xd5J\
\x0aiH\xe4\xc1\xbcC\xc8\xfd\x06-\x08\xbb/\x18]\
+$\xb13.D.\x935\xdeq$}wa\x90\
6lQ\x88\xfal\xf2\xe2\xce\xfcs\x9a\xdd\xd3\xb2\xb8\
\xd5N)\xcfM\xe9M\xb1?\x03\xc9\xcd\xa5/o\x8e\
\x06\xa4M\x1e\x0f\xdbB\xaa\x14\x83T\xfa\x02\x91\xfaV\
J\x15\xd7\xd3\x92\xdav\x1d\xe2 %(\xf9\xf6:\x06\
\x00\x96\xd5nP\xa1F\x0f\xa9\x1b\xd0\xba\xaa#6Y\
\xa0U\xeaA<\xb3l\x17(\xf6:\x0b\xec\x89\x96\x1f\
+\xedO\xe3\x9f\x1eT\x86\xf3ap\xc1\xf0_ik\
\xbe\xb4\xf5\x88]J\xd7nL\xacQq\x94YJ\x9c\
\xdda\x0f#-\xfb\x04\x96\xd7\xceO&\x9a$\xaf\xdf\
? w\xe5\x07\x8f+\xe9Y'h\x87\xb4`\x8ek\
AT\xcf\x1a\xb5\xd8\xcf\xf4\x98d\xda\x89\x16F\x86\xaa\
\xdd\x05\xb2\xe5'\xb5\xe9u\xeb\xf9\x8e\x96\x99`4\x0a\
\xde\xd1\xd2o\xc5\x0c\x9d\xdds\xaa\xf1U\xf3\xeaG\x10\
>\x9f$\x0f\x03\x94\xcf\x91\x98\x0aII$z\xac \
cA\xb78\xce]<\xe7\x91\x01\x9f+\xe9\x1a\x1a\xd7\
\xa5\x9d\xb7me\x98]\x94\x85X\x0c\xc9\x047_\x85\
9'Fd\xc8KD\x95\x8f\xbf\x94\xee4\x89V\x03\
\xecn\x0e\x8f\xd7\xab\xf8\xb6d\x9c\xe4\xae\xf4\x19\x5c\xf5\
\x8d3{\xd4\xc6\x1e\xe7\xd9^D[b\xca\x01~\xe5\
\xfdm\xf6\x80\xc7\xa1\xcac\xd9\xca\xe3\xc9Z}u\xbc\
\xc4\xa6/\x9e!=\xb2\x95\x83q>\xa7M>,\x17\
\x16\xfc\x9f\xd7QQ1\xc1[\x1c\xd2\xa7'J\xbb\x93\
x0C\x8a\x85\xd3\x0f*\xe94+\x19\xbe\x1aK\xe1\
\xff\x80\xc04\x14\x81\xb5\x8c\xaa\xa1(m\xedh3O\
\x18\xe0\xf65\x0c!|k\x1f\xac'\xab}\x92@\xf3\
\xe6\xc3\xf2\xde\x9e\xbd\xe8\x19\xa0\x13\x8d\x98\x0e\x9b%\xa0\
r\xe4\xf7>2X\xc8<\x84\xc7\xf6\x5c\x92\xb8\xe6f\
_I\xda\xb6\x02*\xe8\xe3\xb3\xda\xdd\x0c\xa3\xce\xa1\x9f\
J\xbe\x14\xbf\x05\xb1W\x0af\xb7\x0d\xe1 v\xbbi\
\xc0\x90\xb3\xa4\xdd\xe0\xbb\x0d\xc9\xe7\x10\xb4\x99h\xc2o\
;\xa2\xfa\xd3\x91`\xd6\xc7\xfa$E\xad\xcfv\xef\xf7\
\xa3M1\xbd^\xc6\xe5\xd2v\xc3\xa3O\xd9\x9f\xb2\x11\
\xcc\xcd\xb8\x823\xf3\x13\xed \xad\xad\x17\x01\xcf\xb79\
\x96^\x11E\xa0a\xc3\xcb\xf3UA\xbc\x1c\xe9\x0b\xe4\
\xac\x1d\xbe\xfa\x9ce6\xceovs\xd1\xba\xe7+@\
\x10\x94\xaa\xa1\xcc\x17\x9c\xd4\xcbj3\x8f\xac\xa0\x9e\x8b\
\x0a\x0a\x0d\xcc\x81\xd6\x93\xfa\xc0\xaa\xeb,+n?D\
\xdc@\x97x>\x8c\xaf'5/\xcf3\xf2\x184\x90\
eLL\x1ag\x96\xf7\xecf\x95\xc8\xe3\xc9\x7f3\xb4\
 \x9c\xa7RmV\x19\xa6\xa8\xe3$\xafC\xf0\xe0F\
\xa98a\xa7\x16xP\xbc\xb3h\xddH\x9e8\x96\xbc\
\xca\xde\xa5RX\xb9\xca\xcf\xa3\xda\xc3\xdd\xc3\x91\xda(\
\xee\x12R_\x90Q\xafp\x95\x14o\x12\x92\x8c\x82H\
N\x115\xbf\xbf\xa0\xa9\xf0\xf8F\xf9\xb7M\x96\xc1R\
\xac\x02\xb8\xe1\xb3\xd8\xfe\xc1\x87m#G\xf7K3\xcd\
:\xb6\xc3\xc8^\xcd\x8ef\xeb\xfcF\x2236JL\
\x9a\xe3S\x15\xfa\xacyk\x8b\x5c%\xdf\x9c-\x7f\xbf\
\xe7S\x16\xf2y\x11KZs\x95!{\xb735\xb0\
ps\x09^f\xa825\xae\xef\x1c8\x06\x82n\x84\
\x1b\xbc\xbd\xb6\xae\x83]#\xaf\xe23\x00\x0f\xa6P\xb8\
_\xe1\xad{M\xa1\xcd\xa2W\xf5\xbb?;\x83A\x01\
\xf5\xa5\x22\xa9\x97\x98i\xadW\xbd$P\x15I\xf3\xb3\
|\xecE\x8b\xff\xbbU3\xd1\xb0A\xe73\xb1\x1a~\
\x1e\xach\xe3\xdbV\x5c\x0d\xde\x85\x19E\xf6~\x0b,\
\x10\xdb\xa6\xbcY\xc0\xfb7\xbc7\xab\xa7r\x06\xcd\xaa\
\xf5\x1cVR\x81_\xac\x16\xe5\xb9\xc0\xf2M\xb6\x92\xcc\
\x1b5\x05\x9b7\xdft\x8dV\x0b6\x9e\xbb\xba\xb4\xdf\
\xe3\x9b\xab\xfa\xf9\x94\xe7\xf5).\xec\xe2a`\xf7T\
g\xf7W\xe1O\xbb\xcf\x7f\x11\xbep\xfa\x13\x0e\x8fe\
\xf0\xf6\x06\xc4\xf8\xe5\xfc\x0c\x84o\xafN\x14\xd8\x17V\
_G\x94\xfe\xfa\xe2@!\xab'\x08l\x96=|!\
\x82\x9d\x1e\xd1n\xfd\x02\xae\x04d\xc17\xefn\x84\xff\
\x16;k\xbf&\xa9\xc7&\x86'\xbb!\x08*P\x90\
\x16P\xa4 M\xf0\xd8\xcewr\x03i=i\x06\x89\
\x81\xe7\x5c\xeb_C\xc0\x8d\xa3\xfe9=\xc3\xcc\x96\xd7\
\x9b6\xb9\xf6{\xbc\xc62z\xd2\xbcK\x12\xcd\xc3O\
\xe4\x95 \xf0oE\x12\x0f\x89\x81\xf3\xfb\xc0\xdf\x1f\x05\
\xa2m\x80A2\xda{H\x04\x1c_+\xbe,\xfc\x0d\
\xbe\xb9\xb0\x7f\x22\xfe\xealC\x1f\xfb$\xb4\xbea\xa0\
\xe7\xd63\x0c\xf6P\x99\xad qia[+\x8c\xb3\
\x97\x0c\x87\xb7\x0a^\x11\xb4\xeb{\xd6\xc3\xd8\xe3F\xaf\
\xff\xccF]\xfa\xc3\xca\xbdy\xe6\x05_\x1d+\xc8\xf3\
:\xd5'r\xa6d6=69\xbc\xae\x89\xa6\xb3,\
_]\x87\xeeQ\xfae^]\xc2{\x15\x17e\x94\x90\
\xfa\x91\xf5i~\xd3,\xb0\x87\xcb\xec\xdf\xebG\xfe\x0f\
Q\x9e\x8b:\
\x00\x00\x19\xa5\
\x00\
\x00r\x09x\x9c\xd5=io\xdcF\x96\xdf\xfd+j\
\x1a\xd8\xc0^\xcf\xb4\x8e8\xd9@\x80\xc6\xeb#\x89\x8d\
\x89\x13'r\x92\x05\x06\x83\x80\xee\xa6$\xae\xfbZ\x92\
\xf213\x01\xda\xb6NK-\xc9\xb1\x0e[Rd+\
#[\xf2\xa1\xc3\xb1#\xc9j\x1d\xc0\xee?I\xba\xd8\
\xecO\xf9\x0b\xfb^\x15I\xf1nRV\x9c\xa4 @\
\xddd\xd5\xab\xaaw\xd7\xabW\xd5R\xb6\x90\x97U\xf2\
\xa9\xfai\x97\x94\xbaD\x9a\x93M\xef\x1c\x92\x1c\xcf\x92\
\xa7\xf29U\xceg\x14\xdf\x97\x1f\x09\xd7\xf2]\xaaB\
\x9a\x1c\xef>\x94\x85B\xa7\x94\x122\xef\xb7\xb7\x8b)\
\xd7\xeb\xf6.%%\xe4\x92j\xa7\x98\x15\xe1E\xa3\xeb\
y\x8aw\x97\x11e\x85\xbd=\xd4\xd0@\xb4\x81\xa7\xda\
\xc8\x88\xbe;M7\x1f\xd1\xd2\x5cu\xa0\xef\xe7\xad)\
\xfe\xb0\xb2\xb1\xf4\xf3V?\x1d}\xaaM\xdd\xa0\xd7g\
\xb4\xe2\xf5\x9f\xb7\x06\xb4\xbb;\xd5\xf9\xcd\x9f\xb7\x86\xb4\
\x81]}{\x9b.\xcfj\x93k\xbcyecX\x1b\
^\xa0\xfdk\xda\xd0@\xed\x9b\xe5\x9f\x8a7\xb0\x833\
\xf9\xacx^\xe8\x10\x09\x9dY$\x9d\x82r\x22\xa5J\
\x97\xc56\x18O\xab*w\x89\x04\x9aW\xc7\x16\xb5\xa5\
y\xde\xbb6\xbd\xab\x95\xbe\xa3\xeb\x0f+\xdb3th\
\x93\xf6O\xeas\x8b\xd0\x1d\x82\xaaM\x8d\xea\x93#\xb4\
g\xad\xb2}\xcf\xaaQ)?\xd4\xafOU\xbb\x1f\xd1\
\xed;t\xa0d\x0c\xbd\x5c\xa6\xb7\xe6`\xf4\x08\xba\x7f\
\xbd6S\xd4\x9e\xdf\xb0&V-\xdf\xd1\xbe\xbd\xafA\
e6\x19\x17@\x98$\x1f:C\xcf\x8bE\xad{\x04\
Z\xe2\x80OY\xf8#\x95\x8d\x22\xdd\x19\xac\x15\xa7\xf4\
\xdd>r%/_R\x0aBJ\xdc\xab\x90\x14\xaci\
\xda\x1e^\xbdz\x95\xd4\xee\xec\xd0\xad\x11}y\xb76\
\xb9l\xcc\xab\xb2Q\xaa\x96o\xd3\xe5)\xda\xbf\xaa\xcd\
<\xa33\xab\xa4 \xe7\x0b\xa2\xac^\x83\x91\x9c\xbf\xd6\
&\xa5\xc5f\xf2\x0e\x10\x1a\xaa.\xd1\xd5^\xf2\x9f\xe7\
\x8d\xf7\x87\x9d=\x1c!\xfa\xee\x18\x9d\x9e\xadNu\x93\
O?\xb9\xf8\xdf\xc0!\xd8A\x10trY\x90\x1b\x9c\
\x10.\x5c+p\x9a</\xd3\xd9AmxQ\x9bX\
\xa2\xf3\xcf\xf5\x97\x0f+[S\xfaJ/\xed\x7fZ\xd9\
\xd8$\xb9\xaeL\xc6\xa4\x8amB\xda\xca\x88\xf6l\x8e\
\x5c\x94ri)\xd7A\x00\xe9\xb4\xb8U\xbb\xb9]\xeb\
+i\x13\xab\xfaJ\x99\x8eL\x10s\xec\xd0\x1eX\x86\
\xb4\xa9\x82\xaa0\x0e\xa9.\xbe\x80aj\x8bs\x00\x0f\
\x10\xac\xf7\xbdDB|\x06\x93\x10r\x1d\x19\x91\xfc\xe3\
\x10\x81\x22\xa5[HJ\x90\xd3\xec\x8b5\x93\x0b\xc8\xf3\
6\x021\x19h\xe1\x8f\x9d5\xbf\xf4R\x8bM\xda\x87\
\x8a-~\x95\x9d\xd0\xe0y\xbb\xd4\xe1\x02\x95r=l\
\xf1T;\xc4\xa0 i\xc6\x9e\xef\x89\x08p\x1b\xedy\
h\x17@ \xa4\xc5\x98\xe4\xeci\xa0\xff0}>\x8e\
L\xbb4\xa9-\xff\xe0\x1c\x8b\xa2\xca\x88uk\x22g\
\x01S\x89\x84o\x1dUP.}, \x86\x02*d\
\xf3i\xf1\x82xU\x0d\x81 w\x88\xfc5'K\xb6\
\x90\x91R\x92zF\x94::\xe19*\x1b1\xa7\x9e\
\xcag\xba\xb2\xb9\xa4\xf3-9J\xdenf\xadR\xf9\
L\x1e\xd0\xc3\xa8\x95\x94\x94\xd3\x82|\x89\x1c7\xbe\xb2\
w';N\x01\xadI\x8b\xf7\x19k\x7f1/\xa7A\
\xb0\xea\x83a\xf5\xd8\xf3\x16\xefs;\xa8+RZ\xed\
l!M\xec\x99,\xa4\xa5.\xc5l\xc1\xbf}\xd4\xb1\
G\xbc[k\xa0\x15\xf5\x81\xef\xed$k\xbd\x22\xc89\
\xc0\x10h\x9fZ\xb9\x1b\xb4\x09\xf09]\xff\x9e+\xd1\
V\x15pJ\x14\x11\xb0\x93\x16\xe4k\x0cP{W\x0e\
\x94E>\x07\x98\x15\xd4.\xe5\x14\x8e\xeb\xf0\x11\x83\xdb\
\x19j\xdb\xc9\xe1\xc8:F\x02Y\xeaR\xc4\xf4\x11\x22\
\x8bj\x97\x9c\xb3\xcf\x16\x09\xda\xe6\xe8\x9bM\xd2S\xef\
K>\x03V\xe3\xebC~\x83DH\x078\xc6\x84\x85\
\xa0\x84{X\x09\x0b\xb1\x09\xfbx8_q\x1bi\x1f\
F\xda\xc5y\xd6\x1b!\x97\xea\xcc\xcbJ\xb2]\xcad\
ZHA\x90\xa1\x8a\xe7e\x16\x98Z\xca\x01\xc1\x9b\x1b\
\xadw8#@\x06\xb0\xc4\xbb\x87\xac\x87@\xfc?Y\
\x85T\x9f=C}57\x04|\xc0M\x0f\x1d-\x01\
\x93s\xfe\xa0;\xdb\xda\x83>[}\x0b\xcag\xf9+\
\x9e\x19`\xe1\x0f\xd9P\xbf\xe4\xec\x88\xa6\xd2Qeo\
T\x8d\x87\x1c/\xd0\x9e\xf0!L\xef@\xb7h\xba\xbe\
\xf8\x90\xc8]\x19Q\x81\x111\xe6\xfa\xe4\xb2(g\x84\
kD\xbb\x7f\x07x\xd7\xd1\xfa\xac*f]\x83\xc1b\
\x0a\xc5{\x9e7\x9d\x86\xb8\xfb\xbc2fQ\x90\xc5v\
Q\x96\xc5\xf4\x97\x81@\xdc5\xcf\x04\x03=\x9bEE\
\xe9\x1d!\x16$>::\x17@\xb9\x9d\x05.\xf0\xad\
\x14\xca\x07\xf6\xa2\xe4\xbb\xe4\x14*\xc8\xff\x91S-\x0d\
\x12\xc0S\x1a\x18\x1a\x93\xca\xe5\x8eDH\x936\xe9\xef\
\xd0\xecS5\xa9\xc0\x87\xc3M\xef\xfd\x11\xe6q\xc4\xb7\
\xfeeI\x91.f\xa0r\xbb\x90QDO\x95\xaf=\
O\x1c\xe4\xf3G\x82s~u\xd1a\xce\xb2n\xc5\xba\
*\x16U\xc2yY\x02\x11\xba\xe6\xd4\xb1\xb6\x17u\xa6\
\xf8\xb5K\x0a.\x8a\x19\x9fY\xaa\xcc,\x99\x16\xcc\xf3\
\xba\x1d\xc4?Y\x90\xae\x8a\x19N\x08>\x12|\x8a\xdf\
\xcf\x88B\xdaTm\x9eV\x17\xf3\x99\xb4\x8f\xac\xfdr\
\xd3\x8f \xe8X\xc4\x0cx\x80\xe0\xcc\x00\xa4\xe4\xfb\xf8\
\xf93\x94\x8f\x10\xd4Y\xb6\x89\xeb\x1e\xc7;\xb7?e\
/\xa6\xbdkj\x0c\x14\xf4\xe6cA\xda\x81[\x86\x93\
B\xbaCd\xa4\xe3\xa6\x14\x94\x8e\x8f\x18\x1b\xe8D?\
.\xe90{>(\xf2\xe7\x02,L\xe0]\xbd\x86\x0a\
E\x0a\x84]\x94\xcf\xe6B\x05\x9f\xf3\x97mh\xdc\xd8\
\xf9\xd6u3[SSp\xb5\x10\xee\xb2\xa1\xc4\xc59\
\x9f\xe4\xe2\x8a\xce\xd7aVjs\xc8a\xa5znj\
\xe3\xabZ\x09\x16\x22\xfd\xda\xf8K:\xdao,\xa2&\
\xfa*\xe55p]\xfc\x8c\xd6\x87\xb2\x94\xde\xaf\xd5J\
1\x9b\x8c\xf6\xd5\xe7q\x9b\xcd\xd0\xda\xdf\xca\xf9+\xd6\
\xabc\x87b\xa8\x88\x04_Jxuu\x04\xaaE\x92\
w\xcb\x97\xf2J\xbc\xd7\xcdrR\xa9\xfe\xe8M\x0f\xbc\
\xfe\xe8\x9b\xf77\xfa\xdf\x8c\xb6\xaaC\xc5\xea\xf42\xe8\
\xb0\xdf)\x15\xf92\x89\xfc\xf3\x9f$\xf1cq,\xc2\
$~\xeb\xc4<'\xa5\xd3\x191\x04\x1f\xa0t\xf4\x1f\
\xba\xb5\xcd\xd1ZO\xa9\xba\x8d\xaa\xe5\xd4\xf9\xcfIu\
s\xb7\xba8H\x1a\x886S\xa4\xf3\x0b\x5c\xc3\x103\
\xfe\xa4\xad?\xa7\x9b\x8f@\xe1\xb8!ic\xaf\xf4\x95\
2\xf1]E\x88,\x02\x06\xcf\xff\x1d<\xde\x87t\xa4\
\xa4\xdd}\xc0\xf5Zus\x81\xe4\xc1K\x02M%b\
\x08!:\xb9\x12|\xd0\xbfSfK0\xe4N\x91\x04\
\x18\xdd\xc8\x8b1\x0b\x8d\xe7\x84\xab\x18\xee\xc0\xe8\xe0Q\
\x00\xe1\xa2\x18\xf1wy\xc9~\xbb\xfa@\xca0O\xf9\
\xdcI\xd6\x1b\xfc\x83\x9e\x18\x1b\x1ctO\xa7\xc5\x82\xda\
\xf9\xfb\x17\xbc\x08>\x9f\xddz\xd3Wk\xb4\xe7\xa1e\
\xe1\xab\xdb\xb7\xb5\x07[\x95\xed\x99\xca\xc6&8\x02\xc7\
\x98\x1b\xd0O\x87\xefW\x07\x9fU\x9f\x0e\xc2W\xee\x00\
\xb8e\xb0\x0e\xc3\xd9{\xfc\xcd\x0aM\xd02;\x065\
\xac\xe5\xf6\xbb>\x10\x82\x1d\xd4\x88\xd0\xf7\x10\x1a\x99\xc1\
S]2:\xb0(E\xc1\xc6\x05K\x04>\xc7\xf2\xcb\
\xf0:\x96(\x16\xc4,\xa8\xf1\xcd\xcd\x06m}\x8e\x0e\
Mh#\xa3\xd5\xf9M\xdf\xcay\xa4\x89z-\x06\xd2\
\xcc\xb8\x13\xcc\xac1\xf9.L\x03wA\xdc`\xbd\xab\
n\x94\xac\xd2\xb8!V=7+\xbbs\xda\xf5\x15p\
I\xaaK;\xe0J[\xd6\x8c\xef&\x90\xbf\xc2\x03\xba\
:B\xfew\x1d\x8c\xdbc\xfa|\x1ccA\xf0E/\
Nj\x93k\x7f\xc3\xa8\xb9_\x07\xab#\x1cJ\xa5\xdc\
c\x02r47\xa0\xfe\xe5$@\x98\xc6\xd5:\xa9\xdd\
]\xd3\x96\x7f\xa8l\x8c\xf1\x86\x7fn\xc4\xb8\xbd6P\
\xe2\x01\xe2X|j\x05\x22\x22\xa3\x12Gp\xbeSP\
D\xd2\xda\xdaJ\x12\xf85Hm\x1b\xe5\xad\xb7\xf6\xc5\
\xdd\xc8\xb5\xe4\xcf\xc4K',\x5ch\xfc\xe7\xc4\xe6%\
\xc8\x04\xa30\xa4u\xdf}\x87\xc2\xc6`\xee\xfe@\xbf\
\xef\xe3\xd8\xdb!g\x95\xfd\x02\xce\x08\x05`\xf1sJ\
 x\x0c\xd5*\x1c\xabM\x8d\xc7\xde{\xe7?\xde=\
\x12\x82B,\xc8\x9f\xf3\x0b\x95\xcda\xd2t\xee$\xb0\
\xfc_\x9b\x9a\x93o\xa3\xc9\x06\xbe,\xa4\xdb\xf1_S\
\xb2Y\xf9[(\x10\x93\x16\xd0\xac\xd5\x18@\x835\x80\
\xa4\x9a\xff\x00tT\xfap\x93\xff:\xdb\x01DL!\
\x04\xc0\x10\xb6olL6Fnn\xc6\x94\xff\x8a\x1e\
\x92\xe2\xf0>`\x0e\xf8\xf00\x92\x14\x15\xea\xf1\xc4\x11\
\xf6\xcax\x8e\x9d\xc2W\xe5o\xc1\x5c\xeeU\x1cv\xfc\
\x99\xf2\x8d\xe83q\x86X\x04\x81\xae\xcb\xbe\x7fq\xa2\
\xac\xf9X\xa4\x09;&\x1b8/\x0e\x1e\x9f\xc0H\xfc\
'\xe7?\xb1\x88\xa1\x8f_\xc6\xc0\x9b\xe5\x8d\xd8\x80\x88\
\xb1\x95\x8d\x01\x1e[\xd1~\xb8\x0e\x8e3\xe8\xe2\xda\xe4\
Kp\xa2\xc1\xcd\xfaPR\xcft]$'\xd8\x0e\x8a\
Bj\xff\x1a\x06_\x8c\xabo\xfd\xd6\x8d\xea\x8dW\x01\
\xa1\x16\xb6\x00Z\xabM\xf7\x92\x1f{\xbf!\xd5\xa5\xe9\
Zq\x80}\xd4\x17\xfe\xa5\xcd\x8e\x12\xe8\xb2\xb2\xf1\xc4\
\x0e\xa8\xfat\xa2:\xfd\xb2\xb2\xf1\xbd~}\x0c,\x0d\
\x7f\x08\xe3\xc0]\xf2\xddYm\xf8!z\xf5\xd3\x1b\xf0\
\x19\xac\x88\xbd\x1f}w\x1aF\xcfw\x1cy+n\x85\
\xb4\xc9A}\xfb\x19\xfc\xd1\x99~zk\xb1:V\xc6\
\xed\xac\xe5!\xad\x7f\xd4U\x93\xae\xbc\xa2\x83;\xf6\xe5\
\x16\x80\x05\xcfG\x15e\xc3Ti\xb3\xd7\xe9\xeeS\xc0\
\x07\xd88\xae\x96\xb5\x951}\xe7\xa6\xb1GV\x1a\x07\
_\x14\xe0r\xa00b\x98\x89\xbep\x83\x9b\xb3\x04\x1d\
\x18\xab\xdd\x9b'\x1f'\xf4\x95G\xda\xcd\x1e{?\x01\
{AX0BX@3uA\xca\x82#\x92s\xaa\
\xf38\xfb,\xdem\x16>)\x1eg\xe5;\xdd@|\
\xbe\xffN\x12\x05\x91m\x81'@`\x13rW.g\
~N\xe7sb\xc2\x0d\xe9\x8a\x90\xb9\x04m\xf1]+\
~>\x0d\x1f\x80>F\xbbV6\x81\xd6\xd6\x04\xbeJ\
\xc0s:\xfa\x88\xf6\xdf#F\x17n`\x1c\xe5\x00\xce\
l\xce\x1f\xf0\xbc\x0bhm\xf5B\xe8\xfa\xf7\x9c\x92\xe0\
C\xc0g\xcc\xe2\xe8y\xc8v\x02\x1a\x049\xd5\x09\xd5\
\x1b\xd2|$\xe1=b\x0b[\x7fl\xb8\x84>\x9fu\
\x802{\xc6g\xa7#@\xf5D\x02\xccL\x0c\xcc\x96\
\xd8\xbaC\x97\xeeF\x96y\xe2\x9f\xf9\x00.3\xfc\xb9\
\xfbq\xa4[\xc4\xcc\xb5\xd8K\xb4pt\xe4\x99J\xd4\
\xf4\x0a\xa0\x0b\x9f*\x1d\x1d\x86i\xd7\xa6F\x18Ja\
@\x1d\xb2\xa8(\xa7:\x85\x5c\x87\x98n`\x087\xbe\
x\xb6\x01\x96\x06\xc0_\xa5#\xeb\xb5\xbeRuy\x12\
\xe5leK\xef{iH.c[\xcc\xcb\x80!c\
\xa7D\xbb5M0\x87\xe1}Y\xce\xcb dF\xa2\
\x0b\xcb\xf1@y\x0c\x08\xc6\xb8\xbdZ\x96\xd5\xe2\xc8\xed\
\x00,\x19^\x8a\x8b8\xfeY\x1fv`\xd6\xde3r\
\xed\xc7\xf9\xb4\x88`\xc5\xc3~^\x0b\xb3\x98\xa9\x18\xae\
\x93\x07\x02\xf3\x8eRIS\x0c\xf7\xb6\xa8\xbd\x92k\xab\
\xeer\x87\x99\xa4\xee55\x15\x80w\xbf\xc5\xa8`j\
\x8b\x90E\xac\x85\x04.\xceo\x08\x0dv\xdd\x11a>\
\x86.#v\xb5\x02L\x8e\x9a\x05\x18\xccG\xb3\x0c\xe9\
+/\xb5\xbb\xc3\xa6\x9d@-\xf4\xc3*\xb4\xf6\x9dQ\
\x01&d\xc7u=\xda\xe1\x92\xe3p\xc1\xb6@A\x07\
\xc8\xf8n\x0c\xc3\xfe\x88\x11\xf8\x88\xbf?\x15\xce\x04\xfb\
!#\x0e\xe8\x0d\x11\xd1T\xb9\xf5x92\x8e\xeb\xe0\
\xf4\xf5\x19\xdf\xadK\xb8\x93\xc5u\x16iB\x1f\x8b\xb9\
E\xa6G\xdd\xcf\x0d\xa8\xe1Cy\x15Q\xa9\xb2\xf5\xc0\
\xcc\x08c\xfbz\xec3\xd7\xff\x0e}\xaf\xaf/V\xcb\
\xdd\xb8\x0a\xdfzP+~CT\xd0\x84iK\xbb[\
:\x1dt\xb5G\xcf\xce>\xb3\xdc\x00\x9b\x06\xe7\xca\x96\
0T\x22\xb5\x09\xed\xed!9\xf8\xc0\x87\xc02\x02\xdd\
*\xd7c\x91\xac\xc6z\xdf\x13}\xf3i\xb4\xa47R\
+\xdf\xd5\x97\xe7\xb9E\xe2:\x16=\xaf\x8da7x\
UT\xd4\xaf\x98\x09\xf9\x0a\x07\xf6\x95\xda)\x8b\xe2W\
\xb8\xf3)*\xf0\xe4+\x11\x87\x05N\xeb\x13\x90\xd5\xeb\
\xa0\xc6\xed\x9a\xda\xc8\x95tA\x14R)\x9e\x7f\x93\x07\
\xed>\xb6hC9w\xeb\xff\x0b&\xad\x17\x87j\xdf\
\xce\xf2\xa1ZO9EX\xfe\xce\xd5=t{\xa2\x9c\
3\x8bN+\xad\x0d\xdc\xa1C=\xfa\xee(F1\xc1\
\xb62R\xd8\x88\xb0\xd7?q\xbb\x01\x1c1\xee\x1e8\
\xa2\x0cv{\xdbg\x97\x1a\xc9X\xbb\xb9\xc8\x93\x1e\x89\
kjtt\x88\xe3\xc8\x07;{\xb4\xdcw(2g\
*\x0d\x97g\x9btYGOC\x1bYZ<4\x09\
\x8a\xe0\xa9\x92\x8aq\xa1\x84]\xe0\xbc\xe2\xact\xe6\xaf\
\x5c\xc8\x17>\x82a\x04%\xb3\x14\x0c\xa7\xe5l.-\
\x82\xaa\xcfJ96\x85\xc8\xeb6\x9c\x9d\xa3m`\x0f\
_\x08\x99\xae\x83\x85\x8c\xe58\xf9S\x13\x89\x09\xd5t\
\xd4<\x00\xa13A\xca\x04E\xae\x98\x8a\x0d#-W\
\xb7\xa6\xee\xdcS\xb7\xfe\xcb\xf7\xd7\xb7#&\x14\x95\x1b\
\x87h\x08\xe3HKT\xcb\xf7\xf5\xe59XX&\x93\
\xc9\xe0\xd8I\x8be\xb8Oe\x04E\x91\xda%\xd0\xbb\
\x18\x94h\xe0Q\x0a\xc3\xa8KJ\x0a\xf7\xf5\x5cn\xae\
\xab\x1c%\x87M`m\x97\xa4\x02j\xf0?\x93F\xb4\
S\xc6\xd3\xcf\x15Q\xb6\xbd\x09\x0f\x19\xb1I\xb0\xf8\xed\
\xfa\x0bL\xf6f\xc1\x14\x17\xf8\xa3>\x90\xebA\xc5\xcc\
\xd9\x00g\xc3Z\xf6c\xf6\xfa\xe4\x1aK\xc2\x1f\xae>\
]a\xbe\x95\x11\xdf\xc3\xd0\x08\xbaK\xda\x83-\xd04\
th\x02\xf4\x5c\xf5\xf1&\xae\xfc\xe7\x16q\xdd>\xf3\
\x84n\x15\xe9\xc2\xa0{C\xc7,,|\x99\xd9#\xa8\
\x0dn S\x8a\x99\xe0Y\xa9\xe4h+G\x14\x1f5\
CT@:\x8e\x99qZ7\xee\x12\xea\x074\x83\x1f\
\xc0c\x22\x96\x1f`\xae}\x87x\xb4\x00\x10\xd2\xa0\xaf\
\xf5\xd4\xee\x8d6\x80\x13@GV`\xf9\xd2P}\xf6\
\x08\x97Cwv\xb4\xe1\x87\xfe>\xc3/\xa9\xa4=\xde\
{<5m\xcf\xccu`\xdfP\xd3v|x\xa5-\
@\x07\xfb\xce\xc0\xa5M\xff\xe4\x8d\xee\x85+\xb1\x83\xd3\
:\xb2\x98\x05\xa1OsV\xe5\xf8\xfb\x8c?z?[\
P\xfd\xe3\x82\xcer\xd4\xd3\x12s(\x95\xb0\xe8~X\
\xe3\xcfs\xb2(\xa4\x85\x8b\x01\x9bX\xf5\x9a\xb7]\xcb\
\x02+\x5c\x0a\x14\xfd\x99\x01\xce\xbd D<\xf6\x05\x0b\
\xa4j\xb9\x17\xcf\xdcL>\xb0^U\xca=\xc6\xdbb\
Y\x1b_\xc5l\xf3\xeb\xbb\xb4\xa7T\x1b\xdf\x05%@\
\x1a\x83\xe4\x1e\xe5\xd8\xc4(*\xbf\x90\xd0\xbf\x95\x9c\xcd\
Co(\xd0fKP\xcdx\xba\xe6\xf1\xa6\xa9\x9e\xe3\
\xd3\xc5\x08Bs\xf9\xf4\x05\x13\x95H\x06$K\xc4}\
\x81E'\x9a\x01\x8ek\x08_X\x06\x059\x16\x06\xe2\
\x04\xcd\x0d\x94\xd6\xd1\x09N\xfb\x8e\x06(\x81\xf6\xc2\xa0\
C\xa3\xb7\xc3Xz\xf3m\x0cS\xb2\x00\xb2\xa57\xd9\
~\x228\xeef\xa8\xeeMkE\xd7b8\x82N\x0c\
O\x1a5\xd5\xa1}\x9a\xfe^\xeb\xc9\xbc\xaa\xe6\xb3a\
\x8e+\xae8FVp#v\xab\xa8\xdd\x7fX\x9d\x19\
\xa4=\xeb\x95\xed;\x1c\xaa\xd1\x83!\xa1\xfe\x91~\x16\
\xdf\x9e\xf2\x03\x8cB<\xb3\xc8a\x18a|3\x0e\xaf\
\xf5O\xf0(\x0a\xd8~\xab\x7f\xd0\x01\x06W\xb0\xbd\xde\
\xc9\x07\xbcc\x0fh\xf1jA\xc81f\xaf\x83i\xf2\
\x07;\xa7\x1d\xb8\xd3\xee\xdb\xdeW0\xdez\x8b\xfc!\
2X{T\xea\xc0\x96\x01\xd1\xc7\x1aw)P8\xa8\
e\x80\x9bx\xbf\xc22\xc0\x08)\xf9\x22\x8b\x11\xd17\
\xdeT]\x1a\xa0;=a\x8b\x00\xdb\xf2\xc2\x84\x8d\xa3\
\xc9\xb9\x97\x01\xe6\xcb\x0byU\xf0w.\x8d\x11\x1a\xba\
\xec}\x98\xcd\xb5S\xf9\xae\x9c\x1a\xee\xeas\xf7\x95\x9f\
w\xa5\xc3\x83\xd5\xad\xc7t\xa8\xc7\xec\xd4\x0b+L\xf3\
\xa3\xc2x\xf5\x82~\xdbW+\xdegY\x8d\xfd\x5cU\
4(\xd0\xa4\xb2\xb3[\xd9\x1c\xd6\x16\x9f\xd0\xd1\xdbZ\
qA\xbf\xb9\xcd\xf7\xc0\x82IVH\xef\x85\xe4\xda\x0a\
b\xc0\xda\x87\xcd\xbaPg=\xb3\xe7\xa3\xf3\x01\xf2\xf9\
\x15\xd2\xd6nr#\xdf\x1b6\xc7\x1b8?\xae\xb1\xdc\
\xcb\x13\x1ca\xf4\xe5\x09\xdfn\xb2\xeb\xbe(K\x15W\
\x1f\xbf\xe6R\xc5\xd7Rp3\xc1\xb42;K<\xa5\
\xcd\x14\xf5\xdd\xdbvCd\x9ei\xee\x87W\xda\xc4*\
\x18\x00:P\xf2\x89\x15\x99 \xd9\xb9h\xc4\xe2\xf2+\
zo\x113\x8efz\xf5\x85o\xf4\x9dW\xda\x5c/\
\x8c\x1c\x80\xd1\xf9\x97\xf0\x01\xcc\x84V\x9e\xa2\xb7\x16\xad\
\x1e\xc0\xb3\xaa=\xbd\xcb\x1dC\xed\x9b\xdb\xd5\xfe^\xf3\
\x8c\xf7@@\x1eR\xad\x88Q4\x83\x03\x8c\xd4#[\
F\x93\x91\xc4D\xf8\xb9\x12\x80Q\x9b\x1a\xc3\xa8\xdb\x0f\
=ts\x5c\x1b\x19\xa5\xa5>\xee\x83\x01o\xfb\xcd\x87\
\x1b\xa6S\xfc\x84\x1e\x1e\x8b\xcd\x16@Q\xe4\xfc2\xf3\
\xb0\x84\x9dU1\x0bn\xf1\xca\x22\xfa\x07\xe7\x85\x5c\x00\
\x15-T\x8ek\xcf\xe6x\x90\x96o\xac\xe1\xb6\xa5\xd1\
V\x06\x96\xc2\x04\x1a\x85\xf0S\xcc|w\x8f\xf6,\x02\
\x8d\xc8\xa7_\x08\xb2$\xe4\xd4\x8f$E\xf5\xc3\x9c\xad\
\x13}\xf0aecP\x9bxE\xde%t\xbe\xdb\xd8\
\x12\x1c\xed\xd6\xfb\x9e\x84l\xa0%=\xc3\xa8\xd3Me\
\xa3\x88G\xad=\xcd\x8c}@\x8cQ\xeb\x0b\xb0\xd2\xbd\
\x0d\xc3\xc0\x8a\xd66&\xe9\x10U\xb6H\x06\xb1\xed\xd6\
f\xbbk\xc5\x07u\xfa\xa9]/\xa1+2\xfe\xd2\xe4\
+dU<\xb1?\xdfMG\x9e\xc0\x8c\xf8X\x8c\xad\
J\xcf^+L\x84a\x82n\x8d\x83\xbc\xd1\xe5\x9b>\
\x1b\xaf\xaeN\xf9\x10\x0dB\xd0\xfeu \x01\xe6\xc5\x0d\
, o6\xe1|`\x04F\x7f<\xde\xee$P?\
\x12\x98m\xb1\x22\x8b~;k\x86\xf0\x03\xf8\xde1\xdd\
R\xb5<b\xc5\x97\xed\xfb\xb4|\x83T__\xa1;\
\xdd\xa8\xce8a\x97\x07\x80E\xfcX\xdd,\xb8\xec\xc8\
\xe72\xd7\x1c[\xc2\x06\xdd\x18\xc5bx\x12\x1ej\x87\
M\x05\x16\x92\x5c\x11\xa1\xab84@{{@\x83\x80\
:\x00\x9b\x04\xba\x80y\x93\xfd\x95\x8d[\xb8\xfajn\
l\xe4\xa8\x01\x1d\x8d\xa7\xc6\xa67q\xd3\xe0\xfe2\xd4\
\x0e\x9b\x1at\xf2Q^H\xe3\xc6\xddj/P\xdd&\
\xaf\xda\xe0@ekC\xef{A{\xd6\xe8\xf26\xb3\
\x83\xc0B=\xe0\xb3\xd6f\x8a\x9e\x05\x83=\x1b\xc5\xa7\
\x17\xd7\xf1\xf1\xda\xe3\xe7\xa0\xe5\xcc\xbe\xf9\x94\xc2\xc6\xe9\
>\x9bnS\x17I\x1b!\x92\x191\xd7\xa1v2\xb7\
\xca?\xdf\xd0,\xc7\xc9\xb1\xf0\x0a-\xe4\x9c\xa0v&\
\xc1/:\x0c\xb8\xfd#\xeeo\x8a\xc8\x9aI\xe3p\xb2\
u\x0e\xde|\x81\xe7\x12\x81\xc0\x9d\xe6\xf3\xa6\xe6\x90\xc4\
.\xe3\x94\x9e-8\xc4\x1f\x9d\x0b\x8e\x8b\xa6<\xf1$\
+\x17\xcb\x1dc:\xd9q\xa2P0\x8e\xca\xfb\xbe\x0b\
\xec\xc4\xef\x08}H\xbd8c\xb2\x9f\xdf\xf7\x7f\xe9\xb5\
\xc7f\x09\xc9\x0fr\x97\xc8\xa7\x83\xdd\x0d\xac\x93\xe3\xde\
\x04q{\x09J'r\x17\xb4#\xcc\xac\xa3\x07a\xd9\
\xe2\x06\xe2\xb6\xc4\xa1@\xc2\xf2\xde\xdd\x05\xad\xa8\x93\x17\
\xeb6\x89\x91\xdcn/!\xa9\xf4\xde\x1e\x82S\x96\x0f\
h4X\xf6\x0e\xcfX\x9e\x1a\xa8F\x1e\xee\x0aU\x14\
a\xab\x00wq\xa7K\xda\x98\xd8<\x9b|N\xf2?\
z\xed\x0b\xaa\xceiRw\x89!k\xee\x84\xcc\xd0\xf7\
u;\x0f\xce\x8a5K\x1c*\x9b\xc7N\x5cb\xf0\xc6\
I\xf0\x1bE\xa7\xcf\xa2\xc4^\xd0\x05\xee\xef\x05\x97\xbd\
\xba\xb9\x1b\xae9\x22\xf8\xddf\xd9\xa7\xe0\x19\xcd\xd4|\
\xe1\x1cS\x9dx\xb67b\x9b\x8b,fg6\xf3?\
\xcfb/\xd6\x1d\x15uk\x1e\xb0E\xaa\xd7\x9du\xec\
\xa2\x8e\x9e\x09:\xfe`\x96\xfad\xe7~]\xc8a\x1a\
\xb3D\x15\xc6}R=\xea\x8c\xeb\xbb`XL\xc5=\
u\x03\xdcJ{$\xb6\xbe>\x00\xa3-\xfd\x1d\x84^\
\xc8\x9c\xc8H\x1d\xb9,[\x8e\xb23J\xec\xfb\x99S\
\xec\xa6\x80\xba`\x0eH\xa5\xfc*\xea$\x82\xb20\x03\
\x0a\xae\xc0\x05\x0f+\xa0C\xef\x8c`\x84s\x16x\x16\
_H\xe2\x95\x98\xce\xc8/\xac\x7f\xb0\x99\xb9,8P\
\x0e\xae'\xb3XR\x19\xa9\x10\xb1[v\x04\xa7\x84\xf1\
* H\xdf&\x06Y\x160\xc2\x84y\xb5i1#\
v\x08*\xa6S\xd2\xbe\x11\xbaz\x1bc>\xdf\xdd\xe6\
\xebfL\x88\x9a\xea\xa6\xcb\xb3\x95\x9dA:4\x01\xcb\
\xbe\xdaX\xb1nw\xb2\xd8\xa5\x88x\x19\x90\x12q|\
\x17\xf3]\xb9\xb4rR\xec\x14.K\xc8\xca\x1f\xc0\x82\
\xeb\x12n@$\xdb@\xc5\x9fPO\xb2\xf7u\xc1\xe0\
\xa5\x07\x99@\xdc\xd6m\xde\x96\xc2\x85\xf2IAN^\
\x86\x956^\x93\xd8\xb2\xf7\x8c\xfc\x83\x14\xf20\xack\
\xb6g\xc9\x13\xca\xc7\xa2\x98\x16\xd3\x11\xfc\x14\x13\xcd-\
\xb1\xcc#\x16cAdJ@\xf22\x8a\xc1q\xe7w\
\xe3\xb6\x94\x96\x08l\x83%\xe4:\x16\xbf\xc2nO\x0c\
\x8c\xd4\xc5qy\xa4\x5cZ\xbcJ\xfe\x8d4G\xd4\xd1\
f9N\x12\xaa,\xe4\x14\xbe\xa6\x8a\xe6\xb0ai!\
\x87\xa3-Z\xcf`fP\xe0\xb2\x95\xbd\xad\x97\x93\xc3\
K\xe0\xf2\xba-\x1b\xa9}\x9ce\x97Yb\xaf;\xfd\
\x1ag\xc4v5\xba3\xe5n-#C\xc5o\x1ec\
9g\x16\xebv\x22m\xa8\x0f\x0f\x0e\xb1\xa067\xdf\
\x95\x8d%~\xd6\x08\xac\xcc\x89\x9c\x94\x05qK\xb7\x15\
dI\x15\x09\xddX0\x0f \x85\x06\xf1|z\xe3\xb0\
\x8d\xed\xd4\xc1\x9dZ\x11\x00\xf4\xff8s\x07\xc3\xdc\xda\
\xcc34d\xf0\xe2\xd6}v\x93\xdf\x00;\xf50l\
\xdb\xef\x06\xfd\x19\xa77#\xe9\x99e\xb8\x13}e\xa9\
\xf2j\xc0\xcc\x96\x1d\xe2&\x94\xcelj\xf7V@\x99\
\xeb\xdb\xe5Z\xdf\x08\x1f\x05\x8f\xd2\xc7\xe9\xc8q\x1b\x98\
\xd2\xc9\x03qL\xbf\x87\x05\xc3\xdc%\xe0\xca\xb7\xb0\x12\
t\xb3[t\x16\xf0\x83b\xdd\xfa\x16\x0f\x0c\xd2\xd7`\
\x99)n\x22\xed\xe9\xd6\xa3C\xda\xb3\x1d`R\xc6B\
J\xa7(bt\xb8\xf9\x18r\x13\xf9\xbfI\xf2Nc\
V\xa9\xe7\xb8\xb8\x8b\x8b/\xe3\xa1\x0e\xcbk\x09\xbbY\
,?\x84\x99\xcc\xd3\x82*\x189\x11{\xb9\xf9\xfe\xa9\
\xf7\xf5\x8a\xf3\xde;\x81M\x16\x93\x19\x1a\x94\x82\x94\xcb\
\x89\xf2W\x05\x9e*\x9c,\xec\x07z\xbb,dE\x83\
_\x9a\xa3[\x0fGs\x93Q\xf6\xdb\x9em\xe1F6\
\x9d\x9e\xe6\xa7\xbbd\x86\x91\x16\xe0\x9e\xd8\x10\x0c\xe5p\
\xb0d\xab\xef\xbb\xd8\x0b\xba\x92\x86\x12\x9c\xb2\xf4\x1e\xd9\
S\x871\x858z\xf0\xc6^~a\x19\xf8\xc3\xeb\xc9\
\x80\xb1\xb0\x04\x9c\xec\x83\xc3\xdd\xe7\xa2\xf7\xc1f\xfb\x08\
\xf0\xd9\x8bw9\xc9\x9e\xb4u\xa5R~i(\xf5\xca\
\x01\xad\x95\xdd\xc5t\xd1}\x81~\xb1\x0f\xa0\xd1\xc5 \
zM\xdcG3\xe3\xefV\xa6\x03\x1e\x9c\x1d\x99\xe0;\
\x81\xda\xcc\xd3\x90\xd4\x05\xbf\xb2\x1f\x91y\x8d\xe8\xb6Y\
\xf6n\x95\xe3\x92\x92\x03U\xc6n\x04\x88\xc7\xe2\x11\x22\
\x1emY!\x13\xbc\x0f\xefWb\xc6?\x8c\xc3*\x01\
\xce~\xbd\x0bi\x82J\x9c\x8bj\x82\xca\x81\xf2t,\
.u\x87\xc4Y\x96\xcf\xd6\xb8vg\xd8\xcc\xd50\x98\
\xb7\xf6]\xb7-+':\xdb\xc6]\xf4\x9a%\xc6\xe5\
\xbeq\xc0\x18b\x90\x15U\x81\xdf6jn\xf2~i\
\xde:Z?0l/\xaf\xbb\xea3K\xac\x8d\xd66\
1\x03X\x15\xd3\x81\xcbV\xb3\xc2\x1b\xb1\xc9\x18v\xb3\
\xf0\xb9o\x8b\x1e\xe9\x8e\xd5\xb0\x82\xcc\xcc\x19w\x94%\
t\xdf\xdc\xc6;\xcb\x1eo\x22\x07?\xba\xa1\xcd^\x07\
&\xd6w^U\xc7\x87\xf6r\x16&\xd7*\x1b%}\
w\x9b\xdez`\xecp<{\xb4O\xab\x7f\xd8\xe6L\
\x802\xbb`^\x9c\xe2\xbc7\xc5VK\xb4\xa5\xbc\xf1\
\x8a\xb1{\xc6\xe2\x84\x99\x83e\xb8h\x1e=\xc2\x0e=\
\xefZ\xf6\xd5\xd3\x01\xee\x81\xd9\xcb\xaf\xb6\x1ff/\x07\
m\xff\xeb\xd7\xaa\xb7\x1b\x17\xef\x8d\xf7\xe9~\xee\xa1\xa1\
\xd3\xd3\xfc\x1e\x1a\x10\x84\xea\xf3\xb2\xbe<\xa7\x8d\xaf\x02\
\x03\xd9\x7f\x9be\xef\xbe\xdf\xe1\xfb\x95\xcd1\xda\xb3T\
\xd9\x98g\xad\x82\xee\xa1\xa9.\x94k\xf7\xe6\xe9\xfa\xa3\
\xca\xce\x82q\xe7r[W\x96\xdd\x06\xc7W\x0d<\xa9\
\x8b\xf6\xac%\xe8m\x10\xd8\xa5\x86\xda\xd8=}e%\
\x81\xbfX1\xf2\x02Z\xf1\x81\xf0k\xd3j}%X\
\xaa\xdb\xa38\xd0EB+\xe2h\x1b\x8c+A\xc7W\
\xf1W\x01\xe8\xccbe\xe3\x966\xf1\x8a\xff\xc6\x8c\xf6\
\xed\x9c\xf5\x0b4\x09~\x22/\x81\xe7\x81\xd9\xad\x03\xd6\
QC\xf6\x92o\x0c[9\xf4x1Z_oun\
\xd9uC\x0d\x1fV\xed\xdb\x0707\x0c\x04\xd9\xb0\x84\
\x0fG^X\x95\x0f\xe4\xb6\xfef\xcf\xd9\x0c;\x99\x80\
.\xe73\x82\x94c\xba\xe4(\x97*\xcc`c\xa1!\
\xf2\x99\x94\xeado\x8cx\x16\x0b\xf5\xc4\xbd\xb0\x91\xe5\
\xab\xc5\xbb!\xb4 (\xa0\xdf\xd8\xaa\xd9\x03\xd6{k\
u\xd0*\xa3\xde\xa2\xa6\xceE\x85\xb1\xeeA\xe5,\x18\
o\x96YAMuF\x9f\xe6iL\xb3\xf4\xfaro\
r\x96\x5c\xc2b\xde\xf6\x8a\xa7\xf9\x7fKsD\x09\xf8\
n\x16\xa3\xa0\x5c\xec\xf9]R,\x8e\xc7T\xc7]m\
\xfa\xa5q\xbf\x22\x93\x0f<2\xb3}\x07\x0f\xc9\xf1\xed\
\xb0\xc95K!p1\x01w\x00\x7f\x98\xea\xde\x93\xda\
\xfd\x17q\x85\x83\x87\x0fc!\x94\xed\x94\x05$cz\
1\x1a\xb4.yM\x94b\x89\x7f\x87\xa3m\xe8\x9e\xed\
\xcax\x8c\xd8\x87\xbf\xbb\x15\x0fo)\x9e\xa7\x1c\x01q\
\x07zi\xdco\x1c\xd1<\x18\x1f`R|\x0e\xf6\xf1\
\xdbR\x1b\xaa\xe5\x85jy\xc9\xb4\xed{\xbfE\xc4E\
\xe3\xa7\xe2\x10\xaf\xf7S\xb1d\xff1\x22\xeb-o\x0e\
o\x9dc\x01\x1c\x9e\xecR\xd5|\xce\x87\xf2\xf8{(\
mF\xa48\xf6\xdd{\xbe\xde\xcfq\xc7/\xad\xb0\x1f\
\xac\x0b\xfc\xa1\x15\xe7\xaf\xb2\x14\x10\xa8\x7f\xe5\x98\xb7\xea\
\xda.\x07Lp\xa4\xb0\x83\x97\xee\x9f&\xb2\xa0\xe7\xf3\
\x19\x15\xb7\xf0_\xa3\x03N+[7\xc6\x03Og\xfc\
\x0c$T\xb3~=\xca['\x9f;\x85\xfb\xeeb\xda\
\x7fHj\xbe\x03\xd6\xefl\x04|S\xd5\xf6SaG\
\xea\xe8\xe8\x91\x09m\xad\xdf\xe20Zz^\xbb\xf7X\
\xbbS\xaal\xcf\xec\x8fi\x1c\xc4V\xf3\x850\xfa%\
x\xef!\x040j\xd4\xc5]\x9aY\xb4\xd8\x88\x03\x22\
\xa6@#\xc0\xbf\xc8x\xe3\x9f\xbe>\xf4\xf5\xa1\xff\x07\
\x14\xfcz\xf8\
\x00\x00\x19<\
i\
mport QtQuick 2.\
15\x0aimport QtQuic\
k.Controls 2.15\x0a\
import QtGraphic\
alEffects 1.15\x0ai\
mport fuscan.the\
me 1.0\x0a\x0a// \xe5\x9b\xbe\xe6\xa0\
\x87\xe6\x8c\x89\xe9\x92\xae\xef\xbc\x9aWSLDas\
hboard \xe9\xa3\x8e\xe6\xa0\xbc\xef\xbc\x8c\
\xe7\xbb\x9f\xe4\xb8\x80\xe5\x9b\x9b\xe7\xb1\xbb\xe5\xb1\x82\xe7\
\xba\xa7\xef\xbc\x88primary/sec\
ondary/ghost/dan\
ger\xef\xbc\x89\x0a// \xe6\x94\xaf\xe6\x8c\x81\
\xe4\xb8\xa4\xe7\xa7\x8d\xe5\x86\x85\xe5\xae\xb9\xe5\xbd\xa2\xe5\
\xbc\x8f\xef\xbc\x9a\x0a//   1. \xe7\xba\
\xaf\xe6\x96\x87\xe6\x9c\xac\xe6\x8c\x89\xe9\x92\xae\xef\xbc\x9a\
text: \x22\xe5\xae\x9a\xe4\xb9\x89\xe8\xa7\x84\
\xe5\x88\x99\x22\x0a//   2. \xe5\x9b\xbe\
\xe6\xa0\x87 + \xe6\x96\x87\xe6\x9c\xac\xe6\x8c\x89\xe9\
\x92\xae\xef\xbc\x9aiconSource:\
 \x22qrc:/icons/rul\
es.svg\x22; text: \x22\
\xe5\xae\x9a\xe4\xb9\x89\xe8\xa7\x84\xe5\x88\x99\x22\x0a//\
   3. \xe7\xba\xaf\xe5\x9b\xbe\xe6\xa0\x87\xe6\
\x8c\x89\xe9\x92\xae\xef\xbc\x9aiconSour\
ce: \x22qrc:/icons/\
close.svg\x22\xef\xbc\x88tex\
t \xe7\x95\x99\xe7\xa9\xba\xef\xbc\x89\x0a//\x0a/\
/ SVG \xe5\x9b\xbe\xe6\xa0\x87\xe9\x80\x9a\xe8\
\xbf\x87 ColorOverlay \
\xe5\xae\x9e\xe6\x97\xb6\xe6\x9f\x93\xe8\x89\xb2\xe4\xb8\xba\xe5\
\xbd\x93\xe5\x89\x8d\xe6\x96\x87\xe6\x9c\xac\xe8\x89\xb2\xef\xbc\
\x8c\xe6\x9a\x97\xe8\x89\xb2\xe6\xa8\xa1\xe5\xbc\x8f\xe8\x87\xaa\
\xe5\x8a\xa8\xe5\x8f\x8d\xe8\x89\xb2\xef\xbc\x8c\x0a// \
\xe9\x81\xbf\xe5\x85\x8d\xe9\xbb\x91\xe8\x89\xb2 SVG\
 \xe5\x9c\xa8\xe6\xb7\xb1\xe8\x89\xb2\xe8\x83\x8c\xe6\x99\xaf\
\xe4\xb8\x8b\xe4\xb8\x8d\xe5\x8f\xaf\xe8\xa7\x81\xe3\x80\x82\x0a\
Button {\x0a    id:\
 control\x0a\x0a    //\
 \xe7\xb1\xbb\xe5\x9e\x8b\xe5\x8c\x96\xe8\xae\xbf\xe9\x97\xae\
 Theme context p\
roperty\xef\xbc\x8c\xe6\xb6\x88\xe9\x99\xa4\
 setContextPrope\
rty \xe5\xaf\xbc\xe8\x87\xb4\xe7\x9a\x84\x0a  \
  // \x22Cannot rea\
d property 'xxx'\
 of null\x22 TypeEr\
ror\xef\xbc\x88\xe8\xaf\xa6\xe8\xa7\x81 app\
_controller.py \xe6\
\xb3\xa8\xe9\x87\x8a\xef\xbc\x89\x0a    pro\
perty ThemeContr\
oller appTheme: \
Theme\x0a\x0a    prope\
rty string toolt\
ip: \x22\x22\x0a    // ac\
cent: \x22primary\x22\xef\
\xbc\x88\xe4\xb8\xbb\xe8\x89\xb2\xe5\xa1\xab\xe5\x85\x85\xef\xbc\
\x89/ \x22secondary\x22\xef\xbc\
\x88\xe6\x8f\x8f\xe8\xbe\xb9\xef\xbc\x89/ \x22gho\
st\x22\xef\xbc\x88\xe6\x89\x81\xe5\xb9\xb3\xe5\x85\x9c\xe5\
\xba\x95\xef\xbc\x89/ \x22danger\x22\xef\
\xbc\x88\xe5\x8d\xb1\xe9\x99\xa9\xe7\xba\xa2\xe6\x8f\x8f\xe8\xbe\
\xb9\xef\xbc\x89\x0a    propert\
y string accent:\
 \x22ghost\x22\x0a    // \
\xe5\x9b\xbe\xe6\xa0\x87 qrc \xe8\xb7\xaf\xe5\xbe\
\x84\xef\xbc\x88\xe5\xa6\x82 \x22qrc:/ic\
ons/rules.svg\x22\xef\xbc\
\x89\xef\xbc\x8c\xe4\xb8\xba\xe7\xa9\xba\xe5\x88\x99\xe4\xb8\x8d\
\xe6\x98\xbe\xe7\xa4\xba\xe5\x9b\xbe\xe6\xa0\x87\x0a   \
 property string\
 iconSource: \x22\x22\x0a\
    // \xe7\xb4\xa7\xe5\x87\x91\xe6\xa8\xa1\
\xe5\xbc\x8f\xef\xbc\x9atrue \xe6\x97\xb6\xe6\x8c\
\x89\xe9\x92\xae\xe9\xab\x98\xe5\xba\xa6\xe9\x99\x8d\xe8\x87\xb3\
 ghost \xe5\xb0\xba\xe5\xaf\xb8\xe3\x80\x81\
\xe5\x9b\xbe\xe6\xa0\x87\xe4\xb8\x8e\xe5\xad\x97\xe5\x8f\xb7\xe7\
\xbc\xa9\xe5\xb0\x8f\xe3\x80\x81padding \
\xe6\x94\xb6\xe7\xaa\x84\xef\xbc\x8c\x0a    //\
 \xe9\x80\x82\xe7\x94\xa8\xe4\xba\x8e\xe8\xaf\xa6\xe6\x83\x85\
\xe9\x9d\xa2\xe6\x9d\xbf\xe7\xad\x89\xe4\xb8\xad\xe7\xad\x89\xe5\
\xaf\x86\xe5\xba\xa6\xe6\x93\x8d\xe4\xbd\x9c\xe6\x8c\x89\xe9\x92\
\xae\xef\xbc\x8c\xe9\x81\xbf\xe5\x85\x8d\xe8\xa7\x86\xe8\xa7\x89\
\xe4\xb8\x8a\xe5\x8f\x98\xe6\x88\x90\xe4\xb8\xbb\xe8\xa6\x81\xe6\
\x8c\x89\xe9\x92\xae\x0a    proper\
ty bool compact:\
 false\x0a    // \xe5\x9b\
\xbe\xe6\xa0\x87\xe5\xb0\xba\xe5\xaf\xb8\xef\xbc\x88\xe5\x83\x8f\
\xe7\xb4\xa0\xef\xbc\x89\xef\xbc\x8c\xe9\xbb\x98\xe8\xae\xa4 \
14 \xe4\xb8\x8e\xe6\xad\xa3\xe6\x96\x87\xe5\xad\x97\xe5\
\x8f\xb7\xe4\xb8\x80\xe8\x87\xb4\xef\xbc\x9bcompa\
ct \xe6\xa8\xa1\xe5\xbc\x8f\xe4\xb8\x8b\xe9\xbb\x98\xe8\
\xae\xa4 12\x0a    proper\
ty int iconSize:\
 control.compact\
 ? 12 : 14\x0a    /\
/ \xe9\x9d\x9e compact \xe6\xa8\
\xa1\xe5\xbc\x8f\xe4\xb8\x8b\xe6\x89\x80\xe6\x9c\x89 ac\
cent \xe7\xbb\x9f\xe4\xb8\x80\xe4\xbd\xbf\xe7\x94\
\xa8 btnHeightSecon\
dary\xef\xbc\x8840px\xef\xbc\x89\xef\xbc\
\x8c\x0a    // \xe6\xb6\x88\xe9\x99\xa4 \
primary(40)/seco\
ndary(40)/ghost(\
32) \xe7\x9a\x84\xe9\xab\x98\xe5\xba\xa6\xe5\xb7\xae\
\xef\xbc\x8c\xe8\xae\xa9\xe4\xb8\xbb\xe6\x93\x8d\xe4\xbd\x9c\xe4\
\xb8\x8e\xe8\xbe\x85\xe5\x8a\xa9\xe6\x93\x8d\xe4\xbd\x9c\x0a \
   // \xe5\x9c\xa8\xe5\x90\x8c\xe4\xb8\x80\xe8\
\xa1\x8c\xe5\x86\x85\xe8\xa7\x86\xe8\xa7\x89\xe5\xaf\xb9\xe9\xbd\
\x90\xef\xbc\x88\xe7\x94\xa8\xe6\x88\xb7\xe5\x8f\x8d\xe9\xa6\x88\
\x22\xe4\xb8\xbb\xe6\x8c\x89\xe9\x92\xae\xe5\x92\x8c\xe5\x85\xb6\
\xe4\xbb\x96\xe6\x8c\x89\xe9\x92\xae\xe5\xb0\xba\xe5\xaf\xb8\xe5\
\xb7\xae\xe8\xb7\x9d\xe5\xa4\xaa\xe5\xa4\xa7\x22\xef\xbc\x89\xe3\
\x80\x82\x0a    // \xe8\xa7\x86\xe8\xa7\x89\
\xe5\xb1\x82\xe7\xba\xa7\xe4\xbb\x8d\xe9\x80\x9a\xe8\xbf\x87\xe9\
\xa2\x9c\xe8\x89\xb2\xe5\x8c\xba\xe5\x88\x86\xef\xbc\x9apr\
imary \xe4\xb8\xbb\xe8\x89\xb2\xe5\xa1\xab\xe5\
\x85\x85 / secondary \xe6\
\x8f\x8f\xe8\xbe\xb9 / ghost \xe9\x80\
\x8f\xe6\x98\x8e / danger \xe7\xba\
\xa2\xe6\x8f\x8f\xe8\xbe\xb9\xe3\x80\x82\x0a    /\
/ compact \xe6\xa8\xa1\xe5\xbc\x8f\
\xef\xbc\x88\xe8\xaf\xa6\xe6\x83\x85\xe9\x9d\xa2\xe6\x9d\xbf\xe7\
\xad\x89\xe4\xb8\xad\xe7\xad\x89\xe5\xaf\x86\xe5\xba\xa6\xe5\x9c\
\xba\xe6\x99\xaf\xef\xbc\x89\xe4\xbb\x8d\xe7\x94\xa8 bt\
nHeightGhost(32)\
 \xe4\xbf\x9d\xe6\x8c\x81\xe7\xb4\xa7\xe5\x87\x91\xe3\x80\x82\
\x0a    property in\
t btnSize: contr\
ol.compact ? app\
Theme.btnHeightG\
host\x0a        : a\
ppTheme.btnHeigh\
tSecondary\x0a    /\
/ dangerColor\xef\xbc\x9a\
accent=\x22danger\x22 \
\xe6\x97\xb6\xe4\xbd\xbf\xe7\x94\xa8\xef\xbc\x8c\xe9\xbb\x98\xe8\
\xae\xa4\xe8\xb7\x9f\xe9\x9a\x8f\xe4\xb8\xbb\xe9\xa2\x98\xe5\x8d\
\xb1\xe9\x99\xa9\xe8\x89\xb2\x0a    prop\
erty color dange\
rColor: appTheme\
.colorDanger\x0a\x0a  \
  // \xe5\xbd\x93\xe5\x89\x8d\xe5\x89\x8d\xe6\x99\
\xaf\xe8\x89\xb2\xef\xbc\x88\xe5\x9b\xbe\xe6\xa0\x87\xe4\xb8\x8e\
\xe6\x96\x87\xe6\x9c\xac\xe5\x85\xb1\xe7\x94\xa8\xef\xbc\x89\xef\
\xbc\x9a\xe6\xa0\xb9\xe6\x8d\xae enabled\
/accent/down \xe7\x8a\xb6\
\xe6\x80\x81\xe8\xae\xa1\xe7\xae\x97\x0a    re\
adonly property \
color _foregroun\
d: {\x0a        if \
(!control.enable\
d) {\x0a           \
 return appTheme\
.isDark ? appThe\
me.colorTextSeco\
ndary : appTheme\
.colorTextSecond\
ary\x0a        }\x0a  \
      if (contro\
l.accent === \x22pr\
imary\x22) return a\
ppTheme.colorTex\
tOnPrimary\x0a     \
   if (control.a\
ccent === \x22dange\
r\x22) {\x0a          \
  return control\
.down ? appTheme\
.colorTextOnPrim\
ary : control.da\
ngerColor\x0a      \
  }\x0a        retu\
rn appTheme.isDa\
rk ? appTheme.co\
lorTextPrimary :\
 appTheme.colorT\
extPrimary\x0a    }\
\x0a\x0a    implicitHe\
ight: btnSize\x0a  \
  // \xe5\xae\xbd\xe5\xba\xa6\xe8\x87\xaa\xe9\x80\
\x82\xe5\xba\x94\xe5\x86\x85\xe5\xae\xb9\xef\xbc\x88But\
ton \xe9\xbb\x98\xe8\xae\xa4 impli\
citWidth = conte\
ntItem.implicitW\
idth + padding\xef\xbc\
\x89\x0a    // \xe6\x96\x87\xe5\xad\x97\xe6\
\x8c\x89\xe9\x92\xae\xe5\xa6\x82\xe3\x80\x8c\xe9\x80\x89\xe6\x8b\
\xa9\xe3\x80\x8d\xe9\x9c\x80\xe8\xb6\xb3\xe5\xa4\x9f\xe5\xae\xbd\
\xe5\xba\xa6\xef\xbc\x9b\xe5\xb7\xa6\xe5\x8f\xb3 pad\
ding 12px \xe7\x95\x99\xe7\x99\xbd\
\xe4\xbf\x9d\xe8\xaf\x81\xe7\xba\xaf\xe5\x9b\xbe\xe6\xa0\x87\xe6\
\x8c\x89\xe9\x92\xae\xe4\xb8\x8d\xe8\xbf\x87\xe7\xaa\x84\x0a \
   // compact \xe6\xa8\
\xa1\xe5\xbc\x8f\xe4\xb8\x8b padding \
\xe6\x94\xb6\xe7\xaa\x84\xe8\x87\xb3 8px\xef\xbc\x8c\
\xe4\xb8\x8e\xe7\xbc\xa9\xe5\xb0\x8f\xe7\x9a\x84\xe5\xad\x97\xe5\
\x8f\xb7/\xe5\x9b\xbe\xe6\xa0\x87\xe5\x8d\x8f\xe8\xb0\x83\x0a\
    leftPadding:\
 control.compact\
 ? 8 : 12\x0a    ri\
ghtPadding: cont\
rol.compact ? 8 \
: 12\x0a    topPadd\
ing: 0\x0a    botto\
mPadding: 0\x0a\x0a   \
 ToolTip.visible\
: hovered && too\
ltip.length > 0\x0a\
    ToolTip.text\
: tooltip\x0a    To\
olTip.delay: 400\
\x0a\x0a    background\
: Rectangle {\x0a  \
      radius: co\
ntrol.accent ===\
 \x22primary\x22 ? app\
Theme.btnRadiusP\
rimary\x0a         \
   : control.acc\
ent === \x22seconda\
ry\x22 ? appTheme.b\
tnRadiusSecondar\
y\x0a            : \
appTheme.btnRadi\
usGhost\x0a        \
color: {\x0a       \
     if (!contro\
l.enabled) {\x0a   \
             ret\
urn \x22transparent\
\x22\x0a            }\x0a\
            if (\
control.down) {\x0a\
                \
if (control.acce\
nt === \x22primary\x22\
) return appThem\
e.colorPrimaryDa\
rk\x0a             \
   if (control.a\
ccent === \x22dange\
r\x22) return contr\
ol.dangerColor\x0a \
               r\
eturn appTheme.i\
sDark ? appTheme\
.colorBgHoverDar\
k : appTheme.col\
orBgHover\x0a      \
      }\x0a        \
    if (control.\
hovered) {\x0a     \
           if (c\
ontrol.accent ==\
= \x22primary\x22) ret\
urn appTheme.col\
orPrimary\x0a      \
          return\
 appTheme.isDark\
 ? appTheme.colo\
rBgHoverDark : a\
ppTheme.colorBgH\
over\x0a           \
 }\x0a            i\
f (control.accen\
t === \x22primary\x22)\
 return appTheme\
.colorPrimary\x0a  \
          return\
 \x22transparent\x22\x0a \
       }\x0a       \
 border.color: {\
\x0a            if \
(!control.enable\
d) return \x22trans\
parent\x22\x0a        \
    if (control.\
accent === \x22seco\
ndary\x22) {\x0a      \
          return\
 appTheme.isDark\
 ? appTheme.colo\
rBorderDark : ap\
pTheme.colorBord\
er\x0a            }\
\x0a            if \
(control.accent \
=== \x22danger\x22) {\x0a\
                \
return control.d\
angerColor\x0a     \
       }\x0a       \
     return \x22tra\
nsparent\x22\x0a      \
  }\x0a        bord\
er.width: (contr\
ol.accent === \x22s\
econdary\x22 || con\
trol.accent === \
\x22danger\x22) ? 1 : \
0\x0a        Behavi\
or on color { Co\
lorAnimation { d\
uration: 120 } }\
\x0a    }\x0a\x0a    cont\
entItem: Item {\x0a\
        implicit\
Width: row.impli\
citWidth\x0a       \
 implicitHeight:\
 row.implicitHei\
ght\x0a\x0a        Row\
 {\x0a            i\
d: row\x0a         \
   anchors.cente\
rIn: parent\x0a    \
        spacing:\
 control.iconSou\
rce.length > 0 &\
& control.text.l\
ength > 0 ? 6 : \
0\x0a\x0a            /\
/ \xe5\x9b\xbe\xe6\xa0\x87\xef\xbc\x88Color\
Overlay \xe6\x9f\x93\xe8\x89\xb2\xef\xbc\
\x8c\xe6\x9a\x97\xe8\x89\xb2\xe6\xa8\xa1\xe5\xbc\x8f\xe8\x87\xaa\
\xe5\x8a\xa8\xe9\x80\x82\xe9\x85\x8d\xef\xbc\x89\x0a   \
         Item {\x0a\
                \
width: control.i\
conSize\x0a        \
        height: \
control.iconSize\
\x0a               \
 anchors.vertica\
lCenter: parent.\
verticalCenter\x0a \
               v\
isible: control.\
iconSource.lengt\
h > 0\x0a\x0a         \
       Image {\x0a \
                \
   id: icon\x0a    \
                \
anchors.fill: pa\
rent\x0a           \
         source:\
 control.iconSou\
rce\x0a            \
        sourceSi\
ze: Qt.size(cont\
rol.iconSize, co\
ntrol.iconSize)\x0a\
                \
    // SVG \xe9\xbb\x98\xe8\xae\
\xa4\xe9\xbb\x91\xe8\x89\xb2\xe5\xa1\xab\xe5\x85\x85\xef\xbc\x8c\
\xe7\x94\xb1 ColorOverlay\
 \xe6\x9f\x93\xe8\x89\xb2\xe4\xb8\xba\xe5\x89\x8d\xe6\x99\xaf\
\xe8\x89\xb2\x0a            \
        visible:\
 false\x0a         \
       }\x0a       \
         ColorOv\
erlay {\x0a        \
            anch\
ors.fill: icon\x0a \
                \
   source: icon\x0a\
                \
    color: contr\
ol._foreground\x0a \
                \
   // \xe7\xa6\x81\xe7\x94\xa8\xe6\x80\x81\xe9\
\x99\x8d\xe4\xbd\x8e\xe4\xb8\x8d\xe9\x80\x8f\xe6\x98\x8e\xe5\xba\
\xa6\xef\xbc\x8c\xe6\xa8\xa1\xe6\x8b\x9f\xe7\x81\xb0\xe5\x8c\x96\
\xe6\x95\x88\xe6\x9e\x9c\x0a         \
           opaci\
ty: control.enab\
led ? 1.0 : 0.5\x0a\
                \
}\x0a            }\x0a\
\x0a            Lab\
el {\x0a           \
     text: contr\
ol.text\x0a        \
        visible:\
 control.text.le\
ngth > 0\x0a       \
         font.pi\
xelSize: control\
.compact ? 12\x0a  \
                \
  : control.acce\
nt === \x22primary\x22\
 ? 14 : 13\x0a     \
           color\
: control._foreg\
round\x0a          \
      verticalAl\
ignment: Text.Al\
ignVCenter\x0a     \
       }\x0a       \
 }\x0a    }\x0a}\x0a\
\x00\x00\x07\xa9\
\x00\
\x00\x1d\xcdx\x9c\xbdY_o\xd4F\x10\x7f\xcf\xa7\xd8\
\xdeCuQZ\x87\x04\x8a\xd0\xb5\xb4*\x97\xa2\x225\
UKBy@<l\xec\xbd\xbb\x15>\xaf\xbb\xdeK\
\x9aV\x91\xd2\xaa4@h\x08\x12\xff\xca\x9f\x96\xd0P\
\xa0*\xd0\xaa\x12\x05\x12\xca\x87!\xf6%O\xf9\x0a\x9d\
\xf5\xdawg{}9\x12\xe8<$\xe7\xdd\xd9\xd9\x99\
\xd9\x99\xd9\x9f\xc7\xb4\xee2.\xd0\xe7\xe2\xf3\x065O\
\xa0ac\xe8\x9d>\x9a\x183\xca\xcc\x11\x9c\xd9\x9ev\
\xf2\x13<\xcd\x1a\xc2CC\x9a\xb9\x11\x8amV\x95s\
\xbb\x11\xf6P\xf4\x18sU\x1a\x9e\x89\x1dC\xd4H\x9d\
\x00\xcb\xae\xd4\xb8\xa9v\xb5\x09\xf7:g\x0bF\xa1\xaf\
op\x10\x05\x97\xe6\xd6V\x1e5\xaf\x9d\x0f\x16\xeel\
\xdc\xb8\x15\xdcx\xbe\xb9z5\x98\xbf\x14\xcc?\x0bN\
]\xda\x98=\x1d\xcc\xdfS<\xfe\xf2\x13\xff\xccM\xff\
\xe4m\xc5\xbc\xb9z\xd6\x7f\xf0sp\xf9\x91\xff\xd7\xc5\
\xe6\xf2S\xff\xfc\xb3\xb5\xc7\xf7_\xcc~'\x85Na\
a\xd6,VEkO\xe7a\xe5\xc6\xbd\xbf\xfc3w\
\xe5\x82\x90\xc9_\x5c\xd8\x98\xbd\xba\xfe|\x0e\x1d\xa46\
\x19e\x0e\x15\x8c\x97[j\x1a5*\x0e\xb2\x86c\xa1\
\xb5\xe7K\xfe\xb9\x7f\xd6\xef\xfc\xe6\x9f;\x1f\xeaz\xfa\
J\xf3\xda\x15X\xdb\xfc\xe56\x1a@\xfe\xaf\x7fn\xfc\
\xf2\xf7\xe6\xea)\xec\xba\x86;\x8d@\xf4\xfa\xf3\x9f\x83\
\x85\xdb\x9b\xab\xa77W\xaf\x05\xd7\xffP\x06\xad\xad\x9c\
\xf4\xbf\xbd\xda\xbcx\x16\x1e\x95\xb2k\x8f\x17\x9a\xd7\x1e\
\xf8\xcf.6\x1f,5\x17\x7f\x90Z\x97\x99\xdd\xa8;\
\xea\x14\xd07}\x08\x88Z%\xe4b\x87\xd8\xe1\x93\xcb\
\x99K\xb8\x98F\xe3\xd2\xd1muQ\xe8\xf8\x92\x1aN\
rj\xcd\x1b\x9fv\x09\xaa\xa7GKz\xe6\xbeP\xa0\
\xe7b\x93:\xd5\x12\xda\x17>*%\x8d\x0a\xb5\xed\xa3\
\xd4\x12\xb5\x12\x12\xbcA\x14+x\xe9\xed\x16\xa1\xe0\xe6\
\xdc\xc6\xad+\xc1\xcds\x1d\x83!\xdba6\x950\xb5\
\x8b\xd8x\xbaC\x89\x8e%\x13\xc4\xee\x10!I\x90\xaf\
D\x09\x15:\xe3\xaa\x90`\xa8\x80u\x86K\xbf\x22\xf6\
\x18\xfd\x1a\x1c\x17\xfa\xcf\x90\xa3\xf2\xb9\x8c]A\x99\x93\
]1\xc1l+\xa5\x92$\x93\xd9\x8c\xc7B\xa87\x82\
\xf9\x09\xf4A\xf4\x18\xce\x8d\x83>c\x04\xb2\xc0\xc2|\
\x1a\x95r\xa7ZRgZ\xbf\x0e\x09RG\xdf\xe48\
\xa6\x83\x0f\x9c\xee/>\xf4\xbf\xbd\xee\xaf\xce\xfa'\xff\
n\x8d\x8fMQ\xc8\x83\x94\x7f\xcc\x1a1O\x100%\
\x13\x03F4\x02^\xfe\xc8\xc1\x136\xb1\x12\x0b\x89\x1a\
\xd3-\x0c\xf3\x8dXe\xc8\x1a\x81\xdeG\xbb\x12\xeb\x98\
SV[\x96k\xd8\xa9\xea\x05xD\x8c\xa67/F\
\x9a\xf6'\xa4\x8d3f\x8fS\xd7P\xc7\x1c\xb1\x80\xc7\
\x0b`~p\xffVt\xe0\xe0\xe7\x82t\xc6\x9dy]\
\x04\xc42&\xa9Ga\xa7\x12\xaa\xb1I\xc2;\xcc\xed\
8\x028\x9d\x03\x0d!\x98\x93r#\x85\x891\xd6\xe0\
&,/|\xc9\xcd\xd2\xa0\x1c\xf1\x06\xb1e\x19\xded\
\xb5\xa0\x8d\xc9\x7fV\xa0\x82)\x8dZ5-\xc9\x89M\
\x938\x92\xd7\x8b\xe3\xa2\x90v\xa6M\xd5\xf9U  \
\x09W\xc5\xf8 \xe3\x91\xff\x0c\xc8}\xa7\xd8\xff*L\
\xb1\x88M\x04\xc9\xb7\xe6\xf1\xc9\xe6\xbd\xa8\xee\xe6\x18Q\
\xad1O\x14z\x8d\xa2:\x83\x1d!3r\x82(\xb6\
;\xbb\xd0\xb4\x09\xe6\x1fS\xe1e\xec\x9e\xd1V%u\
\xbb,\xdc\x0e.<\xf2\xcf>\x85\x02\x1e\x5c\x8eNE\
Ue\xb8T\x82+\xffB\x9d\x86B\x9e\xa9\x5c\xc4\x14\
\x10\xc66\xe9\xbdrE\xd3.'\x15\xc2!\xcc>&\
\xb4Z\x03\xf7\xecm\x9b\xd8\x8a\xc4-rk\xff\xfe\xfd\
\x1d\x8e\xe1\xd8\xa2\x0d/.)\xeai\xb4\x1d\xc5\x13\x8c\
[\xd2;\xaaBYp+|\xc8\x09\x8e\xe3D\xde\xcb\
\x98:\xde\x08\xc7\xd5d\xc5\xfa\x8c\xd3zgA\x92T\
B\xc5\xfc\x12w \xdc(\x1c/e\xc7\xfb\xd3\x0aM\
)\x1f\x0d\xb5\xc6{\xd00\xa1\xcc\x07\x80L\x0c^\x9d\
\xc0\xc5\xac\xd6\x06\x7fKc\x8bQ\xd5\x8eN\xbc\x85v\
\x19\xbb\xf6\xf5\xa7L-\x08\x8e\x1d\xb8o8Dq\xa1\
}\xdb\x8cD\xfa\xa5\xd3\xc7\xca\xa8\x9e\xcc\x06\xc7\xac1\
\xee\x85\xe1!/t)5\xc1p\x82L\xc3!\x1e+\
\xc8\xbc\x1alp\xfa\xb6M!k\x8e\xa7\xe2_\xee\xee\
\xca\xf8O\xee\x1ejPAE\xa9\x81Q\xc3\xde\x11n\
{\xfd\x1a\x1eI\x93\x98#\xa8OP/\xf7\xa7\xd2+\
\xa6\x0a\xe3\xa8(\xd9\xa8dy\x17\xfe\xbd\x17\xdaf4\
@\xaca\x13\xa7*j0:0\x90\xb7E\xbc\x0d\xf0\
\x83\x84\xd6\xd2c\xf4\xb8!\xd8\x98\x90\xe5\xbd\xd8\x9f\xbb\
R\x1a\x02\xec\x86'0\x17\xdeQ*j\xc5\x02\xb8\x8d\
\x94\x06\x07\x07\x0b\xfd\xdd\xf6\x8c\xf7u\xe5\xaeP:-\
r\xe4\xf0\xa12\x03\xac\xe9\x80\xbb\x95\xd0\xc6\x84\xa7\x14\
\xd8\xd7\x9f\xafB\xacF6\x11\xc1sGe.\x16]\
\xd0$t\xe3\xc0@\xae\x98\x19\xed\x8c~Tn\xa7\x8e\
\x05\xaa^7#{\xbc7e\xf1\xd1\x1b\x98\xdd?9\
\xd2~\x9a\xe9\x0e\xb2\xe2\x98\x96u\x9e\xf0C\x8e6\xae\
\xe3{B\x95\xdb\x16\x86?\xf5gp\x7f\xd9_\xfe\x1e\
\xf08 \xfc\xe6wO\xfc\xb9\x95\x17\xb3g\xb5\x97\xe3\
\x8b\xd9\x1f\xbb\x83\xb7\xa1\xe1\xff\x05\x8di\xef\x91\xce+\
\xc3?uy}\xe9n\xfa\xb2\xd0\x80z\xe5\xd1\xde\x90\
\xee\x9e\x97\xbe\x1f\xe4\xb5\xd9Zt\x98\xb8\x04\xc3\xf1\xa4\
\xce.\xbcf\xbbH\x1a\xa1\x1c\xee8\x88(\xe2%\xd6\
I8P\x05y%-z\xef\xd1\xb6\x8c\x8d{5\x12\
\xb2\xf1\x16\x93\x0a\xa9\xd0\x82\x11,pN\x0dK\x85\xc8\
\x90\x96\xed\xd5\x87\xca6\xdc \x89\xd8\xd4\x92\xefo \
\xd3\xf8H\xfe\x1e\xa5\x96egy\xb3\xc9\x9b\x8b\xe8b\
\xcaCv\xa6\xcd<\x0d\xb0\x8b\xa9\x1b~k\xbb\xaf\x0e\
G(\xba\xd8%\x00e\x0b\xea\x82\x98\xe6\x9d\x95\x8d\x9f\
\x96uH<\xa6\xae\xf0\x8e\x93:\xe0sU{[G\
\x9f-p\xf9\xa5L\xfd\xd5dp\xd4\x0f\xd0\xe6\xee\x98\
)\xb7\xff\x82\x92\xa9\x9d#\xbd\xa1}\xed\xeb\xd6\xb4\xa5\
O\x12\xcb\xbadw\x1a\x13\xb7\xb7\x02\x8c\x90RN\xd2\
\x96`#7\xfb\xc3\x89\x04k+G\x87\xfb\xf2\x0a\x81\
\x06\x0c\xc7\x14\xa1\xbcXOx\xd9\x82?\xe1`\x86\xb5\
\x16\xb9iw\xb6\x18l\x99\xa5\x07\xaae\xcc-\x0d\xf6\
\x0c\xc73\xf2\x92\x98x\xbb\x906Ol\x06\xd9\xc6\x14\
#\xf5=}\x99\xa9n\xc5T\xd2\x96'\x9af\xb4I\
E\x8cb^\xa5N\xdc\xb0\xc9\xe3\xe4\xd2\xed\xddYu\
]\x97N\xeaV\xac%u\x14lC\xd0\xba\xbeRH\
\xea\xb1j\xb7X+\xb8N\xedi(.\x10\xc2\x1e\xb3\
\xb1\xa7/,\x92^o\xa5W^H\xe6}T\x1b\xf6\
\xeaA\xb6\x1e\x05v\xcb\xa5\x98\xa2\xf8\xda\x93\xcb\x10g\
\xd2P6\x93b\x8aCqx+\x7f\xa9C\xf3\xc8$\
\xe1TL\x97\xe5\xe0K\x98\xf32\x81\xc1\x1b6\xf9\x14\
\xbf\xc2\xe0\xc8\xe9\xd5\xed\xc0He\x92\xf6\x94\x87\x86\xf5\
\xc7,)s\xb7\x1f\x96\xe7\xf3\x9a\xdc(\xdf\x94>\xc3\
\x9a\xfa\x1a\xd3K\xb8\xb1\xa7\x9c\x89^\xa3\xb3\x19\xa3\xeb\
 $\xad\xea\x19\x1dI\xea\x15!I\xda\xb9\x1b\xeb\x12\
h\xc8\xbd\xfe7?\xbe\x8e\xda3\xfc\xba\xa2r\x1b0\
\xab\xf5:\xa7>\xe7\xf8\x0f\x9f\xac?\xbc\x11,\xfd\x90\
\x86\x5c\xd1\x87%C~\x8aP\xbf;\x8e\x8c\xe6\xb6<\
[,\x82\x0a\x89\xa2\x0aj\x9b\xdc>\xab\x07\xf8\xc5\x14\
\x07CY\xe9W\xafpj\xb4!\x81\xab\x14\x95\x98d\
\xce\x87\x00\x8c]\x91m\xc2\xe47Vt\x0d\x95\x9c\xc6\
\xadL\xdf#=\xb4Y\xda\xed\x95-\x04m\xd1t\xd9\
^\xb3e\xc7M\x96\x1d4W\xf2BO\x12D\xdc\xc6\
o\x97\x82?\x96\xe2>B\xf8V\xbe\xb8\xb0>\xf7\xbb\
\x7f\xe6\xae\xbf\xf8\xb0y\xe1\xae\x8a\x88\xc4\xb2D\xef\x05\
\xbd\xf9&z\xa3\x87\xcf\x22:\xdfl\xbb7\x93\xcd\xa0\
\x99\xbe\xff\x00*E\xd0\xe5\
\x00\x00\x16\x97\
i\
mport QtQuick 2.\
15\x0aimport QtQuic\
k.Controls 2.15\x0a\
import QtQuick.L\
ayouts 1.15\x0aimpo\
rt fuscan.theme \
1.0\x0a\x0a// \xe8\xb6\x8b\xe5\x8a\xbf\xe5\x9b\
\xbe\xef\xbc\x9a\xe5\x9e\x82\xe7\x9b\xb4\xe6\x9f\xb1\xe7\x8a\xb6\
\xe5\x9b\xbe\xef\xbc\x8c\xe6\x8c\x89\xe6\x97\xb6\xe9\x97\xb4\xe6\
\xad\xa3\xe5\xba\x8f\xe5\xb1\x95\xe7\xa4\xba\xe6\xaf\x8f\xe6\xac\
\xa1\xe6\x89\xab\xe6\x8f\x8f\xe7\x9a\x84\xe6\x8c\x87\xe6\xa0\x87\
\xe5\x8f\x98\xe5\x8c\x96\x0a//\x0a// \xe8\xbe\x93\
\xe5\x85\xa5\xef\xbc\x9a\x0a//   char\
tData \xe2\x80\x94\xe2\x80\x94 [{f\
inished_at, matc\
hed_files, statu\
s, ...}, ...]\xef\xbc\x88\
\xe6\x97\xb6\xe9\x97\xb4\xe6\xad\xa3\xe5\xba\x8f\xef\xbc\x8c\xe6\
\x9c\x80\xe6\x97\xa7\xe5\x9c\xa8\xe5\x89\x8d\xef\xbc\x89\x0a/\
/   metric    \xe2\x80\
\x94\xe2\x80\x94 \xe5\xb1\x95\xe7\xa4\xba\xe7\x9a\x84\xe6\x95\
\xb0\xe5\x80\xbc\xe5\xad\x97\xe6\xae\xb5\xe5\x90\x8d\xef\xbc\x88\
\xe9\xbb\x98\xe8\xae\xa4 \x22matched_\
files\x22\xef\xbc\x89\x0a//\x0a// \
\xe8\xbe\x93\xe5\x87\xba\xef\xbc\x9a\x0a//   \xe6\
\xaf\x8f\xe4\xb8\xaa\xe6\x95\xb0\xe6\x8d\xae\xe7\x82\xb9\xe4\xb8\
\x80\xe6\xa0\xb9\xe5\x9e\x82\xe7\x9b\xb4\xe6\x9f\xb1\xef\xbc\x8c\
\xe9\xab\x98\xe5\xba\xa6\xe6\x8c\x89 value/\
maxValue \xe6\xaf\x94\xe4\xbe\x8b\xe5\
\xa1\xab\xe5\x85\x85\x0a//   \xe6\x9f\xb1\xe8\x89\
\xb2\xe6\x8c\x89\xe6\x89\xab\xe6\x8f\x8f\xe7\x8a\xb6\xe6\x80\x81\
\xef\xbc\x9acompleted=\xe4\xb8\xbb\
\xe8\x89\xb2 / cancelled=\
\xe8\xad\xa6\xe5\x91\x8a\xe8\x89\xb2 / fail\
ed=\xe5\x8d\xb1\xe9\x99\xa9\xe8\x89\xb2\x0a// \
  \xe9\xbc\xa0\xe6\xa0\x87\xe6\x82\xac\xe5\x81\x9c\xe6\x9f\
\xb1\xe5\xad\x90\xe6\x98\xbe\xe7\xa4\xba\xe6\x97\xb6\xe9\x97\xb4\
 + \xe6\x95\xb0\xe5\x80\xbc Toolti\
p\x0a//   chartData\
 \xe4\xb8\xba\xe7\xa9\xba\xe6\x97\xb6\xe6\x98\xbe\xe7\xa4\xba\
\xe3\x80\x8c\xe6\x9a\x82\xe6\x97\xa0\xe8\xb6\x8b\xe5\x8a\xbf\xe6\
\x95\xb0\xe6\x8d\xae\xe3\x80\x8d\xe5\x8d\xa0\xe4\xbd\x8d\x0a/\
/\x0a// \xe8\xae\xbe\xe8\xae\xa1\xe8\xa6\x81\xe7\x82\
\xb9\xef\xbc\x9a\x0a//   - \xe5\xa3\xb0\xe6\
\x98\x8e\xe5\xbc\x8f Rectangle \
+ Behavior on he\
ight \xe5\xae\x9e\xe7\x8e\xb0\xe9\xab\x98\xe5\xba\
\xa6\xe5\xb9\xb3\xe6\xbb\x91\xe8\xbf\x87\xe6\xb8\xa1\xef\xbc\x88\
\xe4\xb8\x8e BarChart \xe9\xa3\x8e\
\xe6\xa0\xbc\xe4\xb8\x80\xe8\x87\xb4\xef\xbc\x89\x0a// \
  - \xe6\x9f\xb1\xe5\xae\xbd\xe9\x9a\x8f\xe6\x95\xb0\
\xe6\x8d\xae\xe7\x82\xb9\xe6\x95\xb0\xe9\x87\x8f\xe8\x87\xaa\xe9\
\x80\x82\xe5\xba\x94\xef\xbc\x88Layout.f\
illWidth\xef\xbc\x89\xef\xbc\x8c20\
 \xe6\x9d\xa1\xe4\xbb\xa5\xe5\x86\x85\xe5\x8f\xaf\xe8\xaf\xbb\
\xe6\x80\xa7\xe8\x89\xaf\xe5\xa5\xbd\x0a//   -\
 \xe4\xb8\x8d\xe7\x94\xbb\xe5\x9d\x90\xe6\xa0\x87\xe8\xbd\xb4\
/\xe5\x88\xbb\xe5\xba\xa6\xef\xbc\x8c\xe4\xbf\x9d\xe6\x8c\x81\
\xe6\x9e\x81\xe7\xae\x80\xef\xbc\x88\xe4\xb8\x8e\xe9\xa1\xb9\xe7\
\x9b\xae\xe3\x80\x8c\xe5\x85\xb3\xe9\x94\xae\xe5\x8a\x9f\xe8\x83\
\xbd\xe4\xbc\x98\xe5\x85\x88\xe3\x80\x8d\xe7\xba\xa6\xe5\xae\x9a\
\xe4\xb8\x80\xe8\x87\xb4\xef\xbc\x89\x0aItem {\
\x0a    id: root\x0a\x0a \
   // \xe7\xb1\xbb\xe5\x9e\x8b\xe5\x8c\x96\xe8\
\xae\xbf\xe9\x97\xae Theme cont\
ext property\xef\xbc\x88\xe4\
\xb8\x8e BarChart/PieC\
hart \xe7\xba\xa6\xe5\xae\x9a\xe4\xb8\x80\xe8\x87\
\xb4\xef\xbc\x89\x0a    propert\
y ThemeControlle\
r theme: Theme\x0a\x0a\
    // \xe5\x9b\xbe\xe8\xa1\xa8\xe6\x95\xb0\
\xe6\x8d\xae\xef\xbc\x9a[{finished\
_at, matched_fil\
es, status, ...}\
, ...]\x0a    prope\
rty var chartDat\
a: []\x0a    // \xe5\xb1\x95\
\xe7\xa4\xba\xe7\x9a\x84\xe6\x95\xb0\xe5\x80\xbc\xe5\xad\x97\xe6\
\xae\xb5\xe5\x90\x8d\xef\xbc\x88\xe9\xbb\x98\xe8\xae\xa4\xe5\x91\
\xbd\xe4\xb8\xad\xe6\x96\x87\xe4\xbb\xb6\xe6\x95\xb0\xef\xbc\x89\
\x0a    property st\
ring metric: \x22ma\
tched_files\x22\x0a   \
 // \xe6\x95\xb0\xe5\x80\xbc\xe5\x90\x8e\xe7\xbc\x80\
\xef\xbc\x88\xe5\xa6\x82 \x22 \xe4\xb8\xaa\x22\xef\xbc\x89\
\xef\xbc\x8c\xe9\xbb\x98\xe8\xae\xa4\xe7\xa9\xba\xe4\xb8\xb2\x0a\
    property str\
ing valueSuffix:\
 \x22\x22\x0a\x0a    // \xe5\xbd\x93\xe5\
\x89\x8d\xe6\x82\xac\xe5\x81\x9c\xe7\x9a\x84\xe6\x9f\xb1\xe7\xb4\
\xa2\xe5\xbc\x95\xef\xbc\x88-1 \xe8\xa1\xa8\xe7\xa4\xba\
\xe6\x97\xa0\xe6\x82\xac\xe5\x81\x9c\xef\xbc\x89\x0a   \
 property int ho\
veredIndex: -1\x0a\x0a\
    // \xe6\x9c\x80\xe5\xa4\xa7\xe5\x80\xbc\
\xef\xbc\x88\xe5\x8f\xaa\xe8\xaf\xbb\xef\xbc\x8c\xe4\xbe\x9b\xe6\
\x9f\xb1\xe9\xab\x98\xe8\xae\xa1\xe7\xae\x97\xef\xbc\x89\x0a \
   readonly prop\
erty real maxVal\
ue: {\x0a        va\
r m = 0\x0a        \
for (var i = 0; \
i < chartData.le\
ngth; i++) {\x0a   \
         var v =\
 Number(chartDat\
a[i][metric] || \
0)\x0a            i\
f (v > m) m = v\x0a\
        }\x0a      \
  return m\x0a    }\
\x0a\x0a    implicitHe\
ight: chartData.\
length > 0 ? 130\
 : 100\x0a\x0a    // -\
--------- \xe7\xa9\xba\xe6\x80\x81\
 ----------\x0a    \
Label {\x0a        \
anchors.centerIn\
: parent\x0a       \
 visible: root.c\
hartData.length \
=== 0\x0a        te\
xt: \x22\xe6\x9a\x82\xe6\x97\xa0\xe8\xb6\x8b\xe5\x8a\
\xbf\xe6\x95\xb0\xe6\x8d\xae\x22\x0a       \
 font.pixelSize:\
 theme.fontSizeB\
ody\x0a        colo\
r: theme.colorTe\
xtSecondary\x0a    \
}\x0a\x0a    // ------\
---- \xe8\xb6\x8b\xe5\x8a\xbf\xe6\x9f\xb1\xe5\x8c\
\xba ----------\x0a   \
 ColumnLayout {\x0a\
        anchors.\
fill: parent\x0a   \
     spacing: 4\x0a\
        visible:\
 root.chartData.\
length > 0\x0a\x0a    \
    // \xe9\xa1\xb6\xe9\x83\xa8\xe6\x91\x98\
\xe8\xa6\x81\xef\xbc\x9a\xe6\x9c\x80\xe5\xa4\xa7\xe5\x80\xbc \
+ \xe6\x82\xac\xe5\x81\x9c\xe8\xaf\xa6\xe6\x83\x85\x0a \
       RowLayout\
 {\x0a            L\
ayout.fillWidth:\
 true\x0a          \
  spacing: 8\x0a\x0a  \
          Label \
{\x0a              \
  font.pixelSize\
: theme.fontSize\
Caption\x0a        \
        color: t\
heme.colorTextSe\
condary\x0a        \
        text: ro\
ot.maxValue > 0\x0a\
                \
    ? (\x22\xe5\xb3\xb0\xe5\x80\xbc \x22\
 + root.maxValue\
 + root.valueSuf\
fix)\x0a           \
         : \x22\x22\x0a  \
          }\x0a    \
        Item { L\
ayout.fillWidth:\
 true }\x0a        \
    Label {\x0a    \
            font\
.pixelSize: them\
e.fontSizeCaptio\
n\x0a              \
  color: theme.c\
olorTextPrimary\x0a\
                \
font.bold: true\x0a\
                \
visible: root.ho\
veredIndex >= 0 \
&& root.hoveredI\
ndex < root.char\
tData.length\x0a   \
             tex\
t: {\x0a           \
         if (roo\
t.hoveredIndex <\
 0 || root.hover\
edIndex >= root.\
chartData.length\
)\x0a              \
          return\
 \x22\x22\x0a            \
        var d = \
root.chartData[r\
oot.hoveredIndex\
]\x0a              \
      var ts = (\
d.finished_at ||\
 \x22\x22).replace(\x22T\x22\
, \x22 \x22).replace(\x22\
Z\x22, \x22\x22)\x0a        \
            retu\
rn ts + \x22 | \x22 + \
Number(d[metric]\
 || 0) + root.va\
lueSuffix\x0a      \
          }\x0a    \
        }\x0a      \
  }\x0a\x0a        // \
\xe6\x9f\xb1\xe7\x8a\xb6\xe5\x8c\xba\x0a      \
  RowLayout {\x0a  \
          Layout\
.fillWidth: true\
\x0a            Lay\
out.fillHeight: \
true\x0a           \
 spacing: 2\x0a\x0a   \
         Repeate\
r {\x0a            \
    model: root.\
chartData\x0a\x0a     \
           Item \
{\x0a              \
      Layout.fil\
lWidth: true\x0a   \
                \
 Layout.fillHeig\
ht: true\x0a\x0a      \
              pr\
operty real valu\
e: Number(modelD\
ata[root.metric]\
 || 0)\x0a\x0a        \
            Rect\
angle {\x0a        \
                \
anchors.bottom: \
parent.bottom\x0a  \
                \
      anchors.le\
ft: parent.left\x0a\
                \
        anchors.\
right: parent.ri\
ght\x0a            \
            heig\
ht: root.maxValu\
e > 0\x0a          \
                \
  ? parent.heigh\
t * (parent.valu\
e / root.maxValu\
e)\x0a             \
               :\
 0\x0a             \
           // \xe6\x82\
\xac\xe5\x81\x9c\xe6\x97\xb6\xe6\x9f\xb1\xe4\xbd\x93\xe5\x8a\xa0\
\xe4\xba\xae\xef\xbc\x88\xe6\x8f\x90\xe9\xab\x98\xe4\xb8\x8d\xe9\
\x80\x8f\xe6\x98\x8e\xe5\xba\xa6\xef\xbc\x89\xef\xbc\x8c\xe9\x9d\
\x9e\xe6\x82\xac\xe5\x81\x9c\xe7\x94\xa8 0.85 \
\xe5\x8c\xba\xe5\x88\x86\x0a         \
               c\
olor: root.statu\
sColor(modelData\
.status, index =\
== root.hoveredI\
ndex)\x0a          \
              ra\
dius: 2\x0a        \
                \
// \xe9\xab\x98\xe5\xba\xa6\xe5\x8f\x98\xe5\x8c\x96\xe5\
\xb9\xb3\xe6\xbb\x91\xe8\xbf\x87\xe6\xb8\xa1\xef\xbc\x88\xe9\xa6\
\x96\xe6\xac\xa1\xe5\xa1\xab\xe5\x85\x85\xe4\xb8\x8e\xe6\x95\xb0\
\xe6\x8d\xae\xe6\x9b\xb4\xe6\x96\xb0\xe5\x9d\x87\xe6\x9c\x89\xe5\
\x8a\xa8\xe6\x95\x88\xef\xbc\x89\x0a       \
                \
 Behavior on hei\
ght {\x0a          \
                \
  NumberAnimatio\
n {\x0a            \
                \
    duration: 30\
0\x0a              \
                \
  easing.type: E\
asing.OutCubic\x0a \
                \
           }\x0a   \
                \
     }\x0a         \
           }\x0a\x0a  \
                \
  // \xe6\x82\xac\xe5\x81\x9c\xe5\x91\xbd\xe4\xb8\
\xad\xe5\x8c\xba\xe5\x9f\x9f\xef\xbc\x88\xe6\x95\xb4\xe5\x88\x97\
\xe5\x8f\xaf\xe8\xa7\xa6\xe5\x8f\x91\xef\xbc\x8c\xe4\xbe\xbf\xe4\
\xba\x8e\xe7\xbb\x86\xe6\x9f\xb1\xe4\xba\xa4\xe4\xba\x92\xef\xbc\
\x89\x0a              \
      MouseArea \
{\x0a              \
          anchor\
s.fill: parent\x0a \
                \
       hoverEnab\
led: true\x0a      \
                \
  onEntered: roo\
t.hoveredIndex =\
 index\x0a         \
               o\
nExited: root.ho\
veredIndex = -1\x0a\
                \
    }\x0a          \
      }\x0a        \
    }\x0a        }\x0a\
    }\x0a\x0a    // \xe6\x8c\
\x89\xe6\x89\xab\xe6\x8f\x8f\xe7\x8a\xb6\xe6\x80\x81\xe8\xbf\x94\
\xe5\x9b\x9e\xe6\x9f\xb1\xe8\x89\xb2\xef\xbc\x9bhove\
red \xe4\xb8\xba true \xe6\x97\xb6\
\xe5\x8f\xa0\xe5\x8a\xa0\xe9\xab\x98\xe4\xba\xae\xef\xbc\x88\xe4\
\xb8\xbb\xe8\x89\xb2\xe5\x8a\xa0\xe4\xba\xae\xe3\x80\x81\xe5\x85\
\xb6\xe4\xbd\x99\xe4\xbf\x9d\xe6\x8c\x81\xe5\x8e\x9f\xe8\x89\xb2\
\xef\xbc\x89\x0a    function\
 statusColor(sta\
tus, hovered) {\x0a\
        var base\
\x0a        if (sta\
tus === \x22complet\
ed\x22) base = them\
e.colorPrimary\x0a \
       else if (\
status === \x22canc\
elled\x22) base = t\
heme.colorWarnin\
g\x0a        else b\
ase = theme.colo\
rDanger\x0a        \
// \xe6\x82\xac\xe5\x81\x9c\xe6\x9f\xb1\xe4\xbd\x93\xe6\
\x8f\x90\xe4\xba\xae\xef\xbc\x9a\xe9\x80\x9a\xe8\xbf\x87\xe6\xb7\
\xb7\xe5\x85\xa5\xe6\x96\x87\xe6\x9c\xac\xe4\xb8\xbb\xe8\x89\xb2\
\xe6\xa8\xa1\xe6\x8b\x9f\xe9\xab\x98\xe5\x85\x89\xef\xbc\x88Q\
t.rgba \xe7\xba\xbf\xe6\x80\xa7\xe6\xb7\xb7\
\xe5\x90\x88\xef\xbc\x89\x0a        i\
f (hovered) {\x0a  \
          return\
 Qt.rgba(\x0a      \
          Math.m\
in(1, base.r + 0\
.15),\x0a          \
      Math.min(1\
, base.g + 0.15)\
,\x0a              \
  Math.min(1, ba\
se.b + 0.15),\x0a  \
              1.\
0\x0a            )\x0a\
        }\x0a      \
  return base\x0a  \
  }\x0a}\x0a\
\x00\x00\x0e\xc5\
\x00\
\x00B}x\x9c\xd5\x5c\xddS\xdcF\x12\x7f\xe7\xaf\x98\
\xf0\x90\xc21Y\x16\x1c\xbbr\xd4q)\x83\x93\x8a\xab\
\xe2\x8bc\xa8\xe4!w\x0fbw\x00\x95\xb5\xd2F\xd2\
b\x93\x84*\xfc\x81\xf90kp\xfc\x0d8\xf6\x12\xc0\
\x8e\x1d\xc0\xe7\xd8f\xed\x05S\x95\xfbO\xe2\x1d\xed\xee\
\x93\xff\x85\xeb\xd1HZ\xad4\xd2~\x00\xbe\xbb\xae\xb2\
-\x8dzzfz~\xdd\xd3\xd33k1\x91TT\
\x1d}\xa5\x7f\x95\x12c\xa7QG\xa4\xfdp\x93XQ\
\x16\xe9Qd]U$\x8d\xfb\xf1\x0baDI\xe9\x1a\
jw}\x1bHi1A\x8e\xe8C8\x81\xe1C\xd4\
S\x1ec\xf2$\xacj\xee\xaf\xcd\x91H[L\x81g\
\x19\xcb\xba\xd6\xdc\xd4\xd4\xd6\x86\x0a\xb9k\xc6\xcf\x8b\xa5\
\xcc\xf3\xb7[\xf3ds5\xff\xfa\x811\xf5\xd8\x98\x9d\
e\xe5Fv\x9c\xa4o\xa0\x83\x88\xcc\xfe\x0e\x9f\xc8\xd5\
\xed|v\xad\xb8\xb1j\x5c\x18/\xdd]2\xee\xee\xbc\
\xdd\x9a$s\x8f\xf3\xd9\xe9|v\xcc\xb8\x9bi\xcbg\
/\xb3'29a\xa4\x97\xf2\xd9+\xe4\xd28Y\x7f\
i,\xec\xc0\xeb\xdb\xad\xa9\xa6\xe3:N\xa0\x1f\x9a\x10\
\x90\x18\xefD*\xd6R\x92\xae\x9d\x14\x06\xb1Y\x96T\
\x95$V\xf5\x11\xd4G\xc7\xd6\xe3\x0c\x04\x99c\xedd\
\xc5\x95\x9c\xdf(\xeai-)\xc4\x5c\xdc}#I\x8c\
\xce\xf8\xcb;y\xccM\xa68\xd0Eil\xbepo\
\x05\xd1/\xa0\xa0\xa3*\x16Pq\xe7:Y\xf8\xd9\xb8\
9\x91\xcf\xbd`\x8a\x01U\x99\xfc\x9a8(\x0b\x12\xea\
\x17b\xa7O\xe1\xefRX\xd3q\xbc\xe5\x00\x93\xd5\xa3\
H\xa9\x84\xcc&\xce\x1a+%A\x8e\x0d)\xaa\x16\x19\
\x10%\xa9\x13%\x05\x15Zq>\xd2N\x89\xf2`'\
j\xefhr\x0a\xa1S\x1f:\x84\x8c\xfb\x13\xa5\xa5\xdb\
d\xe6\x95\xab\xd0a=\xa5\x9c\xf15H\x89\x15\x9am\
~#\xc6\xf5\xa1N\xa4\xab)\x5c\xc1\xc2m\x9a\xd2q\
\x00RwJ\xd7\x15\xd9#\xd4\x9c=\xf8\xd8\xab\xa4\xd4\
\x18\xccJ\xf3wj\xac\xb3\x8d\x96hmT#\x11m\
x\xb0\xd9WC\xc7gu\xe0e:\xe5|V\x14I\
\x17\x93\x0e\x87G\xeb\xfe\x0aB,\x06\x1a\x04~\x0dC\
\xcbqA\x1d\xf1\xf3(r\x8f\x04V\x84+\xa1\x16\xf1\
N\x9b\xbb\xca\xa8G\x7f\xfdX\xe2\x0c\xdf\x1a\x8c\xdbZ\
\xfc\xad\x0f\x00\x94\x22I\xf1,\x96z\xc5\xefAO&\
\x88#\xb4\x94\xbe\xd3\x9e\xf4\x89\xba\x84\xf9\xf5\xfa\x15)\
\xce\x99-J1ERT[\x9c\xa8\x1d\x13\xd4\xd3\xe8\
\x13\xeb\xd5\xfc\xd6\x07\xbd;\xa9\x8a\x09\xd0\x09\xea\x0c\xf8\
\xd0\xf0\xa09\x86\x15\x19\x12\xb4\x9e\x94J\x11\xedX\x98\
\xaf6\x82>6\x83\xc7h\x06\x87\xc2\x93\x11c\x02z\
\xc1\x85\xb9J5]\xd0S\x1a\xed7T\x83\xeaS~\
5#\x18#\x15l,>*\x8dM\x19\x97\x7f\xcd\xe7\
rd:\xc3\xe5\x0d\x9f\x92\xde\x84 I\x8d\xa9\xbb\xd7\
\x06\xa1_\xe1\xce'\x9f\xe4aQ\x13\xfb%\xdc\x98N\
+\xe7\x8c9\xd6\x00{\xaf\x0f\xd4\xcc\xcf\xa3\xfa\xe6)\
!\xe8\xb1!\x1c\xefQR\xb29S\xa8\x94y\xb9\x0f\
\xea7_\x8e\x09\xf2 8\xee}\xd2\xe6h\x90\x03.\
\xeeL\x18\xb9\xe5\x83\xc6\x95\x9f\xc8\xabY\xb2\xb9B\xc6\
7\x8d\xfb\xb3\xfb\xe5\x8d?\xae(\xae{l\x15\xb5a\
\x1c\xcc\x9d\x1677\xc8\xeb\x8b\xc6\xdcb\xe1\xd9\x92\x91\
\xb9T\xc1D\xa1\xfa\x99\x88\xa58\xcf\xdb\x83+\x82^\
\xeb\xd8\x04\xf4q9\x99\xd2}<5\x0c\xce\xc5\x96T\
\xf1\x00\x86>\xc7-\xde\x8e\x8f\xa3>\xd6\xa4\x04#\x19\
\x02?\xc8\x9a\xa5\xfe\x96\xf5\xdc5\x96?\xc7V\xeb\x85\
Y\xb7\x12\xf7\x9b\xe2\xde\xfbTJt\xa1\x19T\xc1&\
@\x7f\xa7pL\x07\xe0J\x98\xa3\xdf\x9az\xd0=x\
4\x99\xacl\xdb,\xe2J\xebW\xd485\xd6\xaaB\
M>\xb3\xbc\xd3_\x1e&\xfa\x0c\x9b\xb8v.\x8f*\
\xc4\xc5\x94fKdo'\xe2>\xd6Q_\x09\x0d\xc4\
n?5\xa6oBDZ|}\x8d\x8c\xaf\x90\xb9+\
\xe8P4\x9a\xd0P\xf1\xc1*\x99\xbd\xca\xcc\xf0\xed\xd6\
L\xe9\xdc\x0e\x19O\x1b\x1b\xb3\xf9\xec#\xb2v\xab\xf0\
\xdbj\xe9\xc26]\xe7\xb1\x8e\x12J\x1c\xfb]I\x9f\
\x98\x80X\x92\xaf\xfe2\xc4\x8f\xe1~\x981\xee\x0a\x06\
l\x10\x1d\xaa\xc3\x02Dp\xd0'\xfe\xd0q\x12\x0b\x00\
\xd6\x01A\xd2\xf82\x14\xb9O\x15\x07\xc1\x85\xd1\xb8\x84\
\xdf\x1bJu,\x92X?e\x867\x9f96\xda\xe2\
1\xd7\x08u\xee\x07\xb8m\xf9'\xc1_\x02]\x86\xfa\
\x9f\xc6E\x1d\xfb\xf4\x14\x01\x95\xeb\x82\xaa\xfb\x02)\xaf\
\x0f\xcagWJ\x13i\xf2j\xd5\x9e\xc2I\xb2<\x0f\
K6\xcce\xe1\xfaC\x88\x9b\x13\xfdJ\xb7r\x16\x15\
\xd6\xc7\xc8\xcc\xcd|\xf6\x15\xec>\xe0sqg-\x9f\
\xfb\x85\xee\x1e\xdc\xf2\x1cn\xbe\xb7\xd2\xf00VE}\
\x84i\xc4d\xae\xd5\x15\xb5w\xf8'\xd6\xcb\xfa9\x16\
\x07\x87`\x92\x0fu\xec\x85\xf31\xd1\xda\x89\xbem&\
\xe3\x0fK\x17\x1e6\xb7\xa2f\xa6+\xfaT\x5c[%\
W\xa7\xcd\xb2\x9d\x8cqn\xa3\xf9\x9f\xbc0\x97\xe1\xe2\
\xb8\x1c\xc7g{\x86\xe8\xfa\x18\x08\xadaA\x05\xedH\
\xa8\x0b}\xeb\x97d\xaao\x00\xb5\xc4\x5c\xf2PWW\
\x17j?`W\xb2\xbb\xc6\xaf\x8c\x01\xf4|\x09\x1de\
\x09\xd6\x90\xea\x95p\xc8\xd5\x87 UPj\xd8pz\
\x19hD\xac\xb5@C~k\x19\xad\x02p+4X\
\xbbe\xac?\xaf\x0b\xac\xb0?7\x97\xde\xff\x17\x9c\x96\
r\xb7\x8b\xeb\xcb\xa5\xcc+\x18.E\xa6{E\xa6\xef\
,\x844n<)C\x19\xcc\x9e3]\xd4\xdd\x9b\xb2\
\x8c\x99)\x87\x8f\xa9\x11\xdc\x83\x1b\x01]\x87\xbc\x1e\x80\
\x92\x9b\x03F\xb9{\xcb\x180#\xa0.\xd4\x1c\xc7\x03\
\x02\x00\x83\xb7\xdd\x086\x11\xa76xH\xd8\xe0\xe9C\
\xfc\xea\xa1F\xe2\xc8\x18\x12u\xcd\x8c\xa7\xeb\x15r\xc8\
%\xc4\xf6\x83|\x19\x0dXJ/`\xb5\xc5\x14\xdfj\
\xe2\xf6K\x1a\x0c\x98\xb8\x8d\xf8:\x12m\xd4\x84\x8c\x9b\
/\xc9\xdcU\xba@\xa4'\xdaJw\xd2\xf5:\xff\x8a\
~\xd5jO\x9c\x08\xf4]\xb9\xfd\xf4\x84eH0V\
\xfa\x14b(\x8c\x03T\xc3\xcc\x05\xfdy\xe9'T\xdc\
\xce\x91\xd7\xeb\xd5\xed\xc3\x1f\xab\xed\xa3}T:5?\
8\x1a0\x97j\x22\x1b\xb1\x9ej2\xdf\x991\xed\x85\
\xf5\x00 \x0a\xdb\xeb\x96\x0d\xcdL\x95~Z\xa7@\xc9\
\x8d\xbb\xcb\xd9\xf2\x94\xcf^\xb1\x8dl&\x9fM\x93\xed\
\x7f\x91ki\x16\x97\x19w3\xe0\xcc\xbdh\x0a\xcc\x04\
ZY\x03w\x13{\xb2#\xab\xc3\xf6\x5ci>>r\
C'\x99\xb3l\xd8u\x02\x9d[\xc0\xb6\xa7Q\x08\x94\
\x91\xd5\xca\xf6\x0d\xf5O=\x9b;\xd8,\x15\xd73\xb0\
\xf0\xee2\xa1\xc7\xef\xb4\xea\x8a\x95\xac\x5cO\xc0\xee\x85\
f\x80\xda\xeaL!1\xe9}\x8a.H|\xd1\xff;\
\xc9\xbb\x1a\xb2Ed\xf3);\xf6(\xe4\x9eAL\x83\
\xfa\x84~z\xc8\xf2z\x9c,_,\xcc]\x02\xed8\
\x1c\xf4\xd9\x0c\xfcy\xb9$\xa8\xd7-x7\xad\xec\xec\
\xc4\xcc\x8f\xc4\x19C\xbdy&g=y36\xe3t\
\xea\xcd\x18\xac\xb4\xf3,\xa9M\xd6g\x8c\xc99\xc0\x13\
l\xcd\x8c\xc9\xcd\xe2\xce\x02\xec\xc5\x9d\xf3\x22\xe3\x168\
\x88\x99\xe2\xc4#2\xfd\xd0\x1a\xe6\xfc\xc5R\xe6%\x8c\
\xa9\xb8\xf4\xd8\xb7\xa8\xdf\x9f(\xae?qz\xdc\xd5G\
s\x92\xe4\xe5\x0b2y\x89L>1\xd6\x96\x99v\xac\
\x1d=uM\x8b\x8f\x98T\x10iln\x92\xc5\x87\xf9\
\xecX\xf1\xf9f\x85\xe0\xca\xb5\xadr\xf1\xde]\xbe\x8c\
\xaa\xb4\x8a\xbbst\xb6k_7Zw\xd36n\xfe\
\x0bM\xb3\xfd\xe9\xee\xdb\xadx\xad9\x08\xa1\xeb\xf5{\
5\xce\xe8\x01\x80\x9b\x9eRe^$\x15\xedr\xa6\x8f\
\xad\x8f\x0e\xde`\xd5\xa3\x01U{+j\xef*\xdb'\
-\xeahE\x1d]\x96\x99\xd2w\x7f\xb0H\xc3\xa3a\
\xee\xd2\x10\xb4]\xa0\xdc\xfe\xd5,tw@\xab\xf8\x9b\
nx\xc7{\xca2\xc9\x96\xe1j\xc9\x1bv\xa4K6\
W\xf2\xdb\x8bd\xe6\x158\x00\xb6\xe2\x93\x85\x9f=.\
\x84\x1a\xf6\xdc\x8c\xb1\xb6\x82\xca'\xd1\xc8\x1dZxB\
yY\xc61]Td\x8d\x87;A\x1d\xc4\xfc5\xca\
\x0f\xc2\x94l\xca)\xe3\xa9|\xdc\xcb0\xd5r  \
>\xa8\xf4\xa5\xde\xb5\x9e\x9f\xe7\xa33T3\x16\xf7!\
\xcb\xe7L]{ci=\xcf\x14\xf7\xd8W\x03\x22\xa0\
>x\x96\xb0\x1el\x84\xbb\x1c\xf7\xbe\x8c\xd9;:\xce\
8+W\xe8|6\x97\xdf\xbe\xc6n>\x90\xd9\xdfa\
1\xda\xfb\xe3\x1c\x17\x8b\x1d\xbf\xd6~\x00O\xad\xce\xbc\
\x94\x01}t\xdf\xc8\xa8`\x0a;V\xa8\xefH&\xb4\
\x93.\xbe\x84(\x8b\x89T\xc2\x92x\xa8\x86,\x94\xc5\
\xfa\x11g\x87]\xc3\xa9G\x8f\xa0\xc6\xbd\xc7\x1e\xb4\xcc\
'k\x9f\xce<\xaa\x9dw\xf0\xce:\xbe\x18\xf4\x8fT\
\xa2\xb7\x1bL\xc5\xfa\x15&j\xfa\xd7\x22>\x13r6\
\xc1\xa2c\x9b\x91\xcb\x16z\xc3\x84\xc7\x98\x00\xef*\xca\
\x9a\xf7\xb0\xd1&+?Qo\x04\x7f\x82{\xf6B\xc9\
A\xfaG\xdc\xcf\x80\xf7\x98\x10\x1b\xc2\xdd\xa9\x01\xc0\x0d\
\x82\x0d\xac\x15oN\xcc\xd20s\xec\x5c\xf1\xc9\x05\xe3\
\xc6\xb37c\xe7\x83\xaa\x93'\xd6e\x8c\xd2\xc2\xa5\xd2\
\xe3\xdb\x95\xe2f\xe7H\x1a\x16\xa1y*\xeb\xf9\xb9\xc2\
\x8dq\x08\xcb\xdfn-\x90\xe5\x07\xe5:w\xd2\xf9\xed\
+\x04\xda{r\x95^]Z\xbbM\xd2\xf7!\x00\x0e\
i\xb2=z\xc6\xbaF\x85\xfe}\x0b\x1d>\x92<\x8b\
`\xf8xP\xd01\xfasj\x12\x1d\x8e\x1c9\xd1\x8d\
\x8a\x0f.\x15\x1fL\xc1\xba\x09Q\xae\xbbS\x87\xa3Q\
T\xba3G&_\x94\x96.\x1a\xd9\xa7\xc6\xbdk\x05\
\xd8,\xfc\x05\x9c\xd3#n\x8b\xae\xca^L\x00\x88\xe9\
\xe1\xfb\xdf\xa8P\x10\xfb\x09\xfd7p\xd9\xb1(PF\
\xbb%\x83\xfe[]HG\x10We\x8c^\x8f\xdf\x97\
\xc0\xaf\xe18s\xfef\xf5\xa0\x09`3J\xce-\x1a\
kK\x10\x95\xe4\xb3\xd3\xc6\xf4\x0a\xd9\xbeF\xa6\xd2d\
v\x83*~\xe6\x02YxV\xc8\xddA&2a\x06\
\xc8\xdc\x06Lj\xf1\xce\xbcq\xf9\x1e\x99\xb9i\x1eD\
\x95A`L\xa5\x0b\xd7\xef\x197&y\x095J\xce\
\xdd3\x11TeO\xb6\xed9\x0f\x1f\xe1\xd6Q\xe4\x13\
\xca0\xf8\x07Y\xff\x14\x06\x13z\xeeg\x86~\xe64\
\xfc\x15b\x0f\xf4\xe3\x8f\xe8=k;C/\xa5\x05\xc6\
\xb56\x99ah\x12\xc2\x16W\xa5\xc8\xc8IE\x13i\
p\x14Z\xcd<\xc6\x83\x9a'\x04}\x08\x9c\xc3\xd9\x96\
h+{\x1e\x90\x14Em\x01\xa9\x1f \xb3g\x07\xf8\
!\x87\xd3<k\x19\xd6M\xcd\xd3\x8f!SK\x80/\
\x8a-St\x0c\x8bR\x0b\x87\xa5\xcd\xa3\xd9\x03\x00\xb3\
\xf6`(\xd2f\xb1\x1cw:/\xca\x96\x0e?\xa4\xc1\
<\x1b\xd8\xc1\x8a\x8e\x1dD\x1f\x05\x8f\xa2!\x9fG\xa3\
\x95\xaf\xad\x16h\xbc\xd9b6\xdbJ\xfbUk\x88F\
\x89\xc6_\xd0\xf3*\xc9XJt\x13\xbfz\xd3\xf8-\
C\xa6\xef\x17\xb7\xb7\x8d\xc9\x9bN\x16\x88\x05\xe7\x108\
\xb8\xed\xa1\x94y\x01\xdb\x17\xb7U\xd0\xa3\xd7\xccz~\
\xe7.\xb3\x0dTx|\x99\xa4\x7fg\x9b}\xc7>\xc0\
\xf3\xd6\x00V:\xa7\xef\xbf\x8f*\xa0\x1a\xdcu{\xce\
\x86\x93\xd1\xba\xa1j\xd7\xd5\xa2aX\x8d\xd6\x00V\xa7\
\x17\xaa\xb7\x17\xfb\x06T\xbbI\x1c\x0d\xc2j\x94\x02U\
\x8d\x86\x03\x94\xd2\x1e\x81\x14\x14\x879\xb9f\x9b\xf8 \
\x1d\xf5\x071\x94\xa8?>\xb7D\x96\xd3\xf9\xec\x1a,\
\x9d\xf9\xed4\x80\xc7\xbc&|\x85\xcc>![\xe7a\
[\xc8\xc0Z\xd8\xba\x06\xcb+s\xbaA\x8e6\xe0&\
\xad\x97\xecp\x86\xde\x07\xc5\xeaq94\xf6\xa1\x14\x9a\
\x1d\x0a\xd4\xa0\xae\xa8\x10\xbc\x04\x0au\x87\xf1A<\xdd\
)m\x04\x1631&\x80\xb0*\xd6a\x05\xd1\x82$\
\x0e\xca\x09\xf3\xa6\xebWz\xe4(}\xfb\xbc\xc7\x1ch\
hm5%\xcbfo\xac\xb1\xd69\xbd\xac\x03\xfc\xac\
\xb1\x9b\xec{\xb0k\xbf\x90\xc5\x87l\xe6\xddwb\xb9\
\xb7\xb3\xdc\xe4M\x1c\xb5\xf3s\xf16\xed\xdfUL7\
\x01\x98\xc4\xef\xa1c\x82t\xb4\xac|Z\xbd6\xf5\xd7\
k0\x85__\x81\x91\x90\xad\x1bdc\x8b\xcbSm\
\x22\x1a\xc7?7\xf83\xcf\x9eB\x15\x04n\x9e\x9b\x86\
k\xd4tv{\xb1\xb8L\x9f\x00\x16\xe7\xcf\x1b\xb7\xee\
\xb3\x1b\x08A7\xb3\xddD\xe1[ys\xf8\x1frq\
c3\x9f\xbb\xe2\xb9\x82\xee\xe4\xbeH:S\x98\x9a(\
\x9c\x7fI&ro\xc6f\x8c{+\x85\xc5\xcb\xac\xa9\
7c\xe9\xe0\xd6\xea\x00\xfb\xfe\x03}\x17 \x0f\x80\xb2\
\xbd\x0cv\x9a\x97\x91\x8f\xd9\x9b\xa0\x90\xd4\x17\xdbQ{\
@h\x96\x06w\xbb\x1cf\x07\xf2\xd4s\xeb\xd2&K\
\xe1N/D\x1bwt,\xd56@\x88\x02\xaf%,\
\x87\xd1k\xedg8I\x07\xe7[\xf8b\xcf\xa8\x13\xb5\
0\xdb\x8e\xc4\x953\xe1\x11R\xcd}\xfb\x1c6&\xbc\
l\x08\xfbPK\xafX\xcf\x9auU\x905\xd6\xbd\xe6\
\xf0j\x95\x99\x9a\x06\x95\x1e>\xac\xd0\x1cO\xf5Ay\
\x86S\xcbhB/\xc4\xdaT\xe3\xc5X7u\xe3!\
aX\x84xA\x91\x19L\xd1\x0f42R\xd4\xa3\xb2\
\x98\x10\xcc\x8c\xf7\x0f(\x9eR\xcdG\xf3Z\x18\x1a\x0d\
Y\xd6\x03\xac\x97R\xd5st\x9b\xeaJ\xe0\xf6\xfa\xf7\
\xf2-fj)\x22\xd2\xe7\xb0\xc83\xf0\x13\xec\xe0\xaa\
t\xb1\xe6d\x98\xb7\x82\x84\x07\xf4\x13fb,4\x94\
sWQ\xa9O\xaa\xb1N9L\x8c\x06\x0f\x8fR\xc5\
\x85\xd9\xa9\xa7\xc6\xddL({\xad\x8e\x8e\x92\x85\xd4\xf0\
X\x8b\x92\xedm-\x9fc\xedx>@\xd1\x08?\xcb\
\xe1&\xcb\xb8\x13\xd6\xa6\x83\xddo0q[\xb5\xaam\
$\xe1\x9a\x0c\x81\x07%\xb7\xfe\x8c\xfb\x13\x85\xb5\xd7t\
\x1f\xb23^\xca\xe4 Ve?L\xa49\xa2\xf5\xf9\
\xfcKz\x059\xffz\xc1\xdap \xb2\xbe\x0d\x95\x0a\
\xb9\xab\xf0\x11\xe2\xb2\xc2\xf5\x87A;\x14\x9b\xea\xd1\xbe\
\xfbzr\x9f\x10\x1c\x15\xd9dk\x83\x9f\xa4u\x93=\
]\x9c\x94\xbc\x97,\x088\xbbg1\x91\x04\xd3\x17u\
3U\xdf\x8ata\xd0\x8c:#\x15\xe5\xb0%m\xef\
\xa8\xee;w3\xf3X\x88+\xb24R\xce\xb1\xb1\xe0\
\xd7\xeeOYs\xe6kUy\xb5\xecalr\xcfK\
m\xd2)\xd5\x1d|\xbb\x89\x05\xbe\x95\x8a\xa21XM\
\x95}\xe1d\xf5Y\xa7\xe4\xff=\x15m\xf1K9\xe8\
7,^\x0a^Y\xd8\xd7\xd0\xcf\x96\x81\xd5\xec\xa2,\
\xc7c\xbe\xa1\x0f\xd1!\xf8c\x15Y~\x14\x0a\x5c\xb6\
\x14\xe1\xe3\xb6jk\x8eS\xee\x08\xef>%\xcf\x8f\xa9\
\xf6\x14\x82\x9cQ\xd7\x8d#\xfb.ec\x18\x0aw\xb9\
6\xed\xcf\xaf\xa5x\x84%1\x8e\xad\x8d\xc9\xa7\xf4\xf9\
\x84\x18\x8f\x87\xa43l\x0aG)%zg\xee\xc1E\
2y\x87\xcc\xa5\xe9o\xdc\xed+\xeb{:\xa1\xee\x89\
QS\x12\xfe\xbb\x90\xc0\xe6\xe5\xb8?6\x91\xebw\x96\
\x8c\xc1\xb9\xb2jr\x90\xe5\x8b\xe1a\xa7M\xbe9\x0c\
\x8f@mz7\xb9\x14J\xd5<F}_\xea\xbc\xd7\
@O\x05\xcd\xff\xbe\x80\xfe\xa0\xcc\xf5\x7f\x17T0\xb1\
\xd0\xf4\x18\xd6\x05Q:)\xc8\xdc\xe9}'\x87\xe9G\
j>L?\xecY\xe4\xdd\x17\x1e\xd8\xdf\xa3M\xff\x01\
\xb4n\xe4\xa6\
\x00\x00\x08~\
\x00\
\x00)\x88x\x9c\xed\x19io\x14G\xf6\xfb\xfc\x8a\xd2\
\xe4\x8bQ6\xed\x83C\xc9D\xec\x0al\xd8 \xe1\x85\
\xd8V\xf8\xdc\xf4\x94\xc7%z\xba\x87\xee\x1a\x83\x89,\
9\x0a\x06\x0f\xd8\x1eV6\x87b/WL\x826`\
B\x026\x1el#\xedOYM\xf5\x8c?\xf1\x17\xf6\
U_\xd3GM\xcf\x91\x04\xb2Q\x9e\x10\xee\xae\xf7\xfa\
\xd5\xbb\xdf\xab\x1a\x92/\xe8\x06E\x9f\xd3\xcf\x8bD9\
\x87\x06\xa4\xfe\x83)\x12Z\x93\x06u\x8d\x1a\xbaj\x0a\
\x91'\xe5)\xbdHM\xd4\x1f\xc0\x8d\x17ME\xd6$\
:\x81\xf3\x18\x10}\x91u\xc5\xe1\xa7b\xc3\x0cb\xd3\
\x92\xd4\xab\xe8\xf0\xaca\x8d\x9a\xe9T\xea\x04\xc5y\xf4\
e\x0a\x01\x90l\x06\xc9ga\xa3\xd3r\x0e\xdb+\x05\
C/`\x83N\xa11\xbe\xcb\xa0\xcf\x12\xd9\xbbf\x9c\
\xe50\xe5\x11\xce\xa0A96U\xc0\x0e\xd3\xc6Z&\
J\x94\xb2Y\xf4\xf6\x22\xab\xb4\xc4\xb6g\xac\xd2uv\
e\xbewov\xa1\xb6\xb3^[Yg;7\xd9\xda\
\xf3\xfa\x8bG\xd6\xed\x8d\xda7\x97\xd1\x98.\x9b\x14Y\
\xe5\x1b\xb5\xb5\x8a\xfd\xe5\x08V\xa8\xac\xe5T\xec*\xe2\
)\x03\x22i6\xb1\xbf\xea\x8biR\x83h9\x94\xc7\
\xa6\x09\xcafP:\xed\xd3L\x12\x93\x9cUa\xcdE\
J*\xd6rt\x02\xfd\x15\xf5\xf94\xb2\xa6L\xe8\x86\
)Q\xbd\x90A\x05\xd9\x00c\xf2\xe7\x18\x1e\xfe#\x97\
@OY\x1d\x04\x12\xae\xbaK\x1cE\x888\x0f\xcbF\
\x8eh\x19\xd4\x7f\xc8\xc7^ Y:\x91A\xc32\x9d\
\x90\xf2D\xeb\xa1\x5c\xbb\x93\xf2Y\xacJ\xe0`\x95(\
\x84\x9e\xe1$\xe8C\xb4\x7f\xe0/\xdef\xf6W\xe8#\
X\xda\xe7s\x9a\xc0$7A3H\xc0\xe13\x1b\x05\
,\x02\x1b\x1br\x96\x14\xcd\x0cj\xac(\xba\xaa\x83>\
v$H\xf6\xcb\x10\xf8 \xa0\x89^\x90\x81\xd9T\x06\
\xf5I\x9f\x1c\xf4W/\x81>}})\xff\xdd\xde:\
\xe07\xcfw\x0d\xb9B(\xcf<\x8am\xb5\x13\x9ag\
\xd0\x10\x11\xc5\x17i\xc0\xfb\x92\xeb\xc8\x10\x8d+~\xfa\
\x83\xe36\xa4C\xc8q\xf0\x8cT \x17\xb1:J.\
A$\xf4\x0f\x84\xd0X%Y\x1e\xfd\xb0\x8dt\x8c?\
\x8fp\x83\xf9$\xd3\x0d\xed\xc6H\x1e\xb2\xa5\x89v6\
2\x8c\xe2JM\xcaj\x06\xed\xef\xeb\xeb\x0b\xa1\x0c\x5c\
\xc02h5.\xabfX\x13]\x1b3H\x0e,\x8f\
\xb3\x02\xa5\xd1\xe1`l\x07D\x83\xf4\xd3 o\x88\xae\
\x99\x11\x01)\xc4\x1d\xa6\x99h\xda\x86-T\xd4\xeco\
a\xf7S\xb0\xe5q\x99\xa88\xdb\x937s\xfb\x22\xcc\
l\x09\x05B\x01i\x8c\xaea\x15\xc9\xc0&\x88A{\
\xf6\x85\x88\xa6S\xe1'W\x9dQ\x85K\xf8\x05\xc1\x17\
\x22\x05\xc0\xf4\x11\xb1\xfc\x1a'\xaa\x1a\x0b\x1eE%\x90\
\xcf\xd4(6,\xec\xf0>*\x1b\xd2$\x14\x0e\xa2\xc8\
\xaaT\xd0!M \xae\x1b\xa8#\xe6?0\xce\xe2l\
\xc0\xb8j1\xaf9e;b\x107\x85\x1b\xa2\xf9\xe9\
\xd9\x13X\x13l\xeb\xd6%\xf47\x94L\xe7\xb0\x83\xb4\
\x0b\xdb\xce\xe4\xe9\xa8\xe52h \x90}\x1cx\xdd\xbd\
\x7fu\xef\xe1\x9d\xd0\xaa(/m\x1f\xd9\xb9\x95f\xb3\
?W+\x8b\xe9\x18:\x9a9\x03\x03b\x92\xb3\xba\x9a\
\x8dX\xdawB\xb0\xb0\x10sH6\xce\x81\xce\x81:\
\xc3\xf3\xee\xb4A\xf2\xb21\x852M\x10\x91\xb0\x89*\
|R\xcf\xe9\x88\xcdWB\xeb\xa26\xd20\x07w\xa5\
$\xab$\xa7\xe5!d2\xd0\x9b\xa5#\xfc\xed\xb3H\
\x01\xf7\xc0\xf5\xf3\xc7}1\x8cWz\x05(\xaf\xcc\x06\
*\xaf\xd0,\xf6\x8bHUGV\xb1\xeb8\xb4U?\
=p}}<\xeef\xb1@\xdc\xfe\xa7\xb4fbq\
\x88\x86\xc7\x81\xb8\x09|\xb2\x84\x10\x99n\xe1^VY\
\xae-?\xae\xbey`}\xf5,\x84K\xc8K\x0e\xae\
\x97ym8\xe3\xb8O\xb8}\xe7\xc1\xe0'\xdf\x81\x8e\
\xbc\xd5\xf9F\x1c\x5c\xb79\x83\xa0\xd8w\xb14\x8d\xcb\
\xe5\x93%\xf8\x81\xc3\xaf\x9f\xae\x1c\xa6\xdf\x9d\x9d&\xd3\
0\xeaDz\x1d\xaf\xa6&\xb4\xb7\xb6\x8c\xd7\xbf\xbf{\
\xc3\x8cb\x18\xd4\xb3B\xd3\xf8\xa8\xf7h\x9c\xa8Y\xb2\
\x18z\x0f)\xd0\xb6M\x13/\xff\x7f\x14\xd3\xa4\xab;\
\xab\xf5\x99Yx\x10\x84\x8f\x5c\xa4Pf\x01\x91F\xff\
\xd9\x14R\xc0\x08\x815S\x9cR1+\xf6\xbfW+\
\x0a\xea\xeb\x9b\x1f\xac\x85M6\xfb\x88\x95\xbf\x0d\xb7P\
\xfdB\xab\xe2\xdaM\xd5\x14\x84\xd1\x09\x90\xfdh\x91R\
\x18A\xc5\xbe%@0\xaa\x17\x0d\x85\x9f\xee\xce\x1bJ\
\xa6\x97\xaf\x98\xbdyY+\xc2\x94dN\xe6\xc4\xa5\xd1\
\xf5.\xf4\x0fkn\xd39\x8a6!\xd4u\x95\xf2y\
1\xed\x1c[\x83_\xa0\xd3CM\xba\xa6\xac(\xb6\xee\
\xe9\x82S\xf9\xc4T\xae\xad\x0a\x06\x1e\xc7\x06\x0c\xf6n\
7\xea?$\xee\x97\xba6\x08\xf1t\x0eg\xe3\x19\xcb\
g\xefa[\xe5\xc8,\xcd!\x9e-]\x9bu\x1c\xba\
\x04l\xd7\xca\xac\xc1C}{fm\xfd\x85oR\xd3\
\x0b\xe8waTx\x1d'\xb9!b\xb4\xb4\xab \x7f\
\xb6oZK\x8b\xb5k\x1b\xd6\xccWP\x1bjO\x9e\
T_\x95\xac[[\xd5\xdd\x7f\xd5_\xdeBl\xf3;\
V\xfe\x99mm\xb0\xb9\xdb\x9d\xa6W\xab\xd9%\x98S\
1dD\xb4\xb7\xdbsl\xf1^m\xf9\x1e\x9b\xdf\x02\
78(\xf7\x82\xe9#E70\xc8~jp\xc4\xfd\
\x06\x8d\xc8\x05\x92\x85\xf7\xb7\xdb\xa5\x18\xe7\xbf\x1bz\xb1\
pT\xbf\x98\x5c\x88[\x09\x1f \x8dzQ\xec\xc3\xe6\
5g,p[\x13\x04J(\xbf\xfbI\x07\xed \x0e\
\xa7\x16\xb3\xa4\x07\x89\x07\xce($\xcc\x89\x1e\x8c\xd8\x17\
\x01\xb1[\x85(\xe4\xf5,V\xe3\x91\xab\xc9\x94L\xe2\
cZ\x8eh\xd8Ld\x90\xd47\x83\xe0$\xb6\xbd\xdd\
\x90L\xe5\x96\xf4m6\xb7 \xfcv\x8d.\xaet\xdb\
q\x18\x84\x0b\x86\x5c\x18\xd6\xfd;\xa13\xba\x91=\x03\
K\x89\xdf\xc5kok\x0c\xe4g#\xdf\xbc\x1c\xfd\x86\
=\xbfY[\xab\xb0\x1b\xcfx\x07\xfaz\x96]yY\
}\xb5h\xad\xfe\xdbY\x81\x0cf+\xf7!\x95\xf1E\
\x8cj\xdb\x15\xb6\xf6\xbc\xd7z\xfc\x80\xdd\xbdn\xdd\xba\
Z}\xbd\xe1,\x89r\xb6a\x94\xd6\x91 \x1e\x17u\
\xc5pB-\xf1\xdb\x0e#\xe2\xddDC\x17\x91\xd0i\
\x14\xb4\xf6\xf3\x8d\xcbNG\xd8{\xb0\xc5\xfd\xbc\xf9\x13\
[/\xd5\xbf\x9d\xad\xbd~S/\xfd\xc4\xae\xef\xf2\xde\
Q\x9a\xb3V\x9f\xb0\xf2\xe6\xdb\xedy\xees\x87\xa0\xf2\
\x90\x13\x94\x9b\xfb\xf4\x97U\x11\xf0\xeb\x100\xd0\xb2X\
SH\x8b:\x92\xd4\xb3\xa2\xd0e\xfa\xb5Q5\x1b;\
\xb4W\xd58D*\x9bD4\x93\xca\xa0\x7f\x16\xc2-\
\xfd\xdf\xd5\xa54\xc4\x16\xfc\xbd-n\x0fQp\xc3V\
\xcc.\x10\xa2\xa3E\x18gL\x13%]\xad'A\x17\
\xf5\xd5\xff\xac\xc5Q?\x08\xcd\x83\xd7\x83_bjM\
\xce\xf3\xe1\xa2\xa7\xb1\xe2\x1e\xc8\xb9\xe9\xed\xf3T\x1c\xc3\
\x7f\xc4\x89\x8fb\x22xw\xfd\x84C\x97\x0e\xe92\x17\
8t\xd3\x8e8$\xfb\xb4\xd3\x86\x15_\x9d\x16N\x9c\
\x91\xe9\xf7\xff\x7ft\x8c(\xf4\x07\x9a\x1e\xb3\xed\x16\xfd\
?\x87\xc7\xdf\xd7\xf0(\xca\xc5\xf0\x9b\xf8\x8agoy\
\xbd\xfe\xec\x85ug\x11\xe6G\x18*\xd1\xb0L4\xe9\
|^El\xf61{>\x83F!8\xa9\x02\x11\xbc\
\xb7r\xa5\xfa\xea)\x9b\xafT_\xcd\xc0?\xf6l\x8b\
U\x96\xa3CeB&\xb7i;\xfft\xe6I\x17O\
\xae6\x12\xab\xed\xa4j\x91Pm$\x13X\xd2\xc4\xe7\
\x0f\xfb\xf2\xb2J\x19\x0e\xf50\xab\xf1\x9b\xd4\xc3\xec\xda\
\xbd\xfa\xd7;\x9e\x85W\xac[?\xb2\x87w}Z\xeb\
\xf6\x06\xbb1o=}d\xad\xbc\x00\x94\xf5t\x8d\xad\
]n\xba\x93\x9b\xb2'\x89Iy4\xb5\xca>Nw\
L\xc5\xbc\xb2\xa1/\xb9\x8c`\xd5Aj\xa8\x1f\xf6\xa7\
?E\x5c8n\xe5\xb9\xab\xd6\xc2C6\xf7\xa3sR\
\xb0J?X\xe52D\xc2\xdew0\x91\xbe\x04\xef\xa6\
[\xb4\x8c\xa6\x9b\x0c4\xdd\xa4\xb6\xf2Ok\xf1\xfb\xae\
\x19\xef\x171\xb6\xe5\xae\xbd^\xb2\xee\xaev\xcd\xf8\x80\
\x80q\xed\xf5\xbd\xfa\xfa\x83\xaeY\x1e\x14\xb0\xac\xaf\xef\
\xd6v\xd6\xbbfyH\xc0\xd2\xfd\xa9\xb6[\x96G\x1b\
,\xadkwX\xf9~/\x9c7\xd9\xf6Lu\xf7\xfb\
\xfa\xee\x96u\xbf\xdc5\xe7\x91\x06\xe7\xbd\xab\x0b\xe0%\
\xb6\xb3\xc4J\x0bl\xf3Qug\x15JI7\x8c\x8f\
\x99J\x83k\xfd\xcd2[\xb9\xebDk\x12\xb3\xe6\x98\
v\x0f/]\x94\xfe\xa4\xcb\xed0\xeb\x8e[\xa9\x04\xb6\
\xf8-Zi\xa7g\x04\x9b~\x5c\xce\x13u\xcak\xab\
|\xe9\xb8\xbd\xd2Y\xe3N\xfc\xc1;\x0aM\xe6\xbcO\
\xc4\x83\x9e\x07-\x82\xad\x0b7\xf00\xfcs\xa4yo\
#M\xf8i:5\x9d\xfa\x1fM\x0fS\x98\
\x00\x00\x11\x8f\
\x00\
\x00H\x00x\x9c\xcd<kS\x1bG\xb6\xdfS\x95\xff\
\xd0W[\xb5%n\xc8\x80\xedx+\xcb\xbd\xd9\x94\x03\
\xc95[I\xae\x03\xec\xfa\x83\xcb\xb55H\x834\x17\
iF\x99\x19\xe18\xa9T\x09\xc7\xd8`\x9eY\x1b\xf0\
\xf2\x88\x8d\x0d\xc6Nl\xc0\x89\x83\xc5\xfb\xc7D3\x92\
>\xf9/\xdcs\xbagF\xf3f\xc0x+\xfd\xc1\x1e\
u\x9f\xee>}\xfa\xbc\xbb\x1b1_\x90\x15\x8d|\xa1\
}Q\x14S\xfd\xe44w\xea\xec\xdbo\x89\xaeJ\xae\
C\xe4srF%\xa7\xb83\xbe\xb6vY\xd2\x149\
\xa7\x06\xf7\xfc\x94\xbf*\x175\xec\x19=,\xe1Ub\
\xfet\x80\xfd\x8f\xc2\x17\xb2b\x8a\xcf}\xdc\xd7'\xa4\
\xbc\xc3\xf4\x15\xd5\x14/qZV\xc8\x0b\xd0\xd2\xeam\
H1\xccr\x82\xa2\xba\x9a\x13\x1c\xd7\x92\x92\xe1[\x12\
$MM\xbc\xfd\xd6\xdbo\xb5\xb4\x10c\xe6feg\
\xd3\x18\xf9\xc9\x98\x9c\xac/\xfd\xfajwN\x7f\xb9R\
\xd9[\xd0\xc7\xb6\xf5\xe1\xd9\xda\xd2\xe3\xdfJ\xd7(\xa0\
\xbe\xbeU[_4\x96n\xbc\xda\x1d\xd6\x87o\x1a\xe3\
\x0f\xaa\xf3k\xc6\xfd\x9b-\x95\x9d\x1d\xfd\xd6Ru{\
\xb5\xb6\xb6_\xdd[kac\xe9\x137\xf4\xc9\x9f_\
\xed\x8e\xe8C\xcf+\xdb?\xe9\xe3\xd3\x95\xfd\xd1W\xbb\
c\xd5;\xcf\xc9EY\xe9W\x0b|Jh\xe7\x954\
\xd1'\xbf\xaf\x1c,\xe9\x93/k\xab\x8f\xe0\x1b`\xe8\
|\xf5\xc1\x03}h\x9c|N*\xe5\x1f\x1b(M]\
7\xc6\x06+\xe5Reg\xcfF\x08?\x9e/!Z\
\xcb\xe3\xd5;\x8f\x8d\x89UXQu\xfb\x91\xb1x\x0f\
\xe6\xa7\xf8wjB\x9e|\xf3\xf6[\x04\x8a\x98n#\
Y9/\x5c\xe03\x02\xab)(rAP\xb4\xab\xa4\
\x07i\xdan\xd3\x8fP\x1a\xb7\xb1j\x0fhc\x0d6\
x\xcf\xd5\x82@\xae\xf8\xeb\xdb\x82\x80=\xc3AC\x9f\
\x98\xf1\x8c\x95\xf2T\xb6\xf9\xc0<\xa3t\x15s\x82\xea\
\x19Dq\xd7\xb5y\x81\x90\x0fp\x10\xdc\xe2\xbd\xdb\xfa\
\xc8\xb8\xbe?d\xdc\x1e\x07zW\xe7\xae\xdb\x84'\x9d\
\x1dH`\xb6\x976\xe1\xc7\xa7\x8d\xa7K&0e\x06\
\xa0\xb7\x07%USD)C\xfeQ\x10\xa44||\
\xfc\x15\xf2\xe2E\xb5\x136!\x918\x046-j=\
\xbc\x92\x11b\xc2\x9f\x17UMV\xae\xc6\x03f\x94,\
*\x02%G\xbc>\x17\x14a@\x14\xaexz4\xc8\
\xb7q\x83\xb1\x0a\x01\xca\x91/\xda\xe5\x9c\xac\x90\xda\xde\
S\x10\x95Jy\x9bt\x89\xa9l\x8f\xf0\x95F\xf4\x1b\
C\xb5\xc1;\xa4\xbd\xbb\x9b\x00\xbb\x22\xac\x92\xe9M6\
\x11\xfd\xd9l\xf5\xe9\xa3J\xf9g6b_QJi\
\xa2,\x91\x7f`s\xaa\xc9\xe2_,\x8a\xa0\x15\x15\x89\
$\xb0%A\xde!\x9f\xf1Z\x96S\xe4\xa2\x94N\xa6\
8\x85\xfc'9}\xf6l\x13\xd4'\x9a}\xad\x99\xc8\
\xd6^Gk\x93I\x8eo\x1dk\xac\xec\xcf\x93\xf3\xa6\
\xf0\x98\x8a\x8b\xfb2\x9f#\xb5\x97\x8f\x99&\xa9m|\
\x07\x8b\x22i a\x8f\xcc\xab\x1a\xa7f\xe5+\xc0:\
v\x05\xd1\xd7\xe6*[#\xfa\xc2cc\xe1)\xeb\xa3\
o\xec\xd7\xbf{l\xf3Nc\xe1\xd8\xb7\xc3\xea\x98\xcc\
\xab\x99f\x22\xf7\xbb\x08\xe1\x9e\xc7\x06\xf1#n3m\
u\xe7:*9\xc0\xf4\xe0\x9e~\xeb~mo\x0f4\
N\xfd\xd1\x8c^^\xd5\xa7&\xf4\xddk\xc6\xb3\x15\xe3\
\xa0d\xbc\xd8\xc1z\xaa\x84\xf4\xa9u\xfd\xd6ccv\
\xd3\xf8\xe1z\xbdt\x9f\x9cz\xaf\xb5\xf5\x1dR[\x1a\
\xab\x94\xc7\xf5\xc9\xf5\xda\xea\xa0=:\xd56\xe6\x94\xbc\
\x94\xca\xca\x8a\xca\xf5\x89\xb9\x5c\x1b)\xf0\x0a\xe8]R\
[{B>\x95\xf94h\x17ct\xc5X\x18\xb1\xc9\
\x09\xfc\xb3\xad\xaf\x97a\xd6\xda\xc1|\xad4V\xd9;\
 iF\xe2.Y\xd6\xeca\x81\x98\xf5\xd2\x5c\xed\xe0\
f\xe0\x04@\xc5\xda\xc4K}\x7f\xd6\x1e\x8dm\x13\xe5\
I\xabC\x0a\x00\x05\xa5S\xb2:\xd9c\x1b#\xe3\xb5\
\xef\xf6\x8cg\x0f\xabKk\xfa\xf3\xa1J\xf9Ye{\
\x02\xccB}\xf1\x01`T_\xfc\x81$[\x9b[\x9b\
\xecU\x9a+ql\x08jW\x13k\xd6\xd8h\x0aB\
\xd7\xd1\x0a{>\x00\xca\xb6\x8f\xcf\xa9\x82\xa3Z\xbd\x0a\
\xdd\x14Y\x92\x8bj\x1b\xd1\x94\xa2\xa3M\x95\x8bJ\x0a\
\xba$\x0282\xd1\x00\x93%\x8a\x09 &\x82\x19\xe0\
,\xddO>\xf0\x98\x01\x9b]\xda-+\xc9\xc9\x12~\
\xe7\x04M\xf0.\x8bc\xf8\xc2 \x0c'\x07\xab}`\
\x17\xd8\xe2\x19ct\xcf\x98X1\xeel\x82\x16\x05\xc6\
\xab=\xbaQ\x9d\x9f1\xa6_\x80Y\xf3\xd9\xde1\x80\
\xd7\x87VL\xa9X\xde\xd2\xc7\x7f\xd1\x87\xe7\xf5\x9dm\
\x06\xc3,\xadc|6%J\xc89E\xe0}\xdb`\
\xd6\xc7\xdd\x81~\xe1*\x90\xf8RB\x03%\xd5RT\
\xc4ws\xa0P\x13\x97\xad\x951R\xe2d\x05\xa4\x86\
c2:a\x1fI\xe2\x84\x5c\x96W\xff\xa6\xe4\xd4&\
/\x00\x96\x01^\x81Y\xb5\xac\x0ad\xbbt\xd9\xdf\xde\
\x07\x0a3\x89@\x22\x00\xb4\xfe\x17\xfc\xf7\xdft\x15\x5c\
\x11F\xe4r\x82\x94\xd1\xb2P\xfb\xce;\x81\xa3[3\
\x000t\xb7\xfb]\x12/s\x9a\xdcMUy\xb2)\
\xb8\x1bb\x0f\xb0\x9c\xaa\xf1\x8a\xa6^\x14\xb5l2\x01\
D\x12\xdaZZZ\x12M\xa1\xb3a\xa1\xeb\xe1\x0aE\
5\x9bL\x0b)9-\xfc\xad\xab\xd3f 6h\xb1\
\x97\x19\x92\xe4\xfbMM!\x08|\xeb\xaf\x0e\xa8B4\
\xd9|\x8c\x16\xe4/\xa45\x92\x14)P\xeb\x1a\x10#\
\xc0+\xe1\xf8t\xda\xf6K\xd4O\x149\x7f\x01Gf\
\xe3G\x90\xc9\x1c\x12\x98;|j,\x1e\xcd\x9c`\xa2\
\x00Z\x88y\x0a\xa0:\x8d\xbb\xeb\xa6\x04\x0c\xcf\xd8,\
\x9fhf\x1a \x8cND\x80\xc6\xa3\xcc\xab\xbf\xfc\xd9\
x\x09rs\x9f\xa0\xb1c\xd8\x83qC\xb7\xd2)U\
0/\x0a\xf2\xb1\xb7\xc7\xf1\xf3[\xa7\xc4\xa0ReJ\
\xe0\xdaS\xe3\xd75cr\xaa\xba\xbc]\x1f\x5c\xab\xee\
=i\x00u\x81\x97\xcfK\x99\x9coa\xd1\x02\x8b%\
\x85^F\x1b\x04\x0d\x1c\xf8\x02|\x92z\xac\x1c\xad\xbc\
\xa0\x88y^\xb9\xca)\xcd$\xa06\x13X\xdb\xdbL\
Z\xb9\xd6\xf7=T\xe8\x95\x15\xd4x\xe6T\xfen\x81\
\xd0W\xc4\xb4\x96m#\xa7\xdd\x8d\x0a\x9f\x16\xa9\x22\xa7\
\x83\xb0_\x9ff\xdc0\x03\xa2*\xf6\x82\xec\xd9\x0a\x8c\
\x864\xbc(\xa9\x1d\x0a\xef\x81\xfd\xba\x8d\x9cjmm\
uR\x1c\x0b\xf8^\xc5\xbc\x14\xc4&\xd1&\xd0YP\
0@ha\x82\xd3\xfe\xc6\xce<Z\x90\x106\xb4\xed\
\xd2\x97J\xaa\xadE\x04\xec\xd5\x96>9\x87TQ\x07\
2\x89\xa8N\xdd\xe2\xd7\x02\xddM\x15>\x92\xef\xbd\xdf\
L\xde\xf3\xee\x86w%\xf0\x8f\xf85\x12(\xd7N\xd7\
d\xad\xc8\xd7\x10K\xc5|\xca\xf7\x0a\xb9\xb0\x85\xa1e\
\x80e\x19\x8b\xfb\xfa.\x84`+L\xb0\x5cb\x14\xdc\
\xb1\x0f\xd0\xe0\x0a\xe2WB\x8e-\xf0\xd4\x9f\x22\xe0z\
\x81T^S\xef,1\xf9\xf0\xcd\xd1\xc9-\xeb\xe6\x7f\
\xe1\xe6\xbf\xbas\xdb\xf8a\x810\xef\xd7k\xbc\x03E\
\xdf\xb2\xde\xb4K\xa3\xda\x8eKze9G\xd4b\x0a\
\x14\xb7\xea\xf3\x98\xbc\xd1K\x1e\x80\x80Y\x1b\xe1\x0d\x16\
[\xc6\xccV\x87A\xf1\xbb\x0b\x9a\x5c\xb0\x89\x05\xdf~\
\x80c\x90\xd61\xf6g\x10\xe3\x89\x92\x9b)L\xedA\
c\x93\xbc(%mjP\xfe\xe4Dp\xca\xc4\x94\xa8\
]D0P\xe7gN7[S\xd2\x9e\xe4]\xa8r\
\xc8MV\x103Y\xcdAT\xf70\xe7i3\x8c\xe3\
D\xc1RU\x8e*\x93\xf3L\xca\x93\x0f\x9d<\xd8m\
V\xba\x18\xb3\x03\xb6\xd6\xb9j\x19u\x8av\xb5\x0d\xb4\
\xec\x9f\xcf6\xaa\x99\x16;\xe5\xd4b\x81r\xe8\xe2\x0b\
\x0a\x11l.\xa2\x95\x1b\x93\xe2\x86\x9d4Y \xd0\xae\
$\xfe\xf0\x09-\x1e\xb9\xf6\xc9\xb3GE\x0a91\x8d\
\x89\x13\x98\x89\xfb\x18\xbf\xbb\x90\xc0!&\xb2G\xcc\xbb\
c\x08\xdfR)\x84\xa7\x1dW8\xc0\x83U<C\xf5\
\xbf\xb3M\x11\x0a\x02\xaf\xf9\x04\x83n\x80\xd4\xa3\x88\x19\
\xd8\x13!\x1d@\x02\xf0\x94\x9cB\xe2\xc2\xd2\x8eJ]\
\x81\xa6\x17m\x87\xf7a\xf2\xc3\x07\x00\x16\x06\xd3\x98\x16\
\xc6\x0b\x01\xa2k\xe7\x14\x81\xba\xa6N\xff\xd5\xabz\x98\
\xcdc\x99G'Z\xd1>D\xc3\xca\xfd\xc9\xe3\xb6\xbc\
k\x17\x02\xfeZ\xfd\xc1]L\x035*\x1d\xde\x8b|\
\xc5?+\x16VK'\xbe\xc8\xe4\xd9\xaf\xd4C\xed\x0d\
\xe3\xd2 \xc7\x15\x22\x8cs4\xf8\xeaN\xf1\x12\x08a\
\xc24@\xe5g\x09\x90\xbe\x84\x9d\xb3\x0a\xb0E^\xbe\
e\xa2\x8a\xb5\xf8\x1bC\xc1\x1eQ\xcb\x05\xd8\x9dC\x0d\
\x93\xcb(\x89j\x07\xaf\xf4\xbb\xf5\x03\xca\x82i\xa7\xdc\
:\xc2\xd1\x10jf\xb0\xb0\x1cf\x08Q\xbd\xc0\xe8v\
2\xe3l9\xd6\xc6\xd8H\xfd\x9fk\x10\x81\xda\xd4\xaa\
\xcfM\xd5f'_\xed\xceW\xafm\xe97w\x8c\x91\
\xdb`\xd5m\xf8zi\xc4\x18}\xe2\xcc\xfa\x1aw\xd6\
\x8d\xb1A}y\x0e\x9a\xecd\x8ds\xc2\xbb\xfb\xd5\x85\
]\x88_\xf5\xc9\x87v\xee\x04\x13\xb2\xc3/\xc1\xdb\xaf\
\xde[\xa9\x0f\xde\xd6'\xd7\xd1o`\x1e\xb1\x8d\x1a\xc5\
\x949\x10\x9e5\x83\xef\xf4QQ\xd3\xe4@_\xce6\
b\xffq(\x9b\x04\xc4R0t\xf7Q\x1d5\xcb\x01\
r\x936\x08\x10,\xb4&\x82\xd9L0:b\xca\x1a\
\x02\x8e\xe1\x19 \x9f\x1d\xf9c\x84\xef\x0b\xef\x81\xd0\x95\
\xad{@\xa7\xea\xfc\x0bL\x1cPR\xe9\xc3\x1b\xbed\
\xc1H\xc0\xb4|\x0aU?\xcc\xaaB(*\xa5\x81\xa5\
\x02\x80d\xa9\x1d\xac^?\x0d\xe2Y\xdc\xeeJl`\
\x92\xa4\x89\xf8\xeb8F\x19\x96c\xf9DV\xce\xa5\xd3\
\x1cx\x1aR\xb2)\xc2?\xb2X\xa3<T}\xb2m\
\xb3`\xa5<\xa1O\x8d\xd5\x96\xc6\x9c\x1b\x5c\xff\xe9\xae\
\xbe\xfd\x08\x08U\xbb\xf9\x02\xd8'MM'\xa9?\x9c\
0\xee\xef\xb2\xb0\xa9z\xff\x85\xbe8i\x94V\xdf\x10\
\x93\x90?\xfe1P\xe18\xea0zt\xf9H\x87\xb1\
SZ\xc0\xec\xd1!\xecD\xa9\x13\xc9E&\x01GJ\
\xc6\xc2H\x94\x82\xb3\x19 \x93\x95U\xed\x047?\x95\
\x13x\x85&\xcd\x95<c\x81x\x9b\x1f\xaa\xdfi\xb6\
\xd1\xa5\x89\x18\xff\xd7\xd6\x96\x8c\xe9\x0d[\x7f\x00\xab0\
\xb0\xda\xc1<\xb0G}\xf1\x81\xb1xP9X2\x06\
\xd7\xf5\x1b\xb3\x95\xbd\x7f\x1d\xdbr\x04G\x0b\xb69\xc1\
$,fx\x9fq\x1c\x17\x12\xd5\xb4\x91dB\x1fz\
N\x13\x0b1\xf8\xc6\xcc:\x98\x81R@T\x17m\x9d\
\xba\xf3|.wL\xc3\xd3m\xa9\x03\xbf\xe9\xb1\x9bb\
\xe73\x9c\x8e\x81ok\xd0NX\xdb\xdab\xcc]\xd3\
\x07\x17\xe0\x0bM\xc3\xf26n*\xddi}h\x13v\
\xce\xe6c\xd0e\x81\x8eEw\x0a\x09\xf9wQ\xb8r\
<\xcf\xc2\x869o\xba\xff~\xa0T\x0e\xc5\xcb_o\
k\x8d\x18l\x14d\xa6\xc3\x13\x0fn7\xcc\x0f\x87c\
^P\xe4\x0cx|*=\x1f\x0d\x89\xc5\xd1A\xc6\xf3\
^\x84\x89\x0e|C\xc3\xb7\x10`+\x1e{/@\xcd\
9AsB\x9ff\x0f\x8c?\xa2\xc1\x15\xb6\x07&\xbc\
\xe2\x0e\x08\x9c\xc5&9\x9e\xb0\x05f.m\xe2_l\
\x80\x86d,x\xb5\xffs>\x1f\xb2\x91\x01\x03!p\
\xf0Py9-\xf4\x84\xaa\x96\xc6P\x9f\x99pa\x08\
\xe1\x81\xe6ac\xb0c\xcf\xc0DD\xb0&\xa5\xf6\xd1\
v\xee0\xe3\xb0xO\x9f\x9a\xa8\xdd\xfc\x11O\xae\x06\
\x1f\xe8\xcb\xe3\x9es\xfd#\xa6~\x5c\xccd\xf1\x1dx\
\xc4`v\xf3\xb19*(\x93\xe6\x04}\x8d\x14\x0d\xa5\
\xadiNc\xd3 n\xb6\xeaT\x8cD\xd4\xc9\xa9^\
,\xf1\xb3\xcb\x0em\xecY\x1d\xaa\xe2YWv\x0e\x8f\
0MM\xfc\xfb\xd5\xb8q\x9cy\xcf\xbc\xa2\xaa\x05\xe1\
\x8cEt\xea\x10\x04\x8c\xab\x99\xbdP(\xfe\xb9`\xb9\
\xb5\xebP\xf4\x03Ltd&\x19\xaf\xba<\xb8n\x94\
\x7f6\xee\xdd\xd6\x9fO\xea[\xd3\xfa\xf2\x0cA\xb71\
\xc3k\x82\xed\x07\x19;s\xec\x0c\xdas{\xa6~s\
\x1c\x02\x88\x00\xb7\x80Oe\x85\x8f\x8a}}(Eg\
\xbd\x19\x12J\x19W\xf2\xab\x0do\x9bh\xb0r\xf63\
D\xcf\xe0a\xca\xc2\x88\xcdLz\xb9\x5c\x7f\xb2S_\
\xda\xac\x7f\xf7\xd8\x8c\xe9\xa8\x222\x161\x8c\x89\x17V\
\x8e\xf8'\xca\x0a\xe8w\xb6\x85\x1f\x8bX\xc5\xcc\x12\xba\
\xf6\x97%\x00\x83\xe1\xad4\xe0\x99\x90\xf4\xb3\xdf\xea\xd3\
\x11S\xe1n?%5S\x031N+\x9c\xe5\xc37\
{f\xe3,\xe0\xa7\x86\xeb\xa8\x8f2\xe7\x0a\x05\xb7n\
\xa2U!\xe3\xb9\xcf\x82\x8e\xbc\xe6\xb8I\xfb\xc3\xd1\xa6\
x\xd0\xfa6\x7f}4\xf2&\xdb\x84h\xf5\xa0#\xaa\
\xee|\x90@`\x894\x9aX\xe2\x1f8Y\xa5\x91\x9f\
=\x02i\xb1|x\x9c\xa3\x19\xab\xa0\xe1t\xa7e0\
\xe9\xf0lY_\xbe\xee\xcc\xcf\xe0%\x85\xe1\x19&\xda\
\xfa\xe4/\x95\xf2\xad\xda\xea?\x7f+\x8dyR\x22\xbf\
\x95\xc6#\xe6;,}\xec,\xc7\xe34F\x8e\xa3p\
\x1b\xa3A\x04\xc7\xc55\xe6\xe1G\xc8\xc1\x0d\x9f\xc9E\
U\xf0\xde\xdf\xf0\x96x6\xca*\xa9\xa2\xa2\xcaJw\
\x96/\xb0\xc3\xc4\x0b\xb2(ixC\x8e\x97\xd2\xed\xb4\
-\xbc\xef\x1b\xcf\x0e9\x08\x12\x8bF`v0\xf5Q\
\x1a\xd4w\xa7\xf5\xf5\xddc\xfa\xad\xf1\xc4/\xd2\x00\xd0\
;\x0f\xd1\x9eg\x88\x00\xf9\xb3|q=\xcf3\xffv\
\xcf\x13K\xc3\xdd>\x97\x133R\x9e\xa6\x94\xe8a\x0e\
\xfd}>\xe2\x9c\xd4_i\xb92m\x1e\xcf\xe5\x84l\
\xba+Z\xa4N\x1aw%~T\xc8:H1\x82>\
\x06\x99\x8f\x15\xdc1X-$\x88\xc3Bo\xe5\xf6\xf0\
\x19\xd5\x02\xb6+\x82\xe1U\x8d\xd7\x8a\xaa\x13\x93FM\
\x08\xe6\xbc\x06\x1e`\x9a\xa6\x9el\xec\x1du\xc1\xbd\x0a\
\xbc\xaaz:9\xaaBp\xeb\x17\xf1J\x98\xab\x93\xb3\
.\xb8\x97\xa0(\xb2\xe2\xea\xd3\xa8\x09e\xfa\x1cx\x84\
\x9e\x99\xdc\xb5\xc1=s\xbc\xaau\x17\xf3h\x00\xacn\
\x8e\xaa0\xc5,K\x18Tt\x09j1\xa7\xa9]\xc2\
\x97EA\xa5\xf7\x00\xad\x93\xc0\xe4\x15\xb53\x1dy\x07\
*(XP\x05\x0dT0\xaa G\xf2\x82\x0d\x15>\
\x90uQ\x91\x1b\x08\xc0(\xaas\x88\xeeeK\xeb\x06\
\x16\xfa=-\xcc\x8d\xcf\xb1\x96\xc5\xee\x97\xb7\xab\x03\xc7\
Z\x96\x8d\x8d\xff\xba:^\xa2S\xc3\xf4\x09\x96#\x98\
J\xc1B\xd2\x95H?\xd6J\xff\xaa\xca\xd2\xef\x7f\xa9\
\x88\xe5\xeb\xaf\xf5B\xba\xef\xf7\xbfT@\xf2\xf8+\xc5\
\x08\xdb\xf1\xb4\x06\xef\xa9\x0f/\xea\xab\xa3\xfa\xd8\x0c\x11\
\xec\xd7\x10\xe6\x85n}k\x93\xc5\xd6\xa1T\xb3{\x9c\
\x10\xd9\x5c\xef1\x0e%\x1d\xde?E]\xdb\xad)x\
\xc1\xc1e>\xa9/\x95\xa8\xce\xdf\xad>}\xc4\xdc\xa2\
\x04F/iE\x1c\x10\xe8!>\xf3&#B\x88\xb0\
\x8d\x89X\x10\x96\xa0}\xf3\x10\x96V`&\xa7SJ\
\x0b_\x99\xa8\xd3E \xce&\x8a\x1f\x92V\x12\x1aA\
\x1eu\xb2\x0e\x85\xdd$\x0f\x9e\xc8\xe9L\x10\xf7-\xae\
\xd7\x99\xf4\x13Ja\xef\xac&\xdd\xdf\xcc\xb4Q\x12\x81\
%~\xa0\x80\xc5>@\xb4\x9e\x9a\xcd\xb1\xe7\x1c\xec\xa7\
\xf5xm\xb0\xb69\xaa\xdf:0\xa67\x8c\xf15<\
L\x5c(\xd5\x0e\xbe\xaf\x94\x97\x8d\xa7K\xfa\xfa\x96\xb1\
~'\xcaB\x9aO\x8aNF~\x1c\xef\x93b\x09O\
\x16\xe0Qs\x86\xdc\xdf\xb6\xeb\xccq\x11\xf40sK\
\xef\x84\xe7\x0b\x11\xa3\xe2\x0bA\x08\x90\xf0\x0a<}\xee\
\x04\xc1)\xa6\x5c\xe3\x0c\xac\x81\xedOG\x0c\x8d\xa7\x06\
=\x16\xcca\x03\x1eS\xbe5\x88v\xbe\x09b\xc6,\
#\x92\xc9\x89\xe6/\x8c-\x00\xd9\xbfv\xff\xef\xe7\xe0\
\xe6*\xaa\x90\xb4h\x0eQ+I\xa1\xb7\x9c\x14\x9a\x8e\
>\xe0\xa5\xcbaL{D<\xd9n\x88\x8c\xa6\x0e4\
\xcd=<*\x96\xae\xe1\xbe\xf9\xf6\x84\x90\xa4\xfb\xde\xc1\
k\xbc\x1bG\x9b\x1d\x8e\x8a\xa5s\xbc\xc3)y\xe8p\
\xaa\xc0\xe2\x03d\xe3\xcet\xd8\xd3\x93#\x0dy\xe2\x8a\
\xac>4^\xdd[\xab\xad^\xd7\x87\xffEO\xf1\xd0\
\xae{^[\xe2\xfb\xcb\xf1\xe9J\xb9d\x9d\xee\x8c\xb1\
\xeb \xe6\xfb\xcb\x9fF\xf5\xf1_\xaaw\xee\x19\xd3\xc3\
\xd84{\xbf\xbeP\xb2\xbd\x07c\xe1\xa9\xbe\xb0Q\xdd\
\x9d\xa9\xed\x7f_\xbd\xb5i\x94\x06\x03\x13\xefX\xf0\xc9\
\x93\xf3i\xe4\xc9\xe8>\xffs\xcbCU\xa0\xed\x0cy\
_\xac\xe2S6\xf3\xa9\xaau\xe0U)\xdf\xaa\x94G\
\x8d\x19p\x99\xf0\xdd\x5c\xa5\xfc\xc2\x98\xddd\xe4d\xd4\
\xd2\x87_\x1a3\x1b\xff\x86\x80\xe6(Wj\x5c4y\
-\xaf\xb1\xfe\xe0zmu\xd8\xe6\x1f\xf3\x11fwN\
\xd6\x88>\x09\xbe#}G\x8eN\x06M3\x80AG\
9\xc5\x97\x86\xab\x0f\x8d\x1f\xa6\xf4\xa9\x09\x93\xe3&\x7f\
\xac\xad\xef\xd8\x1c\x17\xc6 \xcew\xb0'\xc3\x1e\xde\x97\
\xb5\xb1\xec\xe3\xff\x81na\xce\xa5\xe7\x8d3Wp\x0c\
'hqlW\x9a\xa9\x9bo\x22\x94\x8d\xa9\x0d}z\
\xceD\xc3\xab\xe5\xac\x01\xa3\xf4\xd7\xc99\xb1\xce\x15\x9b\
\x9cdV\x99\x8a\x14\xf19\x89QON\xf5\x1d\xeb\x88\
\xdb\x192X7M\x87=\xe7\xdeT\x13l!w/\
\xad\xe8CC\xd6\x0dJL\xc1Zg\x18\xc1\xa7\xdfa\
7\xa8\xb1\xc49\xff\xb6\xcfy=\xc7\x8b\xafs\xb4\x1d\
}=\xda\x1dB\xf9\xa1\xa2o\x94\xb5\xf3\x05\x94\xd7\x90\
n\xaf}\xdb\xf9\xb5.\x9da\x09\xbdX\x1ewC\x5c\
\x9b\xf2\xbe\xbf\xad\x8b>\x14\xf0?>\xb0\x8ay\xe6\xef\
\xfd;\x0c\x1c\x8d\xcdB2\xb5\x8dtw\xf4\xbdT\xab\
\x84^\x1c\x15\xd5\xfe\x88\xe7bX\xb4F:\xb8#R\
\xbcc]\x0b\xb6\x8a \xf1\xc0\xac\xe9\xe3\xdd\xaa\xb6\x8a\
\xf3\x14)Z\xed\x1c\xf645\x99H4[\xd1ps\
c\xb1Pw\xe9r\xf4\xa3M,\xc7VGX\x22\x0f\
\x96l\xa1\x0e\xe1\x0e\xebEU\x8cS\xa3\x85\x1f\x8d\x87\
%\xe3\xd7Q}x\x03\xef}\xdfy\xcc\xa4:\xee\x19\
Q\xc8\xe1\xa9\xff\x99\xdcE^\x91@\x14b\xad\xfdH\
\xaf\x0d\xa2\x1f\xc4\xb1\xbf\xee\x02nI\xbd4W\xbd\xb7\
\x82\x7f\xc4\x04/\x9a\xd0#O\xe6\xe1\xb1\xbf0\xc0:\
\xa8bF\xe2s$0\xd1m\xbehs\x9c\xef4\xf9\
:y\x92\xc8\x81]\x00\xbb\xff\x07\x85\x0d\xf5\xda\
\x00\x00\x0c2\
\x00\
\x00@Wx\x9c\xed[\xffO\x14I\x16\xff\xdd\xc4\xff\
\xa1n~\xd8@\xd0F@\x8d\x99;o\xa3\xa0\xd1\xe4\
\xb8\xa8\xe0\xfa\xc3fsif\x8a\x99\x8e=\xd3s\xdd\
5(w1As\x0a\x08(\xde\xa9 \xa2\x82\x0b\x02\
\x9e\xdf\xd7\x13\x15X\xfe\x97\x93\xee\x81\x9f\xf8\x17\xeeU\
W\xd703]\xd5\xdd3\x0b\xban\xee\xc5HO}\
yU\xf5\xea\xd5{\x9fzU\xa5er\x86I\xd0i\
r:\xaf%\xce\xa3f\xa5\xe9\xc0\xee]ZY\xa2\xd2\
jd\x89i\xe8\x968\xf7Oj\xaf\x91'\x16j\x12\
e\xb6i\xaan\xa4hf\x0bR-\xe4\xfd,\x16\xeb\
\xce[\x095\xab\x904\xce`(\xb3\xaf2#\xc1Z\
\xd6\xb1i\x95e\xc7\x14\xa51a\xc0w\x16g\x89\x15\
\xdb\xbdk\xf7\xae\xc6F\xe4\xdc\xed_[zW\xb8\x7f\
\xcb\xb91W\x18zV\xf8\xf7\xd0\xc6\xf4\x7f6\x1e<\
\xde\x5c\x9ep\x86\xee:C+\xce\xc0\xdd\x8d\xbeAg\
h\x81\x95\xb4g>\xd8\xd7\xa7\xec\xab\xb3\xac\xca\xe6\xf2\
\xb0\xfd\xe2\xa13\xf6\xce~}\xa70\xf3\xd1\xbe\xb5\xb2\
\xf6\xfe\xf9\xa7\xbe+.\xef\x0b*I\xa4\x93F\x0a\xad\
}\x1c\x82\xaa\x1b\x0b\xaf\xed\xeb\xf3\xb4\x86[\xca\x1e\xbd\
\xb1\xd17\xb1\xbe\xda\x8f\x8ek:n7\xb2\x1a1\xcc\
\xd6b\xe7\x95\xb4F\x8e\x1b\xf9l\x12\xad\xadN\xdb7\
\x17\xd7\xe7\x9e\xd87o\xb1>\x0f\x8e\x17\xee\x8fC\xe5\
\xc2\xa3Y\xd4\x80\xec\x1f_m<\xfaisy@\xcd\
\xe5\x94\x5c/\x02\xde\xeb\xab\x0f\x9d\x1b\xb3\x9b\xcb\x83\x9b\
\xcb\xf7\x9d\xc9glHkKW\xed\xcb\x13\x85;\xc3\
\xf0\xcd\xba\xbb\xf6\xfeF\xe1\xfe\x0b{\xe5N\xe1\xc5t\
a\xf4\x9a\xdb\xef\x93\x04g\xd0\xdfw\xefB@Z2\
\x8e2\xacc\xa7\xd4\x14f\x899\xd3\xc8a\x93\xf4\xa2\
N:\x03[\x1dF\xee\x8c\xc4YrEQ\xe1\x08;\
{s\x98\xb3\xdfJ\x8d\x8b\x0b\xd3\xe9\xa2,[\x0d=\
\x9f\xc92\xfd\xe1\xdd\xa4\xa4f\x13i\xc3\xb4\x94nM\
\xd7\xe3(\xa7\x9a0\xc9[\xb9VNMh\xd9T\x1c\
55sF\x94@\x96{\x8b\x84\x98\x94\x9c\xa9\xfe\x8d\
\xc7\xe3\xce\xd4\xcd\x92\xac\xad\x1ag\x8c\x0b\xfe\xb6)\xb1\
T\xb7\xf9sZ\x92\xa4\xe3\x88\x98y\x5c^F\xd2\x0b\
V\xbd\x0b\xeb\x95<)\x11|\x91\xc4Q\xacTMc\
\xfeR\xdd '%\xa7]\xc4z\x87\xf67\x98\x03w\
*\x14\x9aJ\x7fwjD\xc7\x92J]\x86\x9e\x14\xf5\
\x95R\xc2\xd0\x0d\x933\xd3\xac6\xd5<\x8f\xbe\xf5~\
\xbay\x9d\xd0\xb9S\xa6\x96Q\xcd^\x14\x97d\x94\xb3\
\xbdT\xd5\xb0}\xca\xa1x) \xc5cY\xb5K\xc7\
I\xe8P\x8c\x89\x05\xd4>\x06\xbd\x88\xd9\x8bo\xec\xcb\
\x93\xce\xf3\xc7\x11\xe4\xd4\xd4$\x1du\xb4\xb6K\xc6\xdc\
\x91O$\xb0e\xf9\x05\xd1\x81\xc1$%}\xa2`\xe3\
w\xb5F\xd5\xb5T6\x03\x1a\x1b\x07#\xa8\x1c\xa1\xbf\
\xbek\x85\x9fT\xed\x03\xa4\xc7\x96\xaaD\xf5*\x0b\x83\
\xae\xdb\xa3/A2\xf6r\x9f}\xf5\xa7\xf2\xcc\x8e\x0b\
\x1a\x98*\xd1D$\xd28q\x1e'#\xc9\xc3_\x1b\
\xb3\x0cQm\xd78\xe2d+\x988\x82\xfe\x88\xf6\xf9\
+\x1b\xd9V\xd6xkZ\xcd\xa6\xc4\x5c,L\xda+\
\xbbQ\xe7\xf5\xb9\xde\xcf\xb2\xd30\xf4N-\xa70\xf5\
\xf2\xcaQ\x15b\x1a\xe3\xad/W\x8b@JsC\xd2\
\x05\xc7\x19\xf5h\x96\x06m\xc6Q\xda\xe8\xc1f\xa5\x08\
*\xe7\x0b\xf4\xe0h\x9e\x10#+\x92\xb4\x06\xb9\x1dF\
\xdeL\x00\xb7\xd8_\xcdD\xbc\x91\xa6X\x8dj2\xa9\
X=)A'\xb8mX\x5c\x02\x97\xc4\xbaZtR\
\x82\xe2*\xe8'U\xb1\x98\xc5\x15RP\x08\x84\xaek\
l\xc6\xbb\xc14`\x93\xb9\xdf\xe3\x86\xe9\xc9Y\x01\x93\
\x9e\xad\xab\xdf\x81\x81&\xb1\x8e\x09\x0e\x19\xeb\xfb\xab\x85\
\x05\xcf\xcd\x06\x0d1\x956,\x22(\x10\xa0\x90\x19\x03\
:\x00\xab6H\x1f\xb9h\xfc\xb5\x13:V\xcd\x13\x1a\
\xb1\x02DsI\xee{<\xacqc\xd6\xb9\xfd\xce\x1e\
\xfe\x08\xce\xdc\x19\xf3\xa6\x94yh\x80\x18\xce\xf8\xcf\xe0\
\xb3)~\x18\x99r\x96\xa6\xed\xc1\x85\xb5\x95{ \x8d\
\x8d\xb1\xb7\xe0\xe9\xc5\xee\x0a'\x08\xac\x1d\x1d\xd7\xe2\xae\
J\xca\x9c\xc0Z*MD\x85\x8a\x0b d\x85\x1f>\
|\xb8R\xa6\xa6\x9a\xd4\xf2\x167\x97\xecW{\xc5\x0a\
\xea2\xcc$\x95.\xb3\xc9I\xc0\x13GL\xacrU\
\xa4PO\xd5\xb2V\x9b\xa9\xa6\xca\x8d\xb1\xd0\xf9P\x8a\
\xa3:\xb9?;\xea\xb6\xe6\xa6\xc7\xfd\xe9\xf5\xc2\xae]\
`\xe2\x0b\xe9Z30\xac\xf05\x11\xc6\xe4\xef\xfe\xb7\
\xd4A\x98\xa9.\xb5\xce?X\xc5\xdc#\x10\x81\x92\x12\
\xa6v\xedA\xfb\x94}\x87\x046\x12V\x0f1\xd5\xac\
\xc50T\xac\x12\xa9\xb4y\xfd\x15\xae\xec\xa4o<\x82\
5\x1a\x88\xd48\x9d\xc7\xbd\xa0\x1a\xdf\xc7\xe8\xbao\xcc\
\x9b\xda^]\x83\x05\xfd\x83hU\xd2\x1e\xe5\xe8\xaa\x14\
\xf4\xc8\xedU7\xaa\xa3\xbdR\xd2\xaau\xd6\xd4\xadz\
YAJ=\xaa\x89\xc0\xe2\x82W\xf0\xe9k)u\x1b\
&\xaa\xa3e5Z\xee\xf7\xf0\xe7\x0f\xee\xc8\x95<4\
\xa0\xe88\x9b\x22iHmh\x08l\x8c7\x08\x95\x80\
M\xb1\xfe\xf7\xda\x0f\x0a1:\x08\xf5i\x95\xe6D4\
8\xa8\xa3XD5\x89uN#\xe9\xba\x18H\x16\xc7\
\x1b\x1b\x1bc\xf5\xa1\xad\xf3\x1e\xe4h\xfb\xe0\x16\x92\xf8\
\xec\x99\x93\xad|\x97\xc48\xe7\xbb,\xd6\x95C\xf5!\
\x9d\xe1\x1d\xf2\xdb\x02\x10\xe99j\x0e\xear\xd0'W\
\xbe\x0d\x0d\xc1\xbc.\xc9\xb3\x03\xb2h\xebl\xfa\xc0\x84\
\x87\x8e>\x22\x9e\xa0V/`\xe4\x92\xee\x08\x92+\x92\
.U\xae-\xd9\xe6\x86\x13_:\x09\x17\x1b\x9e\xcc\xca\
\x97Oq\xabq\xa8\xb2\x0dJ'3\xb0\x9b\x93\x09\xc7\
\x12\xb8f\x06\x05$\xaey\xab\x12\x03\xd5`\xa1,\xf8\
\xa8\xdb\x7fh\x0f\xda/\xb20\x94\xe4\xc8\xf7\x84\x08\xf9\
r2\xe8\xb8Ho\x1c\x8c\xd7\x81P\xf9\xb2v$;\
\x0cJ\x1cT0\xe7[\xdc\xdf\x0f\xbcr\x9e\xcf\xd83\
\xff\x90\x8c\xd5\xb7\x89\xd8\x1fP.h\x7fE)\xd2\x1e\
\xab\xb8\x83\xa8js\xc1\x86_\xb5\x98k\x15\xe2\xc0\xdd\
\xc2\x95\x0fv\xff\xd2\xa7\xbea!\x22\xfd\xd47\x12U\
\xa0\xcd_\xa9\xac\xa2a\xbdRXg\x0f\x8c\xadO\xcf\
\x0b\xb1[\x901\xa8*\xdaP\xa1\x9eQ\x11\x9b\x8b\x81\
\xab\x8bR\x94\x8e\x0c l\x0c5\x845\xd2\x80b\x80\
]\xab\x8eh\xb4\xaa9\xa2\x19\xd9\x9d\x8aiT\xafC\
>S~\x06\xe7\xb0\x0a:#\x92\x96\xbb\xd3\x08\x90\x7f\
\x9bf\x02n\x07\x17\x84-\x7fe\xbaKJ\x01\xe7\xb8\
\x1c\xdcoMW\xb8\x96pJ{\x08\xbfE\xb2\xf68\
X\x97\xd8\xbaP\xb1\x1eM\xb5\xaafR\x00\xad\xddt\
1\xd3r\xf0_+l\x0f\xe4\xed\xa1\xf7&\x91\x97\xa4\
$\x8d\xf7\x95R4D[YZ\xc7\xdd\xa4]5S\
Z\xd6\xf5\xd2a\xc5M:?\x11\xca\x17\x97\xfdA\xd9\
\x98(\x05\x22\x80\x22\xabZ\x90@y\xe5rD\xd0\xb4\
\x7f\x0fx\xcb\x10\x10Y\xe2\xe2\x0f\xd6\x84\x01\x03\xbd\x15\
'\x1e`\x84\xe5\xd4\xa6\x125\xb8p\x94\xb0a)\xed\
\xb0\xa3\xda\x1ah\xf4\xf5\xcd\x09\xebZ\x92\x06\xe9\xa1\x15\
\xe5\x18\xfdn\xd7\x92IQt\x98S\x80\xa0\x83\xc3<\
\xa5$\x0b\xf9$t\xc3\x92E|J)4\xaeSJ\
\xf4\x90GM\x08\xa3\x15\x95D\x0cC'Z\x8e\xba\xae\
\xb9\xa5\x8d{3\xd2x_)\x05\xc6\x81L\x9c1z\
0\xdb\xeb\x14\xb5k\x876\x0f%\x9f\xd2\xb8\xd2d\xdf\
\xfa\xea-\xfb\xe6\xb8s\xff-;\x85\x02\xbf\x5cx;\
g\xf7\xdfr\xc6f\xed\xd5\xb1\xcd\xe5\xe1\xf5\x17\x0b\x85\
\xdb\xf3\xce\xc0bar\x08\xb0/\x93\x81=9o/\
\xce\xae\xadL\xcaBK\xbfBx\x12h\xac\xa3.\x96\
\xe0\x9dS$$\x5c\x22\xf3\x88\x887\x22\xba)V\xfd\
\x82\xbb\x0a\x81f\x86\x02\x11\xcf\xcb\xe2\x1eX\xc4\xee\xec\
\xb9bT\xb4L\x0e\x16\x92F\xdc\xf9\x00((\xc3\xfd\
\x1c\x9b\xc8\xea\xb3\xe8$0\x90\x80\x13\x8e]$^S\
z\xe0\xb3\xd5\x9e8 \xcci{\x83rM\x07\x02\xcc\
\xc5\xf6\x85/9\x85zK\x1a\xd4\xab\x90|8Z\x09\
\x8fPp\x92\x9d\xf4\x95\x08\x1f6\x09h\xed\xfdSf\
\xbf\x02\x8c\xb3\xcfM\x07\xccY\xc4I\x17F\x95\xabv\
\xd8\xe1\xd6\x9c\x12X\xee\xf5\xd5~gi\xa6\xb0\xf4h\
\xfd\xc5\xf4\xe6\xf2\x04=\xb1_\xf9\x9739\xc8\xd2\x99\
\x00\x8a'\x01UZ':\x8f`\xfd\x08=\xa6\x0a\x9b\
\xca\x00#\x0c\xdba\xc3t\xf7(|r\xfcex3\
\xc7.\x12y\xa1\xa4f\x1e\x8b\xb0\xc0<\xa3j/\xbe\
aB@tW)\x880\xeeL\xbf\xea\xb9\xf2E\x0d\
]HFQf\x90\xa3\xaa\x0d(\x04\x9bQgl\x8a\
\x1f06\xba\x7f\xf9\x01\xb4\xfd\xfa\xa1\xd37\x07.\xfd\
4A\x07\xc0r\xb87>\x86\xc1\x9b\xa3v#oa\
7N\xef\x5cyf_\x9ed\x97O\xf8\xb9\xa5\xb8\xbd\
\xad:!\xe6\x80\xcb\xf1\x04\xed\xcbv\xed\x8bJ\x07\x16\
\xe4\xdb$\x88\xa9\xfch7\xc6\x82\x10l\xc5 q \
\xa2l\xa2\xe5\xfd\xa2\x0a\xd0\x88\xec{O\xed\x1f_1\
\xae\x12~\x15\x1a\x18\xc6\xd1\x19\x5c\xb0_\xdf\xb1GG\
\xd6\xde\x8f\xd8\xc3\x1f6\xae\x8eH\xf8Vjm\xf0\xf8\
\x8bK\xb7l\x92\x8a\xc7J\xee\x1cG2GU\xdd.\
p+\x84n\x07j:\xf9\xa5Tv\xfa\x1b\xe8\x07\x22\
\xed\x14\x22\xec\x10\x02\x0e\x8a\xa3\xc0\x82\xf0\xb3bW\xf5\
|\xa7\xc5\x94\xc2N\x09\xe8\x0d0\x17b\xa2\x16\xe4<\
\x98\xf6\xbc\xc2\xad\xf1\xf5'\x97\xc1\x12\xd8#w\xd6\xa7\
\x87=\x88\xef\x9d\x18\x0fV\x1d\x9b\x92L =*r\
\x87o\xa1\xc3\xc2\xcd\x0f\x15>\x1b\x99\x9c\x01+\x05\x0c\
\x18'\xc5\x02I\xe1\xbav\x95\xa4\x95\x8cz\xb1n\xdf\
\x1e\x9e\xc1\x8e\xd1\xd0^\xd4R_\x0f\xbcA\x8d-,\
;\x0f31\xc9\x9bY\x8fw$\xfd\xde\xe1@Zs\
\x08\x18m\xa9\x06\xb9\x0b\xf0\xe5V@\xad\x02b\x96d\
\xa4d\x19.\xd0<P\x8f\xe2r\xceB\xaeB\x8e\x9c\
\xdbo0\x86&\xdc\x03r\xaa%\xce\xa4\x10-\x13\x12\
\x93\xa8\x06\xc5\x16\xcbw\xab\x19M\xef\x05\xb3\x07\xab\xd1\
2t\xd5\x0a\x8d\x91|\xce\x08U\xce\xc4\xdd\xd8\x04_\
\xe4\xad\x9e\x03\x82\xb3;N\xdb\x1c\xd8c\xd6\xfa/\xa4\
7\xb7\xcdb\xf7#:\xe9\x9d\x93\xf21\x88%\x12\xd0\
\xdavK$\x07\x96v\x07e\xf1\xdb\x8cwnW@\
\xce\xbb\xfb\xed\x1e\xfb\xb9\xde:\xeaU\xae\x8e\x04u\xb2\
\xdfi\xf8\xc2\x8e\xdd\xe5J\xe84\x14Z\xfb\x1d/\xd1\
\x89\xa1f\x11Q\x9f)E3\xf9\xd2\xc327# \
~\xe7\xbbc\xedM\x06\x88\xb9p\xfd\x9d\xd3w\xd9\xb9\
9\xea\xa2\xa3\x09{\xf8\xa3=p\x8d\x9e[\x8fM1\
4\xf5\xa9o\xc4\xfe\xe70M\x99\x1cd)k+\xd7\
 \x97\xdf\xef\x1f\xf1s\xa6\x1a&[\x89\xd5EE\x02\
\xc4]zGQp\xa3\x8e\x13[\xf1A\x9b\xb8nT\
\xf7\xbb\x087zC\x8ej<\xd0\x15c\x07\xff\xecb\
q\xc8\xc5\xd9\xd2\x1e\x84A\xeb\x88\xad\xdb\x8bo\xd8\xc5\
I\xc9\xfe\xc9\x1fI*\x8f\x87\x0f;\x13W\x8as\x1b\
\xd0\xe5\xe2h\x9f\x0f\xda?_\xf5\xee5\xb8\x9c\xfe\xdb\
\xf7DRObM~\x057\x1e|\xdb\x0aJU`\
b/\xa6\xcb\x178\xec;\xe1?71\x18\x17\xb7H\
\x0e\xf5\xbe\xfe\x13dQ\xa1\x92c\xf3\xff\x83c\x1f\x95\
 \x93Z\x80q\xc8)\xecW\x08\x8c\x0f\xd6\x06\x03C\
\x17+'OY%[SN|\xa96\x05\x9c\xbfS\
\xe2\xca-1^\x9c\x8a\xa1v:\xcd\x16\xdd\xc6k\xa4\
\xb7\x95&~\x16\xcc\xab\x98y\x1d\xffY\xdd\x11\xed\x0a\
;\x87\xe3T\x8b\x08(I\xd4\xa4\xa99\x04\x90\xfbP\
\xef\x19:\xa3\x9fG\xdc\xf4\xf6\xf1\xa9\xea\xb7\x18\xdbq\
\xa5\xa2\xba\xb7h\xfe\x91~\xd9\xeb\x14UK:C\xc1\
7m\xfa\x0b\x88z\xc7L`\xf3g\xd2\xedj7t\
\xde\x1f\xf6Qq\xc9\x82_qe\x0f\x85\xed\x97\x1f\xd6\
_>p\xa6\xaf\xf9\xf6q\xdeSf\x85\xbepe\xdf\
\xa5\xd3\xadI\xdf\x5cm\x95!\xf4)'x3\xd6\x92\
\xfc\xcd\x97\x05@.A\x8e\xbb\xdc*\xf5\x98\xe5\xb5\xe7\
\xe9\xcd\x17\xca\xac<\xd7\xc8\x1eI$p\x8e\x08\x1eT\
\x04\xbc\x8d\x10\xbd\x87\x90\xbc\x1f\xa3\xf6\xe1l\x94W\x12\
[/#B8\x85\xbd\x97\xa8\xf1\x8d\xc4/\x7f\x17\xf1\
K\xdeB\xc8\x95\x91\x12(\xe0\xc6\x93\xbb\xce\xb3i~\
\xd5\xda\xbdL<zc\xbd\xff\xa9}}\xde\x1e}Y\
\xb8=\xcf\xb4\xa3\xbc^\xd9\xfb\x08\xf4\xcd7(\xd2.\
P|PP\xeb\xdb\x09\xe1\xba\x82\x7f\xff\x03\x08\xe5\xd8\
\xde\
\x00\x00\x14u\
\x00\
\x00w\xcbx\x9c\xed=ks\x13\xc7\xb2\xdf\xf9\x15{\
\xf4\xe1\x94\xa9$2&\x09\x95\xa3{8\x941P\xe1\
\x16\x10\x02\xaeP\xa7R\xa7N\xad\xa5\xb1\xbd\xc5Z\xab\
\xec\xael|O\xa82\x04\xdb2\xd8\xc8\x10\x0c\xb6!\
\x04\x13\xf3\x08\xc4\x0f `[~U\xdd\x9fr\xd1\xac\
\xa4O\xfc\x85\xdb=\xb3\xbb^\xedK+?BB\xe8\
*\x83\xb43\xd3\xd3\xd3\xd3\xdd\xd3\xd3=;\x92\xba2\
\x8a\xaa\x0b_\xea_f\xa5\xe4Yao\xbc\xe9\xd3]\
R\xd5\xb3x\x8b\x92\xd6UE\xd6|\x0b\x8f\x89\xbdJ\
V\xd7\x84&GY{VK\x8a\xe9\xb8\xdeI\xba\x08\
\x14\xecq=Or|2Q5gi,\x1eoL\
*\xf09M\xd2\xba\x16\xdb\xb5\xab\xb1Q(\xcf\xae\x95\
Vg+S/\xdf\xacL\x1aCO\x8d|\x9e\xe6/\
\x1ac\xf3\x95\xfe\x11x.| \xd0\x99[\xc5\xd5\xef\
y\xb5\xd7}\x17Y\x9bG\x97hn\x82\xd7x\xb3\x92\
\xe3_\x8d\x9b\x83\xc5\xe5W\x8d\xa5\x89U::BG\
\xc6\x1aK7~4\xc6r\x95\xfb\x97\xca\x8froV\
\x86\xe8\xc2\xf3\xf2\xfa\x85\xd2\xa3e\x9a\x9b\xe7uyw\
\xd0uqy\x99^\x9e\xa2#S\xa5\xa1\xc1\xd2\xe4\xa5\
\xd7}\xc3\x1c7G\xfc\xbao\x04;-.^\xc5\x02\
\x86\xce.\xa0sK\xe5\xb9\x1f\x8c\xa9\x817+\xc3\xf6\
H\x8a\xcb\xfd\xc6\xd0zyu\xd59\x1e\xa0\x93\x0eL\
\xd0\xfe\x07BV#\xeaG\x8cM\xbdb\x97\x0c\x94\x01\
f\xf7 \x8f\xea\xa4K\xf8\xcf.\x01@J%\x04\x8d\
\xe8\xba\x94\xee\xd0N\x8a\x1d\x84=\xcc\xa8J\x86\xa8z\
\xaf\xd0\x8a3\xd0b\xb3[`3\x92\xe0\x8f\xabkB\
\xa5v\xa9c\xa3jko\x86\x08I\xd7\xc3\x84\xa7Z\
5\x923\x9d\x92NdI\xd3]xz\xbc\xcf\x13~\
\x95\xab\xb1\x9d\xca\xcaDsaR\xab\x9f%\xdc\x95\x5c\
\xf4(\xeaY-#&\x89\x9b\x1e\xef\xf3\x84_e\x86\
\xcd\x96(\xe3\xe5\x95\xf2\xdc\x98\xf1|\xa2t\xfbzi\
\xf9{\xe3\xee\x1d\x985\x9dh:\xd2\xd0J\xce\xe9B\
y\xfd\x06\xbd}\x17dD\xf8\xef\xd3_\x9c\x80f?\
\x19wGQ\x08\x9eM\x81\x04\xa4\xb3\xb2\xbc\xdf\xb8\xf3\
\x84\xe3\x81\x99\xad&\xb6[\x84\xf9AlD\xcb\xcaz\
B\xc0\xea\xd5\x04\x94Vn\x96\xd7\xae\xa1&\xcc\xfcD\
\xef<\xe6_\xa17^\x0aBB\xfb\x17\x81$\xab\x1f\
\xab\xfa\x10\xf4MR\x92~\x9ch\x1aH\x08\x88j\xa1\
\xb8\xfe\x03\x9d\x19o\xa4\xb9{\x95\x89i\x9a\x1f\xa9<\
\xccy\x89\xc16 V8:\x075v\x15MW\xa1\
Tp`N\x081\xd0Z\x93d \x90\xc92\x9b\xa0\
\xe3J\x8a\xc8\xd0\xf1\x8c1<\x04\xfag\xfc\xf8\xc0\x18\
Zs\x91m\xdc\x9c\xa7\xcb\x05:z\x95\xceN\x16W\
G@\x0fin\xb2\xbc\xbeJ/\xdf\xb3\xc7h1\xad\
=\x9bN\xea\x92\x92\x16dE9\x9b\xcd`\x1f\x07{\
O\x88]\xa4!\x0d\xff\xec6u\x03\x01\x07\xd2%\xec\
w\x0bN\xbc\x9a4\xbbz\xbb\xa2\x0a\x0d\xd8F\x826\
{\xfe\x0b\xfe\xfb\xbb\xd0\x15\x97I\xbaC\xef\x84o\x1f\
|\xe0\xc4\xcd\xf4\xaf]h\xe8\xfaZ\xfaW\x1c;\x16\
\xf6\xef\xdf/p\x0aT\xa2g\xd5\xb4\x80Ev\xfd\xf3\
\xf6'\xb3\xd4f\xeay\x8bk\xc6\xdd\xc9\xe2\xe2\x1a\xed\
[\x11\xfeo\xe0:c\xd8\xcdA\xfal\xac4]\xa8\
\x1e\xb7.\xaa\x1dDG\xa1k\xe8v\x92\x84\xe4t3\
2b\xed\x12\x90\x0d\xb4\xc4lbb\xdc\xb0\xc1\x04\xc4\
\xfc\x1adD\xbd\xd3Q\xb9\xbc0G\xd7.\xc5\xdc4\
\xc7\xe8@?\x9d]\x8a9\xe8\xb6\xa9\xea\x02^\x86\xd2\
D\xbe\xc9\x8a\xb2\xe6\xe8\xa4t{\xb143\xe4K\x8e\
\x06c\xd4\xb5\x1e\xa9\x8a(\xba\xd2G\xa7\x7f\xf5\xadO\
\xd2)wm\xd0R:\xbf\xe6[[%\x1d\xe4\x9c\x93\
5\xa0R\xb9\x09\x9f\xd1\x0e\xf7\xd3\xd1\xa7\xd6h\xd9\x7f\
-\x8a\x9c\xedJ\xf3u\xcf1L1\x9d\xecTT-\
\x0e|\x97\x13BFTa\x15\xf3\x14v\xc1\xbcIi\
-!\xec\xb1\x8b\xd0\xe6\x80\x22\xe1#\xfb\x19H\xc2G\
6\x08\xc6\xbd\xc1\xca\xfdq\xe3^\xde\xf1\xd0\xaezJ\
\xe9\xf1\x90\x82\xc0\x1f2j\xceH)\xbd3!\xe8j\
\x96\xf8U\x91I\xbb~\x9c\xd1\xe5$\xcbQA\x95:\
:\x03j\xd8\xc47\xedu\xb5l\x03\x85\xaf\xa6\x08A\
\x07\xe9\x003\xc1\x97\xb2\x98\xa7\xb8\x1d\x144\x9e\x91\xce\
\x11\xf9\xb4\xf4?`O\xd8z\x15\xc7\xa7\xf8\x1d\xd7\xb7\
VI\x97\x89\x7f\xbb6EN\xf9\x8c\x12!\xa9\xc8\x8a\
j\xa1\x93\xb4C\xa2zV8`~ee(\xb5'\
U\x09\xa6\xa7WH\x04\x14Ta=_\xf5\x8d/\xc8\
\x01<w\xd7\x85U\xf5`V\xd7A_\xbc\xfc\x91\xa0\
\xf0\xb4\x92U\x93hL\xbfQ\x93\x89F|\xa25\xaa\
\x84\xb9\x04Zw\x87\x97i&O+\x83#\xbe<\xd5\
\x15E\xd6\xa5\x8c]\x83;\x13\xdc\x85\x81\xa5\xa0\xb2<\
^\x9e\x9d\x06\x8b\xe3m)&\x93 \xc3\xd0P#@\
D\x0aX\xe0\xad\xa3\xa4[dp\x03\x09p\xde\xed-\
\xc4\x81h\xb0Q\xca!\xd2.\xc2\x8a\xa65\xec\x0e\xe0\
\xe0\xf9 \xc1w\xfa=~\xb2\x7f:\x89=}%\x91\
\x9eM\x0b?V\xf9\x9c\xa0\x80\x07\xd7\xd1\x95\x8c%\xfd\
M\xfb\xaa*$ed\xac\xa7\x1d:\xb8\xc09\xb3k\
\xb1[\x94d\xb1M&\xec{U\xc5\x00SbA\x0f\
G\xe0\xf4\xef\xe2=\x1e$\x08\x1bz\xb8o\x97\xa70\
H\x19\x11L\xe1q\xfa\xa2\xdeIF\x08W\xcd\xcf\x89\
\x98\x82\xfe\x83[\x86('\xe7\xd8v+(\xc2y/\
/\xd03YzE\xf3\xd7J\x85\xf5\xd2\xe3+0\x5c\
O\x95 \x8bjA\x04\xe1\xb2\xc0\x9e\x96\xcf\x020\x05\
O\x0c\x8299N\x82\xfd'\x07!|\x82\x0e*)\
/\x7f,\x88\xc4\xfd\xd3\x96\x11\xf0\xf2\xdf.\x0a\xec\xc1\
\xe4YF%\xedDUI\xcad\x5c\xd3\x9e=\xbeM\
\xce\xfb>=\x9d\x91\xd2\x07\x95s!\x0ckW\x95.\
\xc0\x1a\xccP%!|\xbc7\xb0\xb8[\x94\xb3\xc09\
\xb7\xafH\xda\xdb\x0988\xdd\x84\xef~N\xaa\xa4\x1b\
L\x0e\xac\xe5\xe7p\xcf\x00\xbb\xd8@\x84J\xfa+D\
\x09>\xa6\xd4.\xa1\x8dt\xa3\x06\xd5>n\xa3i`\
\xfd\xef\xae\x83#\x11\x05\x08\xbc\xeb\xa6\x8f>\xde\x8b\xbb\
\xd0W\x97\xe9\xf4#\xae\xed\xf8y\xfdiqu\x80\x8e\
\xdc+\xddx\x5c~y\xc9(\x8c\xb2\x0a\x93\xe0go\
V\xd0Z\xc4\x0c\xfa\x82oI\xd6\xfc\xd9T\xcf\xf2\xcc\
\xb1\xf8\xd9\x0d\xe3N\x1f\xf2n\xe1\x19-<\xfc\xfd\x1b\
\x0d'\xb5\xef\x8dFm\xa3\xe1\x8f\x13\x01\x8dFP\x9f\
\x08u[\x8dC$\xe3\xb3\x84[\x10\xd1f0$;\
i1\xf6\xec7n\xdd\xabL\x8cV\xfa\xae\xd3\xd5\xeb\
\xef-\x82\xfb\x11z\x12\xa0`lK]\x19\xcf\x81\x07\
\xfd\xfb7\x0a.\x82\xdf\xdb\x85\xad\xda\x85O\xf6\xfcm\
\xdf\xf6\x19\x86#\x92L\x90\xbf\xc7\x0fn\xd5:\xd8\x98\
\xdav\xccD\x08\xc7\x0f2+Q\x5c\x1c\x01+\xc1|\
\x8b\xfe\xf2\xfa\xa013\x0dRF\xe7\xf3\xa5\xc9K\x5c\
\xd6\xca\x0b/\xe09\x0f\x1bq\xcf\xe3\xbd1q?B\
c\xb2\xd2G\xfb_T\xa6\x966R\x1dW\xaf\x94V\
~\xa6\xc3\xfd\x02\x942\xf6\x95V\xbe\xa73\xe3\xf0\xd5\
\xe8{T\xfen\xd5\xb8\xf5\x80\xae\xdf\xf2E60\x81\
\x91\xe8\x1b\x8fA`Z\x95\x8e\x0e\x99\xa4`\xb2\x8a\xcb\
\xfd\xf0\xc8\xc8-\x94..\xd1\xc1\xe5\xf2\xa3\x87\xb0\xaf\
`\x01\xe2I\xd8\xc7w\x12\xdc\xc7\xb7t\x8a\xe9\x0e\x92\
\x12\x8a+\x93\x18c~|\x85\x16\xf2t\xf8\xa6_'\
\xe5\x97W\xc0\x88\x18\xb7^\x15\x97~\xb4p\x0d\x17\x17\
\xaf\x0aI\x8eJ(-_\xa3\xb3\x93\x98\x83\x99[\x16\
\xfc\xc5\x1e\x13\x1c\x85\xeb@\xae\xef(V\xef\x1b\xb9Q\
\xa1MJ\xe3\xe6\x12\x83\xbd\x99\xdf\xc4\xc66\xf9\xeb4\
\xe3P\xb8\xcd\xa8\xdeN[\xf3\x17,\xec&\xa7\x22\x1b\
\x09\x8c\x025\xab\xc9N(\x08\xdbu\x98S\xeek\x1d\
N;P4\x98\xfd\xd7c\x1e\xa2s\xc1)\xb3\xdb\xc7\
\x82\xa4\x08-\x0e\xa71\xa0\x92\xda$\x0bZ\x1c(v\
\x96\x05N=\xdd>\x16d\x88\xda~L\xe9\xd8\x1a\x13\
NV!\xd9\x0c\x1b\xb6i[u\xe1>\x9d\x1e\xe1a\
Hcx\xa8r}v'u\xbc^\x9aY\x9b\xb0\x88\
\xad\x05\x9b\x89\xdcZ`\x09\x8b\x83\x13!\x95\xedx.\
\xaf\xef\x0c\xdd\x15\x17\x0b\xa0t\x98g\x0e\x8e\xeaZ`\
Gw;:\x15M\x0f\xae\xe7\x88\xf0\xba\xa5\x88\x05x\
\xd1\x9e\x9c\x14U\xb1\xcb\x1d\xe0\xb5 \xf2\x02\x98\x1b\xa8\
L\xde(\x15\xd6\xbd\xf3\x0fJ\x00\xab\x92L\xb6>\xff\
n\xdf\xd1\x8a\xfd\xfa\xc7\x8cjz\x13\x07\x155ET\
\xf6<\xe1}\x1ee\xe0\x11\x82\xb3\xce0\xf8;\x1f\x9c\
ec5n\xe5\xff\x00\x9b)F\xea\xbb\xb5\x87\xfa\xac\
\x9e-T\x8b\xd2\xd5\xa6\x84/\x83x<\x05G|D\
\xec\x92\xe4^\xd6\xa0\x16IQ&\x10\xc1\x16\x16\x9a\xbb\
U\x9ezl\x0c^\xa7\x97\xef\x95WW\xc1\x99\xe5\xd6\
\x8f\xa5\xa3\xf1\xd4A\xa1\xf4s\x01<\xd3\xca\xc3\x9b\xc6\
/S4?W~t\x01\x9cVch\xa4<\xff]\
\x18\xfa/\xf5\xb8M\xbb\x04\xce\xd2n\xf0d\xcf\x80/\
\xaa\xf4h\x02\x18\xdb\xd2\xc4\x1a'\x00p\xd3\xd1ac\
\xe6\x01\xe0\x03\xff\xba2\xbeL\xa7\xee\x16\x17\x97y\xc4\
\xde:\xb3\xe0\x07)I\xcb\xc8bo+\x13(O\xfe\
l\x83q\x81\x08\x10\x0el\xba%\xcb-\xbc\xa0\xf9\xf9\
Zk\x8e\x92nF7D\xd4q\x15\x08\x9em\x04\x0f\
-\xb0D\x1c\xb1\xc9ip\x09C<\x99U1Q\x8e\
\x1c\xf0_=\x10\xfc\xc5\x0f\x01f\xa9t\xfb\x1a\x1d\xfd\
\xa5:I\xd6-i\x12x5\xdeI\xe7\x22\xe2\x94\x1b\
\xbe-*.\xf6A\xb5\xb0\xa9\xc23^\xab\xeb\xb8\xa3\
\xfaR\x17>\x8d7}\xfa\x81`\xdc\x9c/\xcf\xcd\x18\
/\xc66N@(\xe9#\x8a\x82\x822l\xbc\xcaU\
&\xa6\xc3\xd0\xc5\x8eve`e\x95t\xb9WH\x91\
v)\x0d;&\xd6\xde:c\x032'Hi<s\
\x95&\x0c\xbd&\x88*\x81\xba\xa0\xb5I\x9c\x8b\x98P\
\x9eyH\xaf]\x0e\xec\xc5\xd94|\xda\xf8\x81\x12\x9f\
\xb3dA\xe0\x18\xf2W\x9c\xdb\xe6\xce\xb1\xc1}D\xc6\
\x0f\xf0$\x86\xdf\x8c\x09\x7f\xfd\xab\xf0\x17\xb7\x8c\xfc[\
V\xc4\x14\xb8\xa6\x11\xf02\xca\xfc\x9b\x0b\xfb\xc3\xedI\
\x18\x0anI\xf6{-B$l8\xd8\x10\x15\x8d:\
.\x04v4)u\x0eHq\x93\x08\xf2\x93\x0a\xed%\
r\x1fH.\xf6\xf1\x8f\xfd\xc2\x9e\xdd\x9e~L\x85=\
\x9aN\x11$\x03*FB\x1c\xac\xc2\xd1j\x04\x97\x06\
\x97\xd8G\xd5\xda\xc0e\x16L1\x80\xf5H\x945\x7f\
1\xf0G\x85{\x94\xc5~Pf\xbe;\xc1\xf0\x0cs\
\xbc\x9d\xa6s\xf3\xfb\x06\xeb\xf4F\x9d^\xbf\xb3\xf3Z\
\x8e\xc8&<\xfd\x1aV<\x16\xdb\xa2\xab?s\x8b\xe6\
\x17\xfe\x10.\x1e\xd0\xf9\xde\xc5\x8b\xe2\xe2\xb1\xe8l\xa8\
\x83\xc7\xachB\xf8\xbai\xcf\x87BS\x13\xfc\xed\x85\
\xbf\x8f\xe1\xef\x13\xf8\xfb\x14\xfe\xf6\xc1\xdfg\x1f\x0a{\
\xa1|/\x94\xed\xfd\xe4_\x81\xb8j{NH\x8f\xf0\
\x81\x10\x132\xe7v\xd4\xb1\xc1~\x1a\xaa\x18`\xd9\xc8\
\xaf\x82#\xef\x08\xc1\x86\xab\xc5:\x05\x1f\x07\x95\x84\xcf\
2\x89@_\xf5\xd2\xb0AL\xf0\xc2\x80u\xc2\x97\x05\
\xefR\xe0\x19d\x94\x85\xc0\x7f\xa4[MP\xd2\x1f\x0b\
tp\x80\xab(\xba\xe0\xfd\xaf\x8a\xcb7\xf9W(*\
\x16\xae\x1a3\xd3\xe5\xd9\xa9\xd2\xec\xadw(\xdf\x10|\
4a>\xffG\xb1\xaaNj\xdf\xdb\xd6Z\xb6\xb5K\
J\x1f\xa9\xcb\xbc\x82\x05\xfd\x1b\x18\xd2@#\xbbY\xa3\
\xea d\xa7\xed\xea\xf1\x8d\xae\x1a\xdc\xe3\x7f\xdb\xd6\xd5\
C\x8f\xbf\x81uT\xab\xc7\xc6\x06\x8d\xf6-\x9aYK\
U\x8b\x8bWx\xa2\xb7ra\x9d\xf6\x8fT\x9e\x8e\x0b\
\x87N\x1e\x15\xe8\xb3<]\x1a3\xc6\xd7J\xd3\x05\xcc\
\xf3\xce\xbfK\xe9\xdd\x00\xf7\xf5\xf2\xbd\xd2so\xde\xf5\
wgh9\x9d\x7ff\x13[;Qg\xe7\xde|]\
\xa4\x83\x8a\x1c\x96_\xab\xce\x99\x07o\x9b\x10M\xbd\x19\
6\x7f\xd1\xe3o\x18zEo\xe73$\xfb\xfc\x19_\
;E\xd2\xd1\x9c\xc9\xb8\xb2#\xf8\xc8\x17[\x1b\xcb\x9b\
\xc4\xb7;\xef\xe2@m\x9e\xa9\xf7\xcf\xf7\xa8bJ\xca\
j\x16F\xfe\xed\xb8\xbf\x00\xd4RA\xeb\x8d\x1f\xdcz\
\x13\xf5h\xda\xf3J\x90\x1b\xaa\xb2\x0a|\x9a\x85\xe6\x83\
-\xe6K`\xb0\x8e\x7f\x5cC\x91\xdb\xd9\xde<4\x8e\
,|\xfb\xadC\xc9kD\x88\xdd\xd6!p\x0f\x11\x8e\
\x81'\x97\xea\xd7\xae\x9d\xc9:!D\xd55\xc7\x9b(\
\xde7@\xfd\xdeGq\xb4\xad\xf4\x0d\x19W~\xe6\xcd\
\xc0[*\xaf}O\xfb\x1f\xc0<\x1aw~a\xaf\xf6\
\xd1\x91\x17\xc6\xadW\x95'\xc3\xe5\xb9\x0btx\xa9\xd2\
?\xc2w4\xb0m\xa1\xfd\x8f\xe9\xb3>\xf3-\xe6\xdb\
\x03\x82F\xe4\xf6\xf8\xbfY\xee\x95\xe8~!\xea?y\
z\xd497\xefRzt\x13\xacpJ\x1d]z\xe5\
\x94:\xdc!{d\x8e\xbf\xc6\xfc\xba\xefb\xcb\x17'\
Z\x0f\x9fh5\xe5\x9c\x17\xbaZ\x1f9z\xec\xf0\x89\
\xe6\xe3\x87\x1bO6\xb7~^U\xd1~\xad\x94\xbd\xbf\
\x1c\xd7\xcf\xe9\x80q33\x11\xe6\xfd\xed\xac\xc3Q\x87\
\x8a\xf4\xa8b\x06_\x1aN\x08\x886~\x06D\xf9\x0c\
<\x8ahSL\xb5f\xf3\x04v\xc1\xb4(;~\xec\
e{\xfcIN\xfc\x9f\xd9\x9f\x8c\xb6e\xb7.\x05\xd8\
\xee|7\xae\x01\xfcUzc\xf2\xd7\xca\x9d\xe7\xec]\
s\x10\xa9\xeb\xe5\xa1\xe7\xa0\xa1\x8e\x5c*\xae/ d\
\xe0;\x98\x8a::R+n\xe09\xdccu\x16*\
\x15\xa7\x14\xbc\x1d \xc6^4\xaf\x83\x91\xf5\xa4F\xb8\
\x8epS\x13%A\x82\x17.8L\x971\xf4\xa8<\
5\xecdFi\xf2\x92i\xb8B\xd6\x0c\x04;q\x92\
\xe1F:\xb8&\xe1\xa7\xe8\x5cS\x0f\xe2\x99M\xeb\xc2\
?B\x0e\x91;r.\xb5\x03\x10\xaa\xd8\xe3s\x95\x81\
\xf3\x0a\x8a\x86P\x1c\x8cO\xd5\x04n\x88\xcc\x87\xac\x08\
?\x1dMg\xf0\xad\xd7\xd0\x94<C\x05\x8aX;u\
Y\x95\xe6\xdd\xb8\xe0\x02\x06\x82\x97d\xc4\xc1+\xd6H\
\x03\x8c,\xbc\xaf\xf3BR\xd4\x93\x9dB\x03\x89\x92.\
\x0d\xee\xf3?1P~E\x8d%\xd8\xed\x00\xb0\xf8\x99\
\x97tL?+\xff\xfa \xb6\xbd9\xc8\xc8\xd1[\xbe\
\x080i\xe5\x92\xeb\xa9\x15\xf8\xa6\xb3\x05\xdb\xe0\xe3\x05\
X\xc2\x80w\x9c\xab);(\xaa\xf1n<\xb2\x90\x14\
\xe5xF\x01\x91\x86\x8d\xc8FQ\xb3v\x82\x90T\xc0\
QU\x14\xb9f\x95\x88\x11\x8c\xaa-\x9d\x8153\xb2\
\x98$\x9d\xe0\xb0\x11\xb5\xd5\x5c\xb4\xb8-p\xf08\x1e\
\x8f\x07kr\xf5\xf2\x8et\xc5}\x97w\x0b\xb6\xb0\xe6\
\xb5\x89\xc9\xb3\x1d*\x98\x08\x18]-\x1f\xde\x82\xed\xdd\
n\xdb\x94\xec\xdc\xb6\xdb\xd5E\xe8\xf6\xdb\x82:\xb6\xe1\
\x08[\xd3>n\x06\x8ck\xe3\xe5\x87\x17\xde\xacL\xd2\
k\xab\xb8\xe3\xfee\xca\x18\x9b\xc7\xfb\xa5\xb8\x9f|{\
\xd6\xb87X\x97G^\x87B\x9ag_\x12\x81f\xeb\
/x\xadLV\x96\xd9\xe9\x98\x80Jqf\xd7B6\
\x07A\xc8\x01g\x10\xca.4\xb9!\x07\xcc\x0f\xc0b\
\xcb\xd8%\xc4\x80U\xa1XZ\xd8J\x88i\x03v\xce\
*\xc79\x9a\x08m\xc8\xcf$a\xa3\xd0\x88r\xc2u\
\x94\xc8\x8fq\x070\xeb\xf4\x84\x13\x1b\xc3so\x01\x07\
\x186\xa9\xcd\xa6\xe2\xec\x08\x8b\x1djv:\x0b\x0e\x89\
\x16\xfc\xe2\x07pb\xeb\x0e\xb4\x971\x01\x91\xc8\x1b\x13\
\xe5\xb99#?Z\x9a.l\x5c\xb3v\xe7\x891\xb4\
Fs\xf3\x82\xbd\xd5\xb9=\x80\x9cg\xe7\xee\x04K\xdb\
\x9c\x8b\xae_D\xe3\xad(\xd6\xb6k\xd6\x81\xc0Yg\
\x18\x99\x18\xee\xe4.\x99}9\x84\xa1i\x7f\xea\xb7\xb6\
\x935\x0d%[Q\xed\xa3\x94\xa5\xe5u\xd8\x8b\x18\x0b\
S\xb40Vy:^,\xcc\x1as\xf9\xe2\xe2\x13\xd3\
\x8c\x0e\x0d\x1a\xb3/\xfdCX\x19\x22\xeaD\x0d\x98s\
s\x8b\xb2i\xfd\x0aV\x99\xe092[\xc2,}\xed\
\x9f1\x8d\xb2d\xd7\xb9\xc7\x0br\xcd\x18-8I\xc7\
\xda\xe4\xb8d\x1e\x1b\xe5\x85`\x1e\xfd\xf7\xf4\x08\xa68\
|\xa9\xc7\xd5\x8e6\xb1\xc1kJ\xe2\xea\x875\x9di\
\x13|\x1awl\xa5q[\xe4\xc6{\xe2M{\x83w\
\x07~\xce\xc2\xe9\xae\x10\x16\x87\x87:\x10X\xda\xdd\xc1\
\xf2\xd0\xca\xa1\xf7~\x855\xb0\xef\x02\xfb$|\x97\xc5\
l\x0c\xd3\x80C\xa2.\xb2}Yh\x83\xadeX\x11\
v.\xf4n\x81\xdb\xf4\xc0\xd7\xe6toO'Q\x83\
\x95ckn\x9e'\x98\xcf\xafG\xac\x11\xc6/\xcdN\
\x95F\x07\x5c\x97rbJ\x06\xaf$\x1c|\x82W\x15\
.\x0dYw\x13Nr3(\xb0\x93\xe1t\xb9\xd0\xc8\
\xbb0\xafYDgr\xa0\x9f\xbe\x1c\x86*td\xec\
}\x14\xdf\x84\xaa\xd8\x22\xe7\xd8\x9f<\x8a_\x87\xd0\xbd\
\xee\xbbX\x5c\xee\xa7\xf9Wtf\xd4\xf4\xc0n\xcc\x19\
\xc3\x17\xe8\xed5\xbaz\xdf\xba\x01t\xb8\xb4|\x89\x8e\
\xe6,9\xcd5\x9f8\xd4\xf8\xc5\xa9\xc6\x13_\xb4\xc2\
Z\x5c\x9e[\xa0\xd37+\xdf\x99\xf7\x89\x0a\xffl>\
~\xec}\xfc>\xd0\xebYx@\xfb\x17\x8c{y<\
\x06\xce\xb4|#\xc7\xc7\xf9\xffVo\x14\xdb\xd2\xab\xaa\
b*\x15\xed=U\xc7\xb8#\x05d\xcd\xab`\x1d\xc2\
\xcc\xefu\xe5\xc7\xd7\xedt\x951\xf4=]\xe9\xe3b\
H'\x1eoG\x5c\x16\xef\x93\x16\x93~w\xfb9a\
\x1b\x82\xb0I\x15\xfdW\x0c\xac\xd6x)$Z\xd0\x94\
uTg\x88\x14\x01\x0f\x93\xa9q\xe5l\xd4wJ\xaa\
\x9c_\xc7\x85\xbf\xd0uU\x91\xe7\x9e]\x95]x\x1b\
\xed\xa5\x12O'\xd6M\xc4\xfb\x836@N8/\x10\
Y\xab\x15\x16\x8b\xd0\x95j\xee\xba\xbe\xfd\xd6\x92`3\
\xe8[\x9b\x82\x9d\x8aL\xbbx\x11\x9d\xaa\xadG\xa2\x11\
6\xf3.|\xd4\x93g\xfd\xcfXh'\xfc\xdae\xf3\
be\x1e\x16\xfaa\xea\x1d?4\xc8\xae\xd96^\xe5\
\x8c\x0bs\xf8\xd2\xa1\xf3\x0a\xeeF\xe7\xd4\xff\xe6\x01\x11\
\x87\x18Z3\x12\x94\xb2\xf2\x09x8Z\xffq\x83\x19\
\xe6\x1ad\x851\xdc\xab\xd5\xe0\x93r\xe1i\xf5\x15\xe4\
N\x88\x16\xbd\x88x\x05\xb9\x13\xe09\xe9\x00\xcc\xd1\xf2\
\x03\xdb\x14l\xf8$8[\xb9\xfd\xd9\x87\x1d\xce<D\
\xcd:\x04\x04\x11\x02\xeb\xd7\xf2\xe8,\xd8tp\xc0y\
)wS\xf0\x848\x9bT]\xd3\x1d|+\x19\x82\xc3\
\x8b\x0c\xad\xc7~\xd8\xe2Aep\x84\x16\x1e\x96\x87\x9e\
\x97..\x85V\x8f\x9a\xc4B0\xa7$8veA\
\xa7\x95\x9e\xacY\xd3\x9a\xc4\xf0x\x0a\x82)n\x1bA\
\x15\x8dt\x13U\xd2{\xf9\xe5\xf0I\xf8\x88\x99\xccX\
\xb5\x0c\x86X\x1f7$\x84\x86 \xe4=\xa2\x9a\x06\xde\
\xbbp\x9f\xe1O\xab\x85\xdb\xdcU\xd6\xc8\x8c\x87\x96F\
\x09w!\xb8\xa3L\xe8\xdd\xd5l\xb4\x85\xdcg\x15\x8a\
\x1a[s'\xec|h\x0a!\xe8\x86\xc1\x803\xd0N\
 \xb2d/B\x87\xf1\xf3)\x14\xdf\xb70\x83\x92v\
\x8c\x88\xed\x91\xa4\xf5\x80;\x83\xb6\xf1\xeb\x12\x8e\xb8#\
{\xb8\x9b9k\xff\xbb\xe0M\xdc\xd9?\xfe\xb0\xd1\x04\
?\xed\x8e\xb6G`\xe71\xaa\x82\x144\xff\xa4<\xb7\
\x1c\x9a\xf9\xb3`\xeb\x11O\x84\x9d?\x82fA\x9d\x0b\
\xb5\x05\xdb.Z\x18\xe04CD9W\x18\x89\xe6\xe7\
\xec\xdf\x8f\x09\xc5\x11)\xe2`AP\xe4\x01}\xc8\xf0\
\xd0\x83\x05\x1bQ\x05N^\xad(\x84\x05Q\xdf\x81\xb7\
 Z\xe0\xc0\x02\xfb\xf8W\xdd\xea\x179\xf4`A\xc8\
\x8e\xdd\xee\xfc\xb7\xd8\x95oM\xec\xf8\xb6g\xe7\x05\x0b\
\x1dh\x9d\xd4+Z\x9c\xba\xbaE+\xc5\xfc\x83\xed\x96\
\xad\xba%$8H\xc5\xb9\xc1\x82T\xd5+}4\x1b\
\x1d-tUE\xc6&BX\x16\xd4\x1b\xcar\xb6\x0b\
R\x92\xba\x10!\xb83\xcb\x0e\x5c\x1b\xbf\xf8\xe4\xe2e\
\x9d\xf4\x22\x84(\xb5\xfd\x1bQQ\xa1\xf6M+\xa1=\
\xd7e\x05\xec>\xeb\x89\xd1E\xe8\xda\x19\xab3\x7f\xa4\
,b\xac\xce\xa6(R\xcd\xfabw\x11\x08\xdf\x04\xb5\
\xbf\xf5\xcd8\x91\xcf\xc5\xf1\xf5\x95%+\xc1?\xa8>\
M~\x95>\x1b\xa3+}oVn\xdb?\xdb\x86\x99\
\xa9\xcb\x8f\xad\xe7>A\x12\x90\xe7\xc3\xc0,E=\xa2\
\xa8];\x19\xcb\xb2\x94\xc7:\xdd\xe3\xdb\x1c\xcf\xdd\x8e\
\xaf\xd1\x95<\xde\xd86\xf5\xb2\xf2\xc3}AJ\x09\x95\
\x89Qvc\xf1d\xf9\xa7E|\xa1\xc5eA\xf1V\
d\xf3\xecR\xce\x9b\xe61\xd1\xba\x06\xca\x83Gtt\
\x18\x7fx\xf2\xd9]\xa3\xef\x11\xfe\xd8\xdd\x9d'tv\
\xd8\xc8\x01\x9e\x1f\xe8\xa3+t\xf8&\xb0\x0c\xdf\x0b\x0b\
\xbd\xeb\x18\xc1\xf3\x0b\x88U\xc3w\x95\x06b\x08\xe6\x9a\
o\x13X\x5c\xc5nr\x8a|\x93%Z\x8d\x97\xe5\x83\
W\x9fl&e\xa5H\xd8\x9a\xc0\x7f@Pj\xefm\
\xc8\x88\xbdx9S\xc8V\xa1\xf6\xd2\xb3\x99\xe5\xa6\x9e\
%f\xab&z\xf3\x866\xb2q\x8dhPy\xe4y\
\x8bi\x86\xc8\x863l\xdc\xd1(\xa9'\xa5\x01\xce\x92\
\x98N\x129\x92\xa8nvJ\xeb\x9f\xcaH6\xd7\x9b\
\x8eq\xfe0\x99\x0b\x87\xf3\xd7\xd3\xf8\xbf\xe7w\xfd?\
\x1d7E\xab\
\x00\x00/\x1d\
\x00\
\x01R\xeex\x9c\xed}{w\x14\xc7\x95\xf8\xff9'\
\xdf\xa1={NVr\xc8H`\xd6\xcb\xea\x84\xf8\x80\
019\x10\x13D\xc2\xd9\x9f\x93\x1f\xdb\xcc\xb4P/\
3\xd3\x93\xee\x1e\x10\xebx\xcf`\xa3\x17z\xf2\xd0\x03\
\x81\x00a@`\x8c\x04\x18\x83\xd0\x03}\x173\xdd3\
\xf3\x17_a\xebVu\xf7T\xbf\xab{F\x0fb\xdd\
\xf8\x04\xcdL\xbd\xeb\xd6\xad\xfb.1\x9b\x97d\x95\xfb\
\x93\xfa\xa7\x82\x98:\xc3\xedJ\xee\xfc\xb7_\xfeB4\
\xbfLf\xf8SJ2\x9f\xe1\xd5NI\xcer;\x93\
\xad\x1c\xafpG\x8d\xcfTA\x5c;\xd9.\xe5TY\
\xca(\xcef\xc8\xaf\x87\xf9\xf3RAUP+\xb6\x1f\
\x7f/\xf3\xf9.1\xc5g>\xed\xec\x14R\xce\xdf;\
\x0bJ\x8a\xcf%\xd5.!+@\xff\xce\x1fR\xa4\xcb\
\x8c +\xb6\x9f\x13\xc9dKJB\x7f\xe7\x84\x9c\xaa\
$~\xf9\x8b_\xfe\xa2\xa5\x85\xfbL\xca\x0aG\xf9\xd3\
\x02\xa7-\xbc\xae,\xcc\xe8\xb3\xbd\xe5\xe5\x8b\xefV\xa6\
K\xcb#\xd6o\xc9\xbfg3\x9c~iU\x1b\x9d(\
O_\xe4\xfe\x83+-~\xc7\x1d\x10\xf9\x8ct\x9a\xfb\
5\xb7\x1b\x7f<(f\x04\xf2\xd5\xdb\xe2\xd7\xb8\xe5\xf2\
\xb5g\xf6\x16\xa0\xeea\x89O\x0b2\xa7-\xbf\xac\xac\
\xdd\xd6.\xdd\xa9\xac\xae\xbe[\x19\xaa^X\xd3z\x86\
\xb5\xb1\x05\xed\xd2C}\xf2e\xf9\xf1\xa06\xfc\x83~\
\xebb\xb5x\x87\xdb\xb9\xbb\xb5\xf5\xd7\x5cev\xa8\xb4\
8\xac\x8d.T\xe6.X#5{\xb2\xbe\xd0z{\
\xaa\xdf<\xac\x16\xa7+k}\x5c\x1a\x8fF9&I\
j\xb2\xcb\x9cee~\xad:9_\x9b5\x1a\x93\xf6\
\xec\x96^\x9c+-\x8eh}\xab\xfa\xf8S\xdc\xe8!\
U\xc8r_\xfe\xf2\x17\x1c\x021\xddF\xb7E\xbe\x84\
^g\x1f\xeb\xcb\xb3\xc6\x8c\xde\xad\xf4\xd7V\xf2\xe9\x92\
\xb6\xb0\xf8ne\x00\xcd\xac\xb4\xbaF\x06e\xae\x17,\
\x02\x9fKuI\xb2\x92L\xa1\x8d\x10\xe4C\xb96.\
\xcf\xcb\xe8\xefZ\xd3\xcfzJ\x8bOJK#\xd5\xd9\
\x1f\xab3w+\xc5\xa1\xea\xcc-\xae\xa9uGk3\
\x1a\x1e5\x18\xceZ\x144\x00}\xf2\x0e*V\x99\xeb\
\xad\xcc\x0dhO\xc6\xaa\xb3\xaf\x8d1,\x0e\xeb\xc3\xe3\
\x95\x91W\xd5\x95;\xfa\x9d\xbe\xd2\xd2`i\xf9%\x9e\
&tg\x0e\xa6S\xccd\xec\x03\xc9\xcbR^\x90\xd5\
\xf3\xdcY^\xe6\xcc\x15l\xe3r\x85L\xc6Q\xe08\
\xe0b\xbb\x85w\x1c\xc6\xcd6\xf2\xb5\xa3\xe8\x09I>\
\xa3\xe4\xf9\x14U\xfc\xf8\xf9\xbc\xc0\x9ds\x7f\xdf\xe6U\
\xd8\xd1\x1c\xfa\xa1S<\xedh+\xe5\xf8\xb2\xcdU\xcc\
\xd1\xca\xb1BFP\x1c\x8d\xc8\xf6\xef\xda\x9c\x85\xe0\xfc\
\x18\xdb\xa5O\xbf\xa8\xde|\xae\x8d]\xa4\xce\xd0u;\
\xee\xdbq\x92\xe0LRDX\x96\xec\xee\xee6\xb0\xd2\
\xda\x12\xd4\xe4\x9f\x8e\x1cF\x88\xc7\x95\x96{\xb4\x9b\x0f\
\xf5\x81\x22\xfc\xffD\x9f>\xfb-\xc2&\xfd\xe6\x80>\
\xde\x8f6\xd6<L\xf8\x18!\xc4B'\x17\xed\xac>\
x\x1f\x95(\x0f~\x8f\x8eQi\xf1Riq\x10\xd5\
D\xa5\xad\xb6+\xaf\xa0-T\xb2|\xe3\x85>r\xdf\
kP\x0a\x1a\xfb!\xd4\xfd\x0a\x1a\xf55\xed\xc6-\xae\
\x90K\x0b\x9dbNH#<\x83\xe5\xf9T\x96%X\
W>\x97CX\x88HU\x86\xcb\x0aj\x97\x94\xe6\xfe\
\x15\xadi\xee_9\xa9\x93\xae3@\xcf\xcdX\x0bk\
\xf5\xf9\x8c\x88H\xa8\xf6\xd48\xbe\xd6\x22\xeaSo\xb4\
\x95Q\xb2\xb8\xa5\xc5%\xfd\xcek\x0e\x9fK\xeb\xcc\xa2\
IYs!K\xa8\x0f\x0c\x97\xaf\xddF\xabc\xf5\xe7\
\xe8\xa5S\xca\xa0I\x92\xb3xP\x92\xf7\xa5\xd1\xe1v\
\x7f\xe7Y5\x95\x11x\x19#\x92\x9c%\x85\xdb<\xbe\
\xf3\xafzLP\x0a\x19\xd5V\x93\xfe\xca\xb3\xa2\xd0\x0d\
\xa4\xbb]9kVs|\x11P\xe9\x0f\x8a\x94\xb3\xd7\
\xaa}\x13P\xedh\xba\xd3^\xcb\xfa\xc2\xbbRZT\
\x8f\xf3\xf2i\xc1\x9a\x98\xf3\x1b\x96m\xf8\x14\xd5q\xed\
\x03|\xe9\xbd\x9a\xf80\x17d\x01\x9fHkA=\xbe\
\xf5\xac\x9e\x97\x85\xb3\xa2p\xceV\xd9\xfd\x9dg\xd5.\
QQ%\xf9\xbcY\xcb\xf6\xd1\xb3B\x06\x9d\xa9\xdfg\
\xa4S|\x067]\xbb$\xdb\xfc\x7f\xf2m\xe8\xb8\x90\
\xcd{6\xe3\xf1\x03E\x9d\xf6Z\x80.\xca\x15\xado\
\x89\x1c\x98\xd2\xda\x8c\xf6d\xca:lT1R\xd3d\
i\x92\xb5F\xcd\x1b\xd1\xbc\x15=\x91\x11@\x15\xd5\x0c\
\xa2\xff\x09\xa3\xbf\x81\xc7\xfa\xe8hy\xf9\xaa~\xeb&\
:\xc7\x5c{\xc7_\x12\xb5\xb2\xe8\xde\x11\x8eHiT\
\xdc\xa3\xc7d\x07\x7fV\x80\x8f\xb5\xf2\x88\xa6\xf0\xe8\xd0\
t\x14:;\xc5n\xd4GJ9K\xb5\x96\xe3\xb3P\
\x1e]\xabJ\x1b\xf7E\x02u\xc55}\x98De\x9a\
\x13\x7f\xab\x95\x92r\xfbR)!\xaf\x0ah\x12\xd4\x9c\
\x00\xe0\xae\xcb\xf3j\x17\xb7\xd79=\xb8!\x85\xa4*\
u\xa8\xb2\x98;\xdd\xd4\x9c\x94\x05\xc4\x06\xa6\x84\xa6\x96\
\xff\x0f\xbf\xb4\xfd\xb5\x05\xfe\xd7\xb2\x83K$\x9a\xedm\
z\xdcmI\xd28!\x00J\x93\x17\xaf\x92<\x89\x08\
i\x1au\xf5).zB9\x94\xdeA\xa6\xbb\x03\x8f\
\x90\xea\xe4+\xf2\xe7W\x11w\xceI\x10\xc2\xb7\xee\x0f\
\x1d\x9f\xff\xb1\x81{\xf7\xdfh\x00\xfe\x9b\x07\x9d\xc1\xee\
A\xa9\xd8\xdbW\x9b\xe3\xd6\xd8?<\xe5Fm\xa0\x83\
6\x87\xef\xdf\xd1\x03\x07\x1b\xb8}\xf9t\xa7\xff\xee\xa1\
\xae`\xf3P\x99\xd8{gMokl\x1dL7`\
\xe7\xbc\x08\xae\xbe\xd8S~\x84v\xa1\x8882\xed\xd5\
\xfd\xd2\xeaMmh\xa9<;_\x99\xbf\xe7Oy\xbd\
w\xdc\x8f\xd5\x00\xc8Ji\x1e1\xef\xaa\x5c\xa0v+\
X\xca\xc0\x8b#\xa6\xd5\xae6\xee\xa3=\xad\xe6\xe8\x01\
@~D\xc5\x80\xd5BL/\x92?\xf9\xdc\xe9\x8c\xe0\
\xdc\xac\x94\x94\x01\x06\x10s\xfaIQ9\xc0\xcbg\xb8\
O\x8c\x8f\xf8\xb7\xfd\xa7\xdby9\xcd\xb5\xb9\xbf\xb37\
tJ\x92\x81\xed\x0co\x0f\x97\xc3\xdf\xb7\xb9\xbf\xf7l\
\xd3\x98\xdfN\xfb\x8f2\x9f\x16\x0b\x8a\xd9\x06\xf9t\xc4\
1($2g\xc4\x94\xa8\x9e\xa0V\xc8\xeb\xf7\xcf\x04\
\xf1t\x97j0\x1fr\xb6]\xca\x14\xb2\xb9\xa4\xfdW\
$\x22\x7f\xb4\x8b^`\x00R\x92\xc8\xff\xce\xa5\xb5v\
\x9cn\xd4]\xc4_p\xf3*\x95E,\x99\x98C\xd3\
\xde\xf9\xb1\xbb\x10\x9c\x10\x84\xed\xe4G\xf7\xcf \xe2\xdc\
\xe9\xab\xde\x9dBR\xf8;$\x12<y\xa0]\xbe\xa4\
\xddx\x83\xbeD\x93#?\xb9k\x1d\x93\xce\xf9\xcf\x0f\
\x80\xfc\x8a\xc7o\xac\xb3\x1d\x81=G\xb8\xc7\xfbwZ\
`\xf7\x02\x03\x15\xc8\x9ew\x22\x0c\xef\x10\xffG\xf8L\
\xe0\xe1\x90\xfb\xd7\xea2\xb67b5cb\x88\xa9\xec\
\x14dYH\x9f\x88\xd5\xb9\xb3\x95\xcf\xe2\x0d\xe6P\x16\
t\x12\x01K\x03\x00\xe8v\x8e\x97s\x87\x10\xce\x05\x97\
d\xc3:\x1a\x14\xa9 \xa7\xe0J\xfa\xbb\x9cjk\x11\
Q\x0fJ\x0b\xf4\x85F\x9dT\xce\x9eN\xb0\xd4\x86\x99\
\xb6\x81\xf6MA\x7f4y\xae\xc0\x0e\xef\x85i\x0en\
\xfe\xac\xa8\x88\xa7\xe0\xc2\xec\xe43\x8a\x0f\xee\x01|\xe5\
\xffS;P\xa1\xcf\xcf\x0ar\x86?\x1f\xb6\xce\xf6\xd5\
c[qs\xfd\xd8J\xdb\xe8(\xfep\x82\xacu\xe4\
\xb9\xf9|}\x98?%d\x82\xe6\xa9\x0a\xdd\x08K\x13\
\x9eW_\xc0f\xc3\xbe%\xf3b\xb7\x90!\x9b\x1d\x11\
\xcdq\xf5SH\x82\x0c\xa2\x22\x00\xa1\x17\xcdq4\xfe\
\xa3\xb2\x88\x08\xe6y\xfbMC\xfd\x10i\xc5\x08m\xf2\
!w^\x95\xbe\xf2\x22\xc2\x81\xeb\x1e\x85\x94\x1a\xfb\xa3\
=\xed-\xcf-W\xaf\xdf\xd3z\x1e\x82~2\x81H\
\xb9\x17\xb7D}W\xc8\xc1e\x96\x00}oiyY\
\xbb4\xab\x8d^\xd2z^\xd2L\xe6\xbb\x95!\xfd\xc9\
=\xfd\xea0\xdao\xa2\x9b\xd4\xaf\xdc\xab^+\xbe-\
~\xadO-hc\x0f\xca\xcbs\xe5\xe5'\xefVn\
\xfb\xa0B0\x1a\xec\x97\xd2>k\xcf\xb4\xad\x1d\x02:\
?i\xcf\x8d\xb5~\xf2n\xfe\x9c\xcc\xe7\x09\xab\x0c\x85\
\x93'\x10\x83q\x02}\xc5\xb8w\x0d\xbd\x0a\x8d\xb2|\
F<\x9d\xcb\x22\xea\x8b\xe9\xe2>\xf8t\x0c.\x88x\
\xf7\xe7\xfe\x82\xaaJ9\x86c\xad\x8dN\xe8/\xfb\x03\
\xce\xb1\x83urrN^E\xed7\xdb)5G\xbe\
\x08\xd9\x12\x80\xb8\xd8\x02\x90\xe73\x82\xaa\xa2\xfe\xf0\xd4\
\x8f\xe3\xe9\xad\x07U\x008\xc5\xa7\xce\x9c\x96\xd1\x01J\
\x07\xb0\xd4Nh\x18\x8b\xed\x1a\xcd:\xb0\xdc>}x\
\xb3\xe0N\xf0b\xc9;\xb2\xb1nc)\xd7\x8ep\xea\
\x8c\xe0)1!\xb9\xf1\xbf\xd1\xea7\xf90\x05>\xcd\
2\x9f\x0dr\xe5\xfds\x9f\x0d\x0b\xe7?\xcfm\x00\xd6\
\xe3\x0f\x07P=Ft\xab\xab\xf2f\xe2j\xc8\xa2\x80\
jD:\xc3\xed\xf5\xbc\xa11\x9e\xefC7\x87\xf9\x9b\
\xe2\x87\xe0&x\x9c\x8cTFR\x84\xb0zb'\xd7\
\xf4\x81t\xa69l\xb8V\x1f\xb4\x81#\x09\x86\xa1\xb0\
\x1e\x02V\x8b\x9dMu|E}\xf4\xd0\xd6\x90CK\
\xb8\x17}t\xac|o\xc9\xd2\xcc\x80M\x15\xf36\xa5\
\xc5'\xfa\xe0\x95\xf2\xf2\x8c\xc1\xd4N\xbe\xd4\xa7\xde\xa0\
\x92\xefV\x06BU6n\x1b\x0f@\x9d\x1a\x9b\xdd\xdb\
\x1a\x9b\x10\x8d\xcd\xee\x10\x8d\x8d\x8c\xb7\xa5\xb1\x0a\x1b\xba\
\xcd\xcd\xd4\xd7lk^\xde/\xcd\x8b\x98\xeb\x946J\
\xf3\x02}\xfd\xcc\xd5.l\xcbm.\x1e[i7\xe3\
\x11\xca\x1d\xad\x93\xdae\xf2\x8e\xfe\xc3x('\xba\xad\
m\xa1\xdbY\x7fm\x8b~s\x80\xa8L\xf4'\xdfb\
\x8f\x1e`+\xc0\x7fe\xe1U\xf9\xc9\x80\xf6\xa6\xa7\xa6\
D\x99\xb9\xad\xf7O\x101[\x1b\x1b\xd1z\x87+\x0b\
\xe3o\x8b_o\xebKb\xee@,}\x09\xb3\xccW\
\xbe}\xbfz\xe1ji\xa9\x97A\xec\xf3\x91\xe5B)\
\xc5?\x8d$\x17\xda\x0f\xc0:*\x03l\xe2H\xa0\xc4\
S\xafTA;\xdd\xf4\xf7\xe9\xc3w\x8d\xf3}c^\
\xbf\xd3G\x0b\x18Z\xcf\xb3\xd2\xd2cmx\xbc\xf4f\
\x10\x89\x13\x8c\xc6`o'+\x00\xcb\xfe\xef\xea\x95B\
\xd0\xfa\xa4\x8f\xdd\xbb(\xdeZA\xb8\x80\xc8@\x9a\x1c\
\x18\xb4m\xc6\xea\xb6\xa3\xe6\x10\x05\xfd\x87\xf9\xf9\xf33\
\xf4AG+TZ|\x01\xae\xbe+\x13\x957\x97\xcb\
\x97^\xeaEpa\x05\x9f\xe1\xb4\x90\x11N\xf3\xaa\xc0\
\x95\xd6f\xb5\xd1W\xda\xbd\x8b\xe5\xb1^\xad\x7fF\x9b\
\x1b\xd4\x86&,\x91\x0b\xc0r\x92\x12s*^\x13 \
9\x87ri\xa1\xdb&CX\xc5\x14\xec?\x80K\x1e\
\x90\xc5\xb3\xb0N\x89\xe0b\x07\xb1O\x1a)\xe7#p\
\x05I\x065F\xdd%P\xf8\xde0\xe6\x8d\x81\xb7N\
\x7f8\xab\xad\x8cz\xd0\x96\xd0\x1b8\x0e\xd1X\x87\xdb\
\xdaqj\x8e\xf3\xa7\xf6\xf3\xb2\x9f\x00en!)\xe5\
u+\xb3\x91\xfdTA\x06\xcc50\xc1yX\x926\
Lq\xd7FT\x83\xaa\xdf\xde\x05\x1a$\x8f3go\
\x86\xdbk\xeb\xd5\xdd*\xcc)\xf0R1/\x94\x1bS\
\xe5\xef\x1f\x90\xdd\xf7\xb9S\xba\x22\xeb\x04=\xc8\x19\xeb\
x\x88\xb7\xa0v\xef\xf5\xfa\x0e\xc9\xc5\x07@\x04\x01^\
\x8ajq@\x1f|\x84\x88C\xb6\xb6\xd6\x88\xac\xb6\xda\
(\x01@ \xd7\xc0\x8a:\x96d\x12\xb6\xdd0\x84\x00\
\xc9\xdcCj?&\xe4\x05D\xd7<\xb1\x1f\x00\xe6\x97\
isy\xaf'\xd3@\xaa\x14\xef:&\xb1lc\xe0\
X|\x84\xe3\x7f\xdf\x15W\x12\x8e\xa2\x8d&\xd8\x84\xa7\
x\x80W\xf9\x00\x89\xa1KH\x9d\xe1\xf1\x16\x84\x88\x16\
P\xd0\xf7`b\xfa\x8ew\x89\xa1O\x8aO\x08j\x8c\
\xa5\xa9z8%r\xdf&\x8d\x89\x05W!\xf0\x09\xd7\
dTJK\xe7rvZm\x90c\xb7\xfe\xcd\xf8!\
DD'\xd0f\xeb\x80\xa5\x861\xac 5\xe3g\xd2\
YO\xbd \xf9\x81i\x5cdl\x09U\xe6s\x0a\x19\
\xa0\xd3\xf3\xcf\x09v\xad\xa5}\xa9=\x17.|\x18m\
\x81\xd3\x0c\xd4~\xb2\x0d6\x8eE\x02\x1d\xcac\x84g\
\x0e?\x94\x01\xac\xb3\x8d\xc5\x09U>\x00\x90\x13n,\
,|\x88\x81\xf3nn\x83A81!p;X8\
\x97\x90MqrT;\x03\x08\xa7U\x9e\xb0hQN\
6b\xc2\xc5\xffAU\xf9\xcc\xbe\x9a\xc8\x8a\xa5h\xfc\
\xf9\xb3v\xcc\x9f\x87\xe8\xd7\x10\x1f\x0b\x01\x84\x9e-\xfc\
%\xac\x85\xd8\x96\x16\x80@\x5c\xb1nW\x9fK.\x99\
\x11r\xa7\xc1\x03\xd8\xfbv\x05\xb0\x14*\xdf\xe9\xdf\x16\
\xf5\x1f\x07\xb5\xfe\xa7\xda\xe8B\xf9\xdaC\xc2-0\xaa\
I\xfc\xf6.\x82\xfb\x14\x03\x03c\xf1N><\xcc\xce\
\xcd\xe7a<hK\x90\xc6\x1f\xb0\xe8\xa0(d\xd2\x0d\
\xd4\xcc\xd4\xc9]`O\xf0.,\xa7\x11\xf5F\x82\xac\
\xb6\xde\x8fD\xcb\xabZ\xcf}K\x08\xd6V\xc7}\xd0\
\x83 \x95\xe7r\x11\x09\xd0\xbb\x1aQ\xa8\x04K\x08\xa4\
>b\x1e\xfcI\xe2:*I#\xb3#\xc6Xl7\
k\x00\xb7\xb3\xce\x9e$\xcc\xf7`\xbc;\x90\x8d\xa2\x81\
\xf6?\x98\xbb\x06\xd3J\x87\x87\xb1\x85D\xb4\x05\x98[\
T\x1aa\xfd\xcaHRF\x15\xf35\xbc\x0eGg>\
\x95\xc24?\xa1\x98\xf3\xf7)H1\xbe\x1e\xd1w\xbe\
\x16\xfb@UX\xedCH\xac\x07\xd0\xc2\x0e\x15\x8e\x06\
\x8b\xac\x85\x10*\x81/\x89\x040~d\xb4\x09w\xa3\
*n\x86\xb1M\xf7\xcc>\x09\x10\x00\xdc\xa5#\x90\x0c\
/\xc7\x8dB>\x8dD7\xcbm\x83\xb4\x13\x12\x90b\
\xf5G\x82R\x8c5\xdca\xcc;80\x85\xe8\x04\x1d\
:H\xb89\xa7/:n*\xed\xfaCR\xab\x16\x18\
D\xa1\x87S\x1b\xe9\x1b\xb8\x09`*$\x03\x91\xb7\xd3\
P\xb3\x05,\xa7\xc9\x1a\xfc\xce\xb9m\x08/p\x10P\
KK\x0b\xf8\xb02\xef\x08\x15\xf5\xd4a(1\x8f\xf2\
j\x97\x924U\x9a\x87\xa5\x14\xaf\x8a\xe8\x1c7\xf9\x14\
\x84\x08o\xb3P\xf3\x17\xadlQN\xc1\x97\x84\xd7)\
4\xa8H\xd4\xf0'/_\x17\xbc\xcbd\x0f\xaa\xb3?\
\xbe-\x0e\xe9\xaf\x96\xb5Kw\xac\xdd\x7f[\x1c\xd6\x87\
\x06\xaaW\xe6\xfd\xb0\x024\xd6\xc3\xe3\xe8\xa3#\xa6[\
\xbf\xf6\x1aUq\xe7\xc7\xa0\xd1\x06\xd5=!\xe6\x90\x1c\
\xa9p\xda\xc8\xed\xf2\xb5\xdb\xdc!\x88/\xfb\x1c\xa1\xb6\
Y`\x80\x8eS'Y!\xacd\x19\xa4\x0c\xe4\xb4\xf8\
\x88;@\x22\xd1\xa8h53\xc1\xc4)\x11\x9f\x13.\
#Iy\x8eD\xaa\xd0\xe3\xd4\xeeM[\x93\xd2n.\
\xe9\xd7\x11\xe7\xf8\x0c\x8d\x5c\xef\x7f\x05?}?[\xfe\
\xfa\xb5\xd6\xb7l\xad\x8c\xb5 \xda\xfc\x90\xde?\xf6n\
\xe5\x06\x9fN\xd7\x1c\xad\x0e\xcaR\x16\xe3Bm!F\
\xeek\xa3\x93h\x8d\xb4\x9eo\xca/\xeeh\xfd\x93\x95\
\xd9\x87`\xe8{\xfa\x0dt3\xf1Z[\x19\xc5\x8e\xd1\
S\xd6\xb0\xe2\x9c1+H\xdd}\xc4*\x0f.\x18\xa7\
\x8c\xda@\x8f\xb3\xb6)\xd8o\xc6\xf8)\x08\xd7\xbf\xf8\
\x9b\xfb\xb7\x82\x9cq\x9f\x024Y\xf7!\xb0\xd7\x05\xcf\
4T\x17F/\xab\xca\x09Q\xedj\xaaQ\x85fO\
\x875<\x8cd\xbe\xa0t5\xa5\xd15\x99\x16\xfe|\
\xecP\xbb\x99\x1f\x854V8EL\x01M{\x9a\x9b\
\x1d\x1d~\xe5\xee\x9f4X#S\x9e\xbd\xc2$S\xd8\
\x93\xde\xdb\x99\xcf\x1b\xbdH\xdb\x1e71\xf4k4\x07\
\x17\x9a\xafg\x9e\xf7\xa5\xa2tI\xe7\x0e\xc8R\xfe\xb8\
\xc4+j\x93\x81?\x90H\x02_\x11\x907dj\xc1\
\xa0\x19\xfd\x135\x5c\xdaA\xdc6\xbc\x18\x03N@?\
\xd45\x08\xed\xd5sr\xf4pDB\x8a\x0e:0\x9c\
\xf1\xb0\x1d\x1d\x0d\x02\x04\x8b\xa8\xcc\x89\xf1\x8fu\x5c)\
;]\xb5g\xb8\xbc:_\x99\xbb\xa8\xf5_\xf7\xb7\xd0\
\x0d\xc1\x1f\x8bE\xf3\x5cOk\xbd=\xa8\xd6O\xbdW\
\xb4\x9e\x87\xda\xb3\x22\xfa\x83\x18\xb6\xbcly@\x7fp\
m\xee\xb0\xa8\xa8\x7f\x11\x85s\x1cI\xc1Q^\xbe\xac\
\xcdO;S\x8e$e3\xa6\x1f\xd8\x96\x0c\x84V\xe0\
h\x1a\x12]A\x92\xe4\x90l\x17h\x1cV\x0f\xbf\xe1\
\xb4\xc17h'\xb51\x10\x8a[\xca\x0f.\xa0\x7f\xac\
\x81\xb6\x90a\x92Y\x92\x86\x8c\xe4(8Q\x0c\x8c\xdc\
\xf6\x9b\xca+gN\x82VN\x16\xd3H<O\x8b\x0a\
\xa8f\xd3'U!\x9b?\x89\xc7w2o\xa3\x7f\xbf\
1\xd2\x91\x80X\x8e\xbbB]C\x8e\x02\x98\x86\x89\xce\
\x9c}\xec\xc6\xb4\x8c\x90\x12\xbc\xda^\xcd\x99\xebj5\
w\x5c\x82\xc4\x07\xce\xc6 e\xca\xeaUm`\xb8\x16\
o\x8b\x7f\xa2\x9a,-^*\xcf-\xb7\x94\x16\x07\xe1\
\x1f\x12\x05\x03+4\xd3G\xb7eU\x80\xc5\xbe\xf6P\
\xbb}\x1b\x9d\x89\xf2\x937\xd6Z\xee\xad\x5c\x9d\xe1\xd0\
\x96\xe2i\x1a\x1f\xc8 \xf7\x96\x97\xd7\x10\xe6\xd0\xdaD\
\xf4\x1b\xfe\xd8Q@\xa4QQ\xc2<G}\x93Y\x00\
X\xf4\x9e\xc2X\xee\xa7\xe2\xb5\xf0\x18\x9e?\xf2Y!\
\x98\xc1l\xb7\xf5\x0cL&u\xc4\xea\xb3\x1b\x7f\xdcJ\
qn\xa6\xc1\xe8c\xda\x98\x0c\xf7\xa7/\x8a\x0f\x95g\
\xd1-<M\xaec\xb4\xcbhOJK#Z\xcf\x0f\
\xd5\xc9'\xd6y\xad\xb5\xe5k\x98\x06\xb3\x7f\x9d\xc6\xdc\
V\x0f]Ou\xf6e\xf5\x9b\x87\x95\x85\x17\xfa\xd4\x88\
\xfd\xc70K\xaf66d\x9c\xb9\x99Y\xc8d\xf3\xa0\
\xb7|c\x02\xe1(b\x16H\xf6&\xab@\xb5\xafO\
\x1b\x9d\xd0^\xbf\xac\xde\xe8\xf5v\x09r\xe9\xb9<d\
\xe6ut\xfda\xd5\xfe0\xb9\x07yi\xd4\x8c\x85\x22\
W\x91A\x83\xfb\xc9qD\xb8O\x8e\x22\xfa\x83\x1cC\
m\xac\x1f\xad\x95[\xc7\x16\xa4\x07a\x9d\x01U\xceR\
[y\xdb\xa2\x1b\x19\xc5\xb3^\xfa\x96P=\x8b\xa9_\
\xd9\xe3\xe5\xae\x15\xe6\x1b\x0d\xc0\xee\xbd\xea\xf2\x80\xf6q\
<\xa6M\xad>\xfaE\xf3\x96\x0d\xd0w\xb9\xa9-\x5c\
-P\xd3\xbfN\x14\x1d\xa7\xa3|0\xae\x98\x90\xca\x80\
\xbe'\xa4\x0c\x9f\xea\x12\xf6\x17:;\x81\x97\xdf\xd5\x1a\
\x10Jd\xd8\x95\x83\xb9\x8b\x80\x8el\xce\x14\xceV\x14\
!\x83\x8e\x93\x80/d\x1f\xcf\x07\x13|\xfc*\xdc-\
\x22\x0a\xe3h\xb4\x89\x1eD\x80\x99\xa6f\x0e\x07r~\
\xc0\xf4$b\xf0\xc1\x86Q`q\xd2\xa8\x13\x5c\xc38\
(\xde\x88C\x8eQp\x03\xe6\xf5\xe7\x0cSp\x02\xa4\
\x82\xfb\x0b/\x8b|N\x85\xa6!\xadZZL\xa9f\
\x0e5\xcb m\xa4\x90\xd3\x9eL\xea\xf3?\x86t\x8d\
z\xce@\xef\xb0\xf8\xe6\x11AT\xc4\xdc\x1c\xb4p\xa1\
c2\xf2\xc7\xad,i\xf7\x9e\x81\x17\x97\xc1d\x1a\x94\
\xd8 \xd2\x17\xae@\x82\xa9\x9b\x0f]\x04\xd8\x09B\x0e\
3\x95\x94{@R\xe8F\x03\xf3\xf1y0\x81\xf6\xee\
\xf3\xde\x08\x1ak\x90\xbc%\x06\xe3'@,\xf3=\x80\
A\x92\xe3\xac\xa7\x09\x9f\x80\xfaD>}\x8aor\x1b\
\xa3\x93\xf2\x0e\xb6Fj\xe0\xd1\xc8\xe9F4r*r\
#\xad\xc9\x9d\xff\xc6h\xd5\xaf\xf9\x1bt\x81\xd4\xc1\xe6\
\x05A`c\x9c\x0e\xa2\xba\x1d\x00\xec\x17\xba\xf8\xb3\xa2\
$#\x8c%x\xc2}I\xc2\x17\xf6\xe5\xd0\x92\x82\xfe\
\x04}\x91.\xc8\xf8O\xb0M\xb6\x22A:\xc06o\
\x02\xc8\x93\xaf\x1e\x94\xde\xccq\x1f\xe5\xbb\xb9\xca\xc0s\
\xc4@j+K\x95\xa7\xdf \xf9\x0fb\xd6\x8a\x17\xc2\
\x1b\x89\x84\xe5\x00\x96u\xb1\x1e\x5c7/\xf9\x8c\xd0Y\
s\x1a\x80\x0f\xd1\xaa\xabR\xbe\xe6r y\xb8\x97\x07\
U>%!\xc9 k\xd5'\x1f\xd9\x9a0\xe3\xf0\xd8\
J\xc7t\x84\x06\x08\xc1\x82\x90\x9f\xed\x81\x81aN\xf5\
4\xd06`6D\xa4\xd5\x0dD\x03aFP\x82@\
g\xa8Uf\x90\xfc\xb2@~\x05U\xca\xd8cZ\xe5\
\x10zO\x00\xb4\x83\x0b\xc5~\xa9\x9b\x15[-/1\
\xean!\xd7\x0d[}\xf6\x18]\x1a<x\x1a\xb8\x99\
>%=7E#\xa0\xb5\x91\x83\xaae\x879%F\
\x92\xc5@G\x00\xfc\xa3$B\xddE\xa8\x9e\x98P\xc5\
\x90\xde\xc6\x86\xc3K39\x1e\x99\xe0p1\xc4I\xe3\
@\xe1\xc1V;\xaaw\x8f\xad\x1e\xf1\xf2\xa9\x87 6\
\x80\x7f\x00\x88\xe7\xc8f\x02\xba}\xa3\xb1`\xee\xee\xd7\
\xd7\x05\xcbc\xc0\xf5\xab1\x9c\xaa}?\x102\xa2\xa5\
\xb1\xf8\x14\xfe>\x22\xa6\xd3\x19F\xf4\x8a*3\xd2P\
\x9f7\x97\x09\xac\xc73\x9e\xbas\x1d\x18\x0dS\xe7\xb0\
\x9b\xad\xb8)R\xed\xf4\xd1\x178\xc1\xb8\xc3\x95\x94\x94\
\x170\x9dI\xdab\xc8\xb9_3\x93\x00\xe3\xec\xd6\x8e\
\x8e\xa8\xec/\x88\x19Udv\x98m\xe8\xc1\xc53\xc2\
\xf6\xa0\x04\xa8\xe9C\x22}\x03\x07bh\xab\xa3\x1e\xca\
\x98\xce\xc6\x0d\xb9\x85H3\x11\xae\x0d\x00\xd0\x00\xd4\x10\
\x81\xbd^\xb8\xee;\x0c\x9c\x97V\x0c\xd4\x01\xf8\x84K\
\x90S\x1aq\xb7\x03\x11\x07Z%'\x1c\xfb\xdc\x90\x93\
\xcf\x22\xf0\x98\xe0\xbaSC\xb4\x1d\xae\xba,!\xc6N\
0=\xd8\xfe\xe5 \x06\xc6\x05a`\x93X\x09\xa8\xa1\
\x16!vS\x9c'$A\xbeJ \x8aZ\x99\x7f\xba\
\x9e2\xd9\x07\xf1\xee\xef\x8d!\xb5YQQ\x90P\xd1\
\x10b\x1b1\xc5\x8f\x09\x9bI`\xe8\xe9o<\x891\
qp\xfb\xf4\x06\x00\x9c^l\x0e&VF\x87F\x13\
;D\xd8\xf2\xfe\x04A\xb8\xdb\xa8\x13\xfc\xdcHq\xa4\
2C\xd2\x0e\x13j\x1e\xa3d2\x95\x85\xfb\xb4\xdd\x8c\
\xb1\x15\xcb\x89\xf4t\x97\xa4\x049\x01\xd3\x80\x03{G\
j1\xbc\x95\xd9\xa1\xea\xe3\xa9\xa6\xdd\xad\xcd\x1c\xac\xe4\
\xf4E\xad\xe7eiy\x828G\xa1\xe5\xc5\x87\xe1\x7f\
w~\xdcR#y;\xf7\xb4\x98B\xfe\xff\xee\xda\x8d\
\x96Z[x]]\x1d\xb3<\xc3\x18\x86P]\x9e\xaa\
\xcc\xdf\xe3N\xa99\xc0\xdc\xbd\xbb[\xe1%\x13\xfd\xca\
e}yV\x1f\x7f\x81\xc6\xa4-\xacT\xfa^\x90M\
&\x86\xdb\x16mi\x1c\xec\xb7/{\xb4\xbe%0\xb8\
\xa2Bx\x90l\x9d\x1a]\xb5q\xbb\x18I\xa8E\xb1\
k\x04;\xc5\xe7\x8e\x09Y\xc9\xcb\xd1\xd4\x0b\x1aF\xca\
p32P\xf4#\xd8\xe4\xc6|\x0d\xc4\xd3\x8d4L\
WO\x83\xcb\xb8\x85\x17\xd2\xb4#\x85e\x1d3\x81\x8d\
\x8c\xc4\xfc\xd9?\xaa\xc6\xfb\x07\xd0\x94`7\x08\x92u\
\xdb\xe1V\x03\x92\x98\xdd3\x06\x8bc\xe0\xd8\x82\xff\x18\
$\x7f\x10\x02\xe0\xdd\x01\x93B0\xaa\xdcj)\x0e\x03\
p\x88\x9d2\xfaQDp\x01:\x99\x01\xb4\x09\xa7\x8a\
\xa6\x97\x85}\xfd\xc2*Y$\xb4\xb4<B\xc8\xa6\xe1\
]I; \xd8\x9b4\xb5\x98\xfdn\x7f&\xf0^\xb1\
9\xb3\x0c\x84\xf4\xcf\xec\xc1o\x02u\x16}_\x96\x09\
\xcd\xc0\x17\x80\xbd\x9b\xbbg\x86\x14\xd2\xd0=\xb3;\x89\
\xd9\x15\xd1\xfd\xe0E\x06>E\xf7\xc9.\xd6|\x90\xe2\
\xed\x22\xcb\x15jYA\x9d\xb4\xac\x8b7u\x81\x96g\
h$\x5c\xf0x\x1e\xa8.L\x88\x9a`\xc9\xaaX7\
\x0a\x15\xf2'yY\x96\xce\xb1`P\x0d\x190Q$\
\x161\x9b\xf7#\x0b3\xd4\x98\x1dD7\xfb\x11t\x1d\
\xfd9\xc4@E\xed\x9b\xb3\x85,\xae\xbeig\x17\x82\
\xbfc-\xfd\xe0\x16Y\xfa\x03\xa1\xd1\xeb!\x8b\x0f\x0d\
l\xda\xf2g\xc5\x5cA\x89\xb4\xf2\xe4\xde'+\xbf\x19\
k\xce\xc2\xc8\x06\xac8;\xfb\x16\x87\xab\xc2Y^\xd1\
zhO&\xbd\x0b\x85\x8a\xf7Q\xb9\x22r\x9f\xd5M\
\xd8A\xcb\xe7v\xee\xa6-\xac \xb1\xba\xac\xaa\xefV\
n\xd8\x5c\x9e\xd1\xe5F\x94\xfc\xd8\x7f\xd6y,\xf5\x91\
+\xda\x92_\x9e\x17\x13H\x04\xb6\x11\x16d\xde\xa14\
\x97J\x86\xf0\xb6x\x81\x1e\x8bm\xd8\xd5\x9bE\xad\xa7\
\x9f<lIG%9\x1a\x8d\x90\xc40HA\xb1\xce\
\xf9\xee\xac\xe1\x88*\x12\xc8Ra\xf8\xc0\x9c\x1e\x0f \
N.2\x00\xcb\x9b\x9a\xf6\xe8w\xf8T;\xdc\xa7\xe1\
\x09\xd9\x9b\xc5\xea\xdd\x19\xed\xde\x84\xb6t\x0d\xec@\x97\
\x1e\xa2Z\x08\xad\x02\xfd\xa9-\x85\x88_l\xc5\xdd\x8b\
\x95\xb9\xfe\xf0\xd8\x8a\xd1\xef*\x0b\xcb\xda\xb3q\xc8\xc2\
\x8c\xf93\xc2~q\x02~\x08\x19\x92\xb0\x18\x8e\xd07\
z}\x02, \x83X\xed\xd9X4\xde\xa4\x94;J\
\xbd\xeexL\xf8{AP\x10QA-=\xd0F/\
[\xa1YV\x0b\xceSJ\xbf\x0d)\xa8M\xe7\xc0%\
\x9e\xd3F'\xf0cx\x1c\xa4h\x9c}\xac\xf5\xf4\xc0\
\xf3\xaf\xfd\xbd\x08a\xe9I\xd8\x9e=\xed\xeb\x83\x109\
#\x03\xd6\xaf\xb9\x0e\x95O\x9d1\x040T\x13a\xbe\
\xb6\xf8\x0d\x0e\x98\x18\xda\x85\x9fTF%\xe9\xc0\x0e\x8e\
#G\xa42\xff\xa6\xbc:o\xe5\xa6\xd6F\xbf\xd6\xc7\
\x9f\x82\xf3\xf3\xdajy\xfc>\x09\xadD\x1f\xcb\xd7W\
\xb5\xb1a\xb4\xb4h\xa1L\xbf\xe9\xd2\xda\xac~a\x01\
U\xa5\xcf;T\x1dz]\xed\x19vxaxG&\
\xf8\xbd\x94\x09`\xc5%P\xbb\xdd\xa8\xb8\x04z\x0f\x1b\
\x1a\x95\xb0g\x8fWT\xc2n\x96\x14w\xceH\x02\xec\
\x9f\xfe\xad~k\x0c!Ey\xfa\x22Y\x06\xb49\xfa\
\xf0\xbc\x91\xdb\xce\x17\x171\x0ar\x1d\x19I\x05\x8c\xaa\
\xfc8\xa8\x15W\xbcS\xdd\xe1\x08:\xd2\x08h\x8d\xda\
\xb8\xa6/\xbfj\xde\xce\x06\x1e5_w\xccl\xdcA\
)\xbf\x5cQ!\x00\xfe\x09\xef\x00\xa8\x13\xe5\x97\xf3\x0e\
 \x0a\xbbaw\xd7\xf6\xb9\x11\xa9\xe4o\xf6|\x83\x84\
\xb8$\xfc\xd8*\x8fz4e\xf1\xac\xe7\xc9\x8a\xd1\xc4\
/|mp\xe9\xfa\x97&\x92\x1f\xbe}\x1dm\x9b\x94\
\xb4g\xfa\xf3e4\x7fc\x01,\x1c\xb7\xb3->\x05\
\xa7\xda\xf2\xee\xae#\x0545,\xdaakD.\x10\
\x02e\x0c\x80?\xcb\x8b\x19\x10$N\x04{\xcd\xabR\
\xfe(\x9fN[i\xef\xfd\xca\x117N\xa6\xa2\xe0o\
j\x15\xdc\x15\xc0<b\xe58SI\x96P\x18\x13\x0c\
\xf2F\xe38!y\xdcoB\xe3\x02B^\x00\xa0\xc1\
DD\x8e\xb0'\x88\xa5\xa0\xd1\x0e.\xa6\xe2e\xc4y\
\x98\xde>\x06\xaa\x05\xb7\x19e\x9a\x00q\xbd\x9f\x82\xd2\
)\xba\xfb\x88\xec+\x98\xa0W\x82\xd1\xc2Ug\xe6t\
WSQ\x8d\xa4\xeb\x98,\x88\x066\xf7s;\xeaL\
\xeb\x0bH\x80{]Z,\x22\xf6U\xbb\xd9[\x99\xbb\
R\xbe\xfdH[\xbd\x8bX\xda\x83\x19\xe9\x1cW\xe9\xfb\
\x0e\xc9\x13\xfa\xf0]l\xd2\x18\xd2\x17\xaeq\xbf\x97\xc5\
\xb4\x81G\xa5\xc5{Z\xff\xa4~\xe3E\xf9\xc5\x9c\xd6\
w\x99i\x00\xa8G\x08\x0c\xc7\x03\xd0\xef\xach+\xa3\
h\x18\xff\x05\xbe\xef\x13}\xe4[\x88\x8f\x07\x83\xd3I\
x\x9f\xb8\x8dC|U\xf3\x7fA\xdf\x137K\xabW\
!\xb8\xf2\xd2\x9d\xf2\xf3I&\xeb\x22\xf0w\xf3\x8fH\
\xb6\x88\xf2\x8d\x17\x95\xb9\xaf\xcb7q\xfe\xb1\x85\xd7 \
,M_\xe4\xfes\xdf\x91\xc3F 9^\x88\x11\x22\
\xc5\x10q\x0bu\x1d\xde\x07^'F$\xae\xc7\xa70\
<z\xce\x09\x91\x9dR\x00\x22:\x96\x00\x18\x08\x1e\x18\
\x0b\xe3\x1d\xdc\xe2\x1d\xad\xc2\xb5&[\xf7DpZ\xda\
\x88\xd7\xd1<\xfac\xcb\xf5H\x83\xe9\xc0\x98\xefH\xf1\
\xb9}r\xaa\x0bg\xd0s\xf9\xd50\x90N\x13L\xf1\
\xc7\xa7I\xeby\x1cF\xb7\x1f\x80\xc8\x9e2\x00\xd8\x1d\
\xcf6\x86h\xf5\xeb\xf7\x99\x01\xb0\xdf\x11#\x83\xe5\x95\
G\xdaP\x0f\xd7\xa4\xa0q\x9d\xe4\x8d\x81\xb5q\xbfE\
G)\x87\x84\xc4\xf3\x19a\xef_\x13\x04m@\xe0m\
r\x8b\xcaIJpK*\xd4\xf4\xb0\xd3\x1d\xb6\x9f|\
\xe2\x93%\x03\x9d\x85&\xb7cf3B=\xa6\xf2\xc4\
G\xaa\xb9\x19Ri\xfc5\xf1\xbbz\xc6\x97\xd0\xa7\x16\
\x88?\xe0\xd8\x83\x04n\xf0\xb7-\xb0\x04\xbfk\x8e\xe8\
{\x08\xeb{P\x92\xb3\xbc\xe9\xcf|LLu\x1d\x0f\
M\x1c\xea\x04\x96\x90\xf7\xd0\xfalj;/\xd8\x00\xc5\
\xa2\x13\x18C:\x18\x8bm\xd3\xf5\xadJ\xd7\x8f\xf0\xdd\
\xa0\xca\x14\xe4FQu\x8f\x067\x98\xa6\xd7F\xb0\x99\
\x14\xfdfQ\xbb7G,\x0c\xe5\xa5\xb5\xf2\xc3A\xae\
)\xcbw\x9f<GF\xd6\xc6\xb1\x90\xc7\xac5\x13\xee\
\x03D\x1c\x0b\xb9\xb4\xd0)\xe6\xa2\x04\xac\xd6\xe0\x13\x0f\
\xb5\xaa_ght?\x15\xaf\x11\xc2\xbbMq\xb7)\
n\x00lS\x5cF\xa0).8\xc9\x00Z7\x8e\xe4\
\xbaZ\xdcx\x9ak\x0ea\xd3\x89\xae\x99DnN{\
:J\x88.Di\x9eT0\x1da$\xbb\xe6d\x8e\
\xec\xdf\x18\xcaK\xf5\x07\x89\xe8\x8e\xecOl\x13\xe1m\
\x22\xccZe\x9b\x083\x02M\x84\x0f\x08y\xb5\xabq\
\x14\xd8\xde\xdc\xc6\x93_\xdc\xff\xe6\xd3^\xf2\xa2\xd8\xab\
g\xda\xd2\x03B{\xd30.f\xba\x8bg\xb11$\
\x97t\xb5Me\xb7\xa9,#lSYF\xb0\xa8l\
;\xe4\x8f3\x12\x924\x88\xd2z6\xb9\xc1\xd4\x96\x1e\
\xc3&R\x5c\xe2\xe9X{\xd4\xf7\xd6\xcd\xf2\xcaU\xed\
\xc9\x14\xd7\x84\xf3\xf6\x9d\xb4|g\xe3j\x8fS\xd4<\
\xb7\xa2\xf6\xd8o|\xdb\xdac\x1bl\x13xF\xd8&\
\xf0\x8c`\x11\xf8\xa3\x82\xdcy\x18\x9d\xca\xc6\xd0vg\
k\x1bL\xd6\x8d\xee7\x9f\xa2\x17\xe7*\xdf\xacV\x16\
\x1e\x94\x97{\xf5\xc9\xfb\xda\xda$\xa2\x84hl'\x11\
\xfd\xab\x9f\xa8\xe7\xc9,\xb70Y\xf7\x1f\xe16a\xb7\
\xc1{M\xd8\xc3\x83\x9cC]\xce\x8c\x0c\xb1\xcf\x96\xb5\
[\x83\x86_\xfc\xab\xe7\xa5\xc5A\xfd\xf9\x00\x8e\x0e\x19\
\xd4'^\xbf-\x0e\xd1\x8e\xe8o\x8b\xc3$\xa5\xb7>\
3[\xbe1_Z\xbcD\x9c\xe8C}s\xfc\xfcr\
\x88s\x10\xddE\xe5\xc5lyh\xbe\x85\xa4X\x07\x87\
\x1dl\xcbG\xcb-\xe4\x14x\xeb\x84\xa5+\xf2,M\
iq\xc4\x9d\x8b\x5c\x1bx^\xf9\xf6k\xec\xf4\x1f\xd5\
'\x8f\xf6\xfd\xfcy\xfb\xe49V\x82\x85*\x89\xa7s\
\x92,\x1c\x10\xa3Z\x15k\x10\xaa\x94\xa8ua\xbe\xf0\
\xd2\x06\xcf\xad\x80B\xb8:\xfb:<\x14\xd8\x84m\xf7\
A\x13\x22\xe1F]\xe9\xf3\xac\xe4H\xeb\x85F\xff\xf8\
Gt\xf4\x09x\xe2\xd4\x09\xc6\xc1\x00\x87\xf1\xe9\xaf\xf5\
\xc9;\xf6\x13\x12\x17\xf3X/\xc4\x0d\xbc\xc9\xd8\x9cN\
\x09Y'\xd3\xa7}MMj\xe9\xf65\x0dov3\
\xdc.Y\xca\xd7p\xf7\x83u#\x82\xbf\xfaUt\xec\
\x85\xe7\xadX\x05\xc4\xe0W\xef\xbd\xc0x\xb1\x80yT\
p\x00\x9d\xaf\x89\x05A\xed\x99\x80X\xe2+@\x0c\x11\
\x16\x80!\xecj_>\xef\x8c\xbaB_E\xebf\xa3\
\xa5U\xaa\xcf\xe8\x12+\x80Q\xcb\xda\xd2\xe3|}\x82\
+\x80)\xbcz6\x1aG~\x05\x88%\xc3\x02\x80\x1c\
K\x8f$z\x0b\x8d\x11g\x01\x1cI'\xa37P\xaf\
pe\xb5\xd1\xc9g\xc5\xccyt\xb9\xb5#\xee[\xca\
\xf0\xca\x0e\xee\x88\x94\xe3S\x12<m\x9a\x93pph\
D\xf9\x11`\x83\xb8\x1c\x1a\x18\xa5\xaf\x08E7FP\
s\xc8!V\xd0\xd9\x96\x149\x18\xa8m\x1c\x91\x83\x8a\
\xb4c\x927\xceu\x89\xaa\x00\xa9\x8c>\xcd\xa9\xb2\x18\
\xd5;\xbd\x06\xa1R\x87\xb3\xa3m\xd9\xe3\xbd\x95=B\
\xf9\xb7:\x91*\x9c\x8b\xf3C&\xf2rh<Q\xc4\
:9Dg\xf3s\x93F\xa22\xb7l\x8c\xads\xa3\
\xa2\xb0\xb7u\xb2\xb6\xf5\xe0:\x00\xe8\xc7\x1eOiK\
\x0f<\xf5c\x10\x13\xb76\xa3\x0f]@b[\xa5\xef\
\x05\xc2\xa2]{\x98r\xa9\x9a`\xb2t\xbb\x22pm\
\x1b\xc0r\xbf7\xc6!\xaf\xdc\x09\x1d\x11\x9e\x97\x88\xf4\
\x86\x0c\x0d\xec\xcf\xff\x85\xb5\x00A\xdbf\x9e\xd2\x88\xbc\
\xbb\xd9\x84-\xd7i\xc46\xe8\x87q\xa2\xd4\x8b-7\
8\x13\xc4\xc3\x1b0\x90\xdd\xb1\x01L;c\xc6mW\
\x1b\xff<L;@\xbd$\xcf\x84\xba\x9e\x071!\x82\
\x14\x01\x10[}\x01P/10\xc1\xf5\xfc\x05dP\
\x82\x8c>\xe4)\x81\x0f\x13\x9e\x8f[\xd8w\xf0\x04/\
\xe7\x98\x99O\x1a\xac$\x0a'p\xb6SO\xbdA\x0c\
<7/\x1a\xafv-\xd5AD\xdd\x0f@l2\x00\
@2\xa2X\x03\x8a\xd7H\xe3\xb4\x08\x00N\xea\xe4\xb1\
\xf5\xf0n\x04d\xd6\xc6\xdc\x00X\x88\xdd\xa5\xe3\xf5]\
O~zW;qr\xd5\xd3\xe0~\x96\x00\x08\xc1\xe7\
\xb9\xd8d)\x22%\xd8H\xc2\xe1\x91\xbb\x5c\xc1Y+\
\xed\xce\xc1 \x92x\x96H\xc4\xb8\x1c\xd6\x8dX\x19\xe3\
\xc2\xf8\x8aS\xbf9\xc8\x95\xe1T\xd1xr\xd5!\xa7\
<\xa9U\x0c,\xa6\xa9\x95\xa3\xd9M'Vd<[\
\x91Vy\xee|\xa2F\xa7\x12\x95\xb5\xb1\xca\xecPx\
\xe2i?p\x12\xa8\xff\xd8\xa6O\xac\xd00v9'\
\xa9\x02\xc8\xcfqhN#.\x98M\xf0\x032\xc1\x22\
\xd3\xb0&\x94\xe1\xae\x01\xac\xed1 *\xb1Y\xed,\
\xdf-f\x0bY\x83\xdb\x0e|\xbb\xdc\x0b\xb6\xa8\xa6=\
\xe2OA\x19\x8a\x1d\x89\xe3v\xb5E\xcb\xdf\xb9\x9d,\
n;Y\x1c\x0du%\x8b\xb3\xa1\x1a\x83M\x08\xe7\xe0\
}h\xcc\x0d\xa1\xeaQI\x11\xe1]kAF\x98Y\
)\x0eUgn\xd9&n\xa5\xb8\x0dh\xb0\xd6\x06W\
Z\xbc\x0fy\xbe\x9e^\xaa\xf6\x0dkO\xc6\xaa\xb3\xaf\
\xc1\x8d\x8f0@\x9c\xf6\xec\x96^\x9c{\xb72\x04y\
\xbd.Lkc\x0b\xda\xe8eme\xd4L\xac{#\
\xb4'\xdb\x96h\x0b\xaf)F\x99\xea\xa7<?[\x1e\
\xeb\xd5n/\x95\x96FL\xb4G;\xd3)\xc8\xb2\x90\
&\xb8\x1f\xda\x13Z\x1a\xabm'\xb7f\xbc_\xd4\x8a\
sw\x0fi\xa3\x0b\x95oVK\x8b#\xfa\xd4\x1b4\
\x19s\x10\x95\x8b\xcf*\x97\xbe&/\x19\x95\xc7\xaf\x97\
\xaf\xaf\xb2\x18\xeb\xdeK3\x9d\x89\xfc\xe4\xa1\xees\xc1\
g\x9f\x06[\x8eR\x82\xc3\x8c&>`\x08!\xf0{\
\xfdl{V\x0f\xdbF\xbdM0\xea\xd5\x8bR\xd6+\
\xb9\x8c\xef\xe3\x22\xe2S\xbe\xf0\xb42\xf0\x9c\xbc;P\
\x99}H\xde \x00'i\xfc0\x1f*\xf0\xb68D\
\x1c\xa6\xdf\x16\x87A\xf0\xc0o\xcd9\x1eo\xab\xf4}\
WYz\x8ch\x91\x91\x96ll\xa4\xbcR\x04s\xdc\
\xcd\xefHZY\xd4\xd9\x9c>\xb0\x06o\xdb,\x8d\x22\
\xeaQ\x05\xd21LJ\xef-?Z\x22\xbe\xcf\x90\x01\
\x11\xbb\xcb\xed\xd5z^\x95V\xaf\x9a\xed\xc46\xdf1\
\xf2p\x1b\xcc\x0e\xc7t\xe2\x8f\x94\x9e\x9f\x86M3\x19\
Z\xc4d\x03m\x85\xb1\x8f\x10\x80\x8dM@T\x0f\xed\
p\xd2\xbc]_\xccU^\xbc\xd0\xe6oU\xaf\xf7\xa0\
\xa3\xa5\xcd\xbf&&E+\x99>c\xfb\xdaZOu\
v\x19z\xa1\x1a78\x90T\x97\x98I\xa3q\xc3\xc4\
\x8d\x9fB\x19\x11G\xf3\xde\x1c\x8e6\xfa\x9d6?]\
Z\x1d\xb6\xc4/\x1c\x1f\x03/\x1fbn\x85\xf9\x19C\
\xa3\x17z\xe8\xd8\xa3U\x1b\x1d\xd6\xa7\xee\x00O0w\
\x814\x09\x0fv\xf4O\x92\x9c\xf3zq\x99,V(\
\xb3\xe3\xe8\x07\xad\x8bmQ\x90L\xd1\xa3\x8d=&\x0f\
H\x98C\x87\xb7E\xacyu\xf2\x19\x85pE\x98\xf0\
\xb6\x80\x0b-aX\x22u\xec\xd3\x1cWZ\x1eF=\
sv\xce\x08\xb8!\xcc\xf0h\xf7\xa6\xcb\xf3\x93\xc0\xe6\
Q\x0bAf\x1e\xdd\x9aL\xadq$\x7f\xc0m\xcbr\
\x0d\xea\xd5\xcf\xb2s\xa74\x80\x92\x11\xcd3Z\xa5\xee\
\xc8\xc6\xdb\xf3\x91\xfd|=h#\x12\xd4\xa2z\xb0Z\
\x0cuD\x0b\x16\x10\xd7\xef\xbf\x07'\x0b\xf2t$\x0e\
],_X@\xe8m\xb8c\x8c\x0d\xa3\xbf-\x1e\x06\
\x92\xcd\x93G\xab1O\x10\xd1\x94\x10\xd7'\x00\x00{\
\xc5\xe6:%\xd4H|ez\xac\x0b\xc8\x84\xb8\x06}\
\x00\xb8d\xc8\xda^z\xa9\x17/\xe8C}\x88a+\
\x83\x86\xc6Xs\xc2\xf9\x0d\x91\x07\x8f\xf6\x22\x060z\
\x1fuYj\x00\xccwN\xe2\xd56id\xcc\xea1\
\xdd\xe4MpYk\x8c\x10[O\x13M\x5cI\x0d^\
\xb3j\xaa\x9f#\x8d\x10LNC\x83\x9e\xf1\xa5!\xa2\
\xae\x9d\x8c\xa2\x0eS\x8fS\xe7\x0e)\xdd\x1ah\xd6\x8d\
a\xbe\x07p\xe3N\xb7\xa8\xa8u`\xc9'aX\x12\
&\xe5\xc6\xc4\x10\x80-\x80\xa1u;\xc8\x004\xc4I\
\x06 \x06\x8e\xd7MI\xeb$f&)\xdd\x19\x93\x96\
Z*\xe0\x8e\x94\x94o\x98\xa7\x0b\x80\xeb\xa8\x88\xca\xfe\
\x82\x98Q\xc5\x9073\x83\xc0\xcb\xe7\xa7.\xfc\xa7\x0c\
\xb70\x7fb\xb7U\x85l\x9e\xc5`_\xdf\x09\xac\x8b\
:\x02\x10c\xb8\xb9o\xf1\xdbi\xacA\x1c\xc0I\xbb\
\x1b\xb0\xf3\x00\xe0\xf6\x83\xb5b1M\xe7&\x84\xed{\
\xc2x\x19\x1a'\x9e \x0f{\xd7Ae\x1b\xe5Qd\
\xb5U\xaf\xd5\x1e\xc08\x9c\x89\x7f9\x88!\xe6\x82\xc6\
\xa0\x97\x9bAbk\xf1\x12\x8d\xb9\xb7\xb7\x0a\xc9>\x22\
*\x0a\x922\xd6\x81h\xbb\xf2\xb9l*\x89\xab\xcds\
\xeb\x11\xb9\x04\x91q\xeb\xa0H\xdb\xf4\xa1\x8e*\x11\x8b\
\x1b:\x8c\xa5!\xa2\xc3\xa0\xf3\xc9\x98\x81\xfe\xfd\xfa\xcc\
}\xb0\x87\xf8XH\xdc\xc9]\x22D\x9a\x18CPT\
^\x15\xf6&\x0a9EP\x13\xdcO\xbdW8\xcb\xd0\
\x02YZ\xec\xa6\x16\xb0\xb3X6\x1b\x18u\xec\xfer\
RNHp\xb8?\xda~\x13\xb79\x88%2\x9a#\
\x86\x1e\xe3i,P\xd9\xd65D\xd8\x18<\xe3\x04=\
\xcc\x04ya\x1b\x16h\xe9ne\xe0y\xe4\x85\x88M\
\x8c\x1a\xa2\x11\xf2roE\x98\xf4\xa9\x85H\x1d\xb0\x02\
\x84\x0f\xc1\xab\x10\xbd\x0b\x83 \xd9\x16-z+\x8d \
Gu\xa6\xb9\x02h\xdcE\x14\xdb\xeeFCt:C\
\x9f\x12\xac\xbas\x1c\x11x#:R6\x11\x1a\xa2d\
\x16\xa1a\xc3Q\x19O\xbf\x0e\xfd\xe9Gq\xd8\xc5\xe8\
\xb9Ah0l\xa3~\x93\x8b\x9a\x16\x84\x86\x06\xa4\x08\
\xa1\xc1\xe4Cc,\x92\x09\x9b\x9d\x01\xd3\x09\x9b\x91c\
\xc4\xa3\xffx\xf9Fh\xb0\x98t\x849^\x0czL\
\xde\x1f\xa0\xe6\x98\xefh\xdbr\xcb\x8f\xc9\xfc\x03\xd4\xcd\
\xb2\x03\x10\xb6\x9d\x8c\xae\xbe\x96\x1a\xcf\xb6\x03\x187e\
\x12|\xb6\xeaHXBC#\xb9x\xab\xbdu\x8a\x89\
\xa4a\x93\xe2#M\x88!!\xc4\xac\xb6~\x82\xc5V\
\xce\xbcB;q\xff\x9c\x92\xaf\xd8\x9d\xd7\x99\x9d3\xd7\
\xd71\xd3\xed\x94\xa9\xcf\xccn;e:`+eZ\
1\xfd2\x17\xef\x83g88@M#\xe9s/\xf8\
\x04\x0d?\xe3Z8\xfd\xd1\xf5\xbd\xa5\xc5'\xe4Cu\
\xf9\xe2\xde\xd2\xea\x08\xfa@\xdc.\xb5\xd1\x05\xfd\xc6\x1a\
b\xef\xdf\x16\x87\x09\xe3O\x1c4\xb5\xcb\xabPgl\
\x04\xdc\x8c\xb0\x08P\xb9\xf8L\x1fg\x15\xd6\xb6\xbd$\
=a+\xa1M\x84\x04=q\xa8NxV\x1e\x1b\xb5\
\xa9'\x15\x8f\x9d\x8e\x0eU\x16^\xe9\xdf\x16\xf5\xdb6\
\xdd\x98>\xb5\xa0\x8d=0R\x99\xf7Oh\x97\xeeT\
VW\xb7\x93\xf6\x04\x03\xbb\x07\xee{\x96\xa9G\x1b\x1e\
\xaf\xcc\x0e\x99\xc11\xd3\x8e\x94=$\xa3\x9366\x84\
H(\xb7kO\xbe\x1b!UZPR\xb2\x98\x07o\
W\xc3M\x97\xcbA\xb4\xbf6\xfaC\xe9\xcd\x1c{\xe7\
\xdby|\xe8\xfe\xb6\xf3\xf8\xc4k\xe2\xbd\xce\xe3\x93\x8b\
\xe5 \xd5\xb0\x1c>\xf5X\x9e6I\x10]\xdf(\xe4\
\xa0@M/\xd8\xac\x80v\x9a\x04\xff<\xe3\xda\xd7-\
aSL|jL\x9c\xfdfd~\x8a\xe1\x15Q\x8f\
GD\xcd\x81M8\xdb(O\x08w>\x17\xe1\xac \
\x8b\xea\xf9v\xf8!6r5\xd2\x1d\xb7\x01iT\xc8\
\x82\xc5ka\x9d\x93\xa8\x18\xcb\x1d\xfd\x81\x1e\x13\xb6b\
\x1a\xa7:\x9c)\xde\xaf\xbcM\xb2\x90\xcf\xf0F\x12\x9c\
x\xab\xb6\xd9\xb4\xe4\x18\x99A\x83\xe9I#|W\xb7\
&)\xa9\xad\xd7\xd6!'\x09K\xff\xd6\xa0LK\xdb\
4\xa4\xbe\xa2\x9b\x94\x10'\xe4+\xea\xa3\xf1\xa7ef\
i1\x03\xefi\x0dF\xb58\xa0\x0f>\xd2\xae?\x84\
\xc8U\xac\xea\xd2\xfa\x9f\x92b\x10\x94\xf5xP\x1b\xfe\
\xa1|\xed\xb6>\xdeoy(\x1d\xcd\xf0j\xa7$g\
\x93\x10LM\xb4<\xf4q\x83#\x94\x91\xf84$`\
\xe5q\x1eF\xa5V\xb0VL\x15U \xb3\x092\x00\
G\xf6\x09\xd7Hh\xed\x1b\x84\xce\x10\x9d\xaa\xc7H\x92\
\x9f\xe7\x85\x1c|\xac\x95\x07)\x12}\x83N\x22\x22\xc1\
_$\xfes\xdf\x91\xc3F\x88\x1f\xd7\xf4a\xf2<\x9f\
\xcdp\xe8\x9fl\xa69\xb1\x83K\x90`\xde\xda\xcf\x1f\
6'(]\x95\x94\xdb\x97J\x09y\x15\x1e0tP\
\x98\xb3\xbc\xccA\xde\xd9\x0eU\xe6\xf6\xfa/\x00\x0e\xfc\
I\xaa\x12*\x86D\xeb&\x87\x1eS\xec\xe4\x9a\x8cF\
\x92\x8a\xca\xcb\xaarBT\xbb\x9a\x12P\xa9\xad\xa5\xa5\
%\xd1\xdc\xecE\xd9j\xfd\xa6\x91\xc8\x90\x16\xfe|\xec\
P\xbb\x94\xcdK9Dsj\xed\x15N)\xa4\xd3=\
\xcd\xcd\xbeH\x03\x80\xd5t\xed\xe8\x98C\x06$AN\
\xc2d`\x06\x07e\xc8\x03\x84\xc6c4\xd9\x1c\x88k\
\xc4\xeb<\x1c\xd7V\xaf\x82s\xe0\xab\xfb\xa5\xd5\x9b\xd8\
\xc8W\x17\xd2\x1d\x17\xb2\xf9:Q\x8e\x8c\xfb\xfdD9\
\x8f\xe9\xbf\xcf\x08w\x5c\x82\x09\xb1\xa1\xdb^\x0b8#\
\xed\xc7H\xaf6\xfa\x5c[x]Y\x98\xd1g{a\
\x8b{\x9e\x95\x96\x1ek\xc3\xe3\xa57\x83\x90\x02\xacV\
\x85\xb4\xe2\x8dV]\xa2\xa2J\xf2y?d\xa2;\xe3\
~*^\xe3\xc08{N\x92\xcf`w\x06jR\xd6\
w\x10\xf6\xd7\xe4\xfd\xf8(B$\xb0z~F\xba<\
\xa1\x1cJS\x93F\x1c)\x9fq^\xba\xe1\xac\x86\xc1\
\x05~Lg\xc02\xb9\xca\x8fi\x8d\x0e\xda\x7f\xd06\
\xa4\xf7\x17TU\xca!\xc45\x10\xa8=#)\x02m\
\xab\x87\x8b\x84,.\xceX\x0f\xd6\x95\xa1\x01tf\xaa\
\x93/\xb4\xe2\x15\xec\xe7K9\xb3\xe6e)/\xc8\xea\
y\x8c\xae\xc6b\x1eF\xff\xb4\xd9\xac\x00\xd0\xe6\xc2k\
}\xe1\x1ay\x09\x1c\xb6\xed\xd9,j9U\x90a:\
-\xd8\x8c \x15\x94\x16\xa5\x90\x05V\xb3EE_\xa7\
[\x92\xc9\xa4\xad3#eF\xd3\x97_5s\xfa\xd4\
Hyv\xbe\xfch\x894\xa6=\x99\xac\xce\xdc\xad\xf6\
\x8d\xa2MB\xffU\xbe]\xe4\xbe\xfc\x8a+\xadLW\
\xee>\xe6\xfe\x84\x0ehe\xee[\xfd\xd6Xiq\x09\
\xaa\xccLV\x16\x9eh\xa3\x88*\xad\x91\x8cY\xe8\xfb\
Z\xdaV\x9f\xd9\xa5\xd0\x19\xe0eQ\x91\xd06\xc0\x10\
l\xe3\xaa\xbc\x1c\xd4.\xad\xe9\xe3O\xf5\xe1yz\xc9\
\xf4'\xdf\x1a\xae\xd1onp\xc7aV\xed]\xe8 \
r\xe5\xe5)\xad\xff\xa5\xffR\xe2\x05\x00\x01\xc5\xb5\x90\
\xa5\xe5e\xfd\xe2hi\xf1\x9e\xfe\xfd\xac\xb1\xa8\xd3\x17\
\x11\xd1+->!\xfe\xdeb\x9a\xabm\xdd\xcd\xa2v\
o\x9a\xdb\x85\xe8\xf5w\xfe\x9d)B\x06IUB\xba\
\x03U?\x94VH\x97\xf6\xdd\xeb\xefC\xbc\xa9~{\
\x0cuj\xbc\xe9nvJ\x22\xbf\xad\xbeJk3\xe5\
\xf1\xebf\x8fC\x95\x97=Z\xdf\x12Z\x8b\xf2\xdcr\
\xf5\xfa=TF\x9f|dT\x9c\xbeh\x1bRg!\
\x97\xc2J=U:\x8d\xe4\xbb\x0e<\xa8&\x05\x8f\xc9\
E\xa7`\xd8\xbc\x0c4\xcav\x82\x93\x8e\xa9$\x15$\
\x0f\x09N\xba\x08\x95\xc5t7\xaa\x8c\x9aH\x8ah\xdf\
\xbb?\xef4{r\x93P(\xfa;0Kz\x11K\
hA\xc9\xe3^P\xb9\x1d\xdcN'1\xe4\x04H\xeb\
\xe1Q\x13\x9a\x86\xda\xa6\xbel/\xb7\xab\x994\xd7%\
v\xaa\xce1\x9b}\xe5\x0bJ\x97\xf7P\x1dd7p\
]\xc8\xd4m$\xd7\xe3\xb4Z\xfbD\xb0\x8dl<d\
\xc4{\xfa\x0dI*\x03\x07B\x80&\x15\xae##A\
r\x12\xe3\x80\xf7^\xd7z\xeeS'\x86\xd3\xee\x0d\x83\
\xc5\xf5\xf2T\xe5\xc1\x05\xc4\x08x\xec\xba\xd9\x9a1\xd0\
&\xd7j\xc3z\x05o\xb6\xb1\x92\x90a\x19-\xa5,\
\xa8\x059\xe7\xde\xf9s\x88\xf0\xc2\xdd\xc6H\xa3\xdd\x0d\
\xc8\xfc9T\xdf\xeb\x16\xa0W\xa4\xc9\xbd\x7f\xd0\xf3\x8e\
\xe0\x8d\xf9\xa2\xf5oa%v\xfe\xcd\xb1\xf1\xaa|\x9e\
\xfb\xd2Q\x89Z\xfa\xbd\xdc\x1f:>\xffc\x12}T\
\x84&4\xf6f\x84\x93)^MuqMBsp\
EDB\xbf\xf2A\x12#-\xe5!U\xc8\x06\xd8o\
\x19L\x96\xed\xe8Rr\xda,\xe1;{C\xeba\x98\
\x0c4>z\x19\x18\x8f\xa4\x9dNma.hl\xd6\
B\xb3T\x16[\xf2\x14\xef4\x9c\xb5\x1c\x96\xbb\xbc\x5c\
\xeb\xecIS\x89\xdb\x0e\xb9\x94\xb4\x1bo\xd0\x89\x0bL\
\x89\x1a\xaaT\x8bbq\xb0\x94lv\xc4\xb2n\xb4P\
\x03A\x83\xed\xdc\xebi\xd3f\xb2_G\xb1U\xdb\xdd\
\xa3\xdb\x08\x1f@\xb0\xcc\xed:\xed\x9f\xcd\x94\xd55R\
L\xdb\xba\xf0/\x18\xcd\xec\xedF\xe8\x00u\x14\xfd\x22\
\xac\x7f)&\xc5\x9f\xa9L\xa3\xb0?D\xf9\x14\xd5\x9c\
\x1cI?\xb6\xcef\xe2\x00\x0d\x13\xc5i\x86,Y\x1c\
[\xa2w\xc2W\xb4x\x1f\x85h\x1dS0\x22\xc2\xd5\
\xfa\x10\x87\xe0\xfaY\x01\x89\x9c)\xb4\xc3Y\xb8\xbf\x84\
\xf4I\x90d\x95\x90->\xcbg\x0aBG\xa1\xb3S\
\xecn\x0b\xb4\x16GR\xcb\x85R`\xccAY\x0c\xcf\
&\x90\xdf\x0f>h\xf2\xbd\xda\x7f\xf5+\xdfk?i\
\xc8`>Nx\xdb\xc4\xb9F\x9cS\xd9\xfc\xfa\x92f\
\xab\x83\x7f\x16\xc2L\x1d\x8a\x9f'afZ\xad84\
\x99\xac\xb0\xef\x81\xff\xc4);\xb9\x0f<q\xa6i\xe6\
\x82\x89$@T/\xd8\x0dr\x95\x89\xec\x8e\x1d\xb0O\
5\x95NHB@f{t\xddt\x19\xdf\x91!\xae\
\xd1&5\x0b\xb1'\xb3\xda\x9d\xcf\x99\xd8\x87z\xc6\x98\
k$r\x0c\xb7,\x1b[\xce`\xa8\xc5\xda.\x97\x1e\
\xc7\x86\xba\xc1K\xc2\x80\xb0\x00\xa0>PI\xa0\xaf~\
\xed\xb56q1a\xaa\x08be\xd2\xa3\x9b\xbb\xf0R\
\x1b\x9a\xf0l\x8e5\x0e\x9cj\xad\xfa`B\xff~\xd6\
\xb35fC\xbc\xbbj\x84c\x14b\xd7d\xb6\xc0[\
\xb2\x05\xae\x11^>\xbe]\xbd\x0e\xdaG0\x88\x99\xf2\
\x01\xc41\xb5G6\xab\xd7\xf5ZQ\xa3L\xcf\xa1<\
.e'\x08dp\x03q\xc6\xe4\x0dpc\x95\xf9\xa7\
\xda\xea\xb8\xcf.\xb0\xf2\x04L\xab\xbdN<\x80\xe7\xb2\
\x85?7\x13\xe5\xca\x8f\xf4\xcc\x0c\xfd\xc4\x8cOs\xe8\
l\x84\xbd\x84C\x99\xca\xcc\xe2\xfe\x85\x8dp\x11\xfb\x99\
\xa3j\xd7\xcbq\x82\x19\xe8\xd1\x92^\xbcP'\x9b\x15\
\x8f\xe08\xd5[\xe6z \xdc(\xe4\x08\x0d\x0f!\x08\
\x06\xc2\x93\xa0%\xda\xc2\xd8`\x96x\x03\xd8\xae\xc0(\
\xdf\x18\xf1=\x06\xc3\xe1\x5cZ\x86\xe4\x1f&K\x03U\
\x8fI\xe7\xbc%\xb2\xbaV+^t\xcdFD\xd4D\
\x8a\xa2\xf1\x13x\x83kE\x8a\x971\xa9\x05SN\xeb\
x\x015\x91\x04Y\x13j*\xf4\xd6\xb0\xf9\x02x\x1a\
[\x89{\x09q9 \x16O\xf4\x8d\x87\x81\xd5\x0f\xda\
\xbb\x84\xd4\x99\xfdR7\xab\x0fc\x0a\xca\x0bNO\x05\
\x97\xe9\xcb4b\xda3\xc1\x9c\x14\xd3\xcd\xd8t\xc9\xd6\
\x97\x94;\x8eM\xaf\xae\xdel\x16Yw\x17l\xad\x83\
Y\xf1\xd5sX\xbf\xe5Y\xb2`\xa5\xc5k\xc4AH\
\xbf\xf9\x1d|?\xf9\x92\xe4\x09\x87\xb7Yp\x02\xad*\
Z\xe0\x9e~mtB\x7f\xd9_Z,\xa2*l]\
\x19I\xb2\xdb\xcc\xd5\x03\x06\x8f\xc9t\xf8[\x96t$\
\xa1\xa9\x0d\x8c\xd9\x12\xcb8\xbcx33\x1b^!\xb2\
c\xb3q\xdc\x19\x13\xeaX\x89XH:%\xe3\xb5\x87\
\x0f\xb9\xd6$cJ~v\x89\xce\x04\xecZ\x80$;\
\x0aaT^-D\x88 \x06\xb1H!b\x11\xf0\xec\
\x19\x01\xedX}b\x9bW\xcb\x88\x96\x08\x99\x8cO\xcb\
\x91\x1f\xba\x8d/\x04\x020\xba\xa7\x9aD\xbcQ\xd8\x1a\
5\x95\x06@=QH\xf4\xbb\x0e\xcc\xd4\xc3\xf6\xa2\xc3\
\xfc\x90\xde?F|l\xe0\xfdGl\xf1\xd1\xc7\x19\x9f\
\x17\x88\xecE^o\xc4\x15a\xf9\x22\xba\xadc\xcd\x88\
\xfd\x00u\x8a9Q\x01\xc3\x07\xaf\xc6\x89}3qS\
1\xc3\x1e\x9a\x12\xc7\xc1I\x91K4\xd7\xbe\xf9\x7f\xf0\
M\x82\xe4\xfc\xf8\x87\xb1\xb2\x9c-\xfbP\xd2f~a\
\x1fB\x047\xedz\xc2<78:\xb3\x9e(:\xc6\
\x15q\xa6\x02\xc5\x0a\xf4-\x8d\xea\x14\xcd\xa7\xb5\xcbu\
 @\x84\x80\x86M\x08\xcd\xac7\x94\xb2\xbe\x10J\xb6\
h\x85\x08L\x8b\xf6fU\xbf\xd3\xb7\x0eL\x0b\xa3\x82\
\xda\x84\xa8\x01R\x06OD\xf8\x0c\x88\x88\xb2\xf4\xd5\xd1\
\x12\xcfls9!\xb0!\x5cNd\xda\x05\x82\xa7\xb5\
\xf7\xec\xd5\xea\x8f\xe8\x8a}\xbf\xd7\x879\x00\xc1\xd8\x93\
 \x8cRD>!\x18o\x12D \x8b\xc7{$\xb4\
{\xcf*/\xeeG\xa8\x5c\x0f\xd7\x10\xf7\xd2\x88\xaaq\
\x8f0\xd6\x0d\x0a\x1b\x0b\xd3\xdd\xebW\x87K\xab7\xf5\
;\xe0\xcf\xeb\xd6r\xc0;i\x8b=\xe0*OB\x1f\
\x02\xbdW\xc2TC~\x1c\x85wi4L\xe2w\x5c\
\x99\x9fE\x0c=0\xf7\xc4k`h\xa0z\x05|\xeb\
\xc9\xaf\xb61\xe3\xf4d\xa4\x98\xaf\x12&\x94\x98\x98v\
\x08\xac\xa3\xc0\x0c/\x93\xca\x00\xb1\xc9-\xbb\x02\xd09\
8\x13^G\x96\xcf\x04\xd8\xc6\xbc\x91\x92\x81?\xf1q\
\xc2\xa4\x14\xab\xa1L\x86\x0f\xba\x91\x00\x12\x96\x85\xa4|\
\xc8\xd7k}\x9c\x1e9\x1f\x05\x88\x09\x96R\x88i[\
\x81\xf8\x054&\xe5\xdaQ\xc7\x1e\x8a9\x97\x1b\xbb\xef\
\xe2z\xff\x00\x0e\xd5\xdc\x97>g\xa6\xee=\xa1\x0f\xf5\
z\xedIg\x86\x0f\xb4H\x01D\xd9\xb7<\x8f\xee4\
UH\x9e\xc2\x93<\x8e'\x12\x81\xef\xf0\xd9\xf6('\
\x01\x80\xda\xf00\x1b\x86W`@F\xe0\xe5\x13\xe6\x0f\
FtA\x9c01/\xf0\x9d\x18\xe2-\xc2r\xb1\xf9\
\xb8aF\xae\xe9\x8e/\x89V\xdf\x11v\xd0\xa0K\xd0\
\xe7c-\xc0\x10\xfd\xf7\x7f\xae\xa3\xf8\x94\
\x00\x00\x0d\x93\
\x00\
\x00o\xe6x\x9c\xed\x5cms\x13G\x12\xfe\xee_1\
Q\xd5\xa5 \xe4\x84m\x08\xc5\xa9\x8a\xa4\x82I%T\
\x1d9\x82}\xe1\xc3\xdd\xd5\xd5\xb2Z\xdb[\xacv\x95\
\xdd\x95\x0d9\xa8\x12\x04a\x0b\xfcF\xce\xbc\xc48\x04\
q\x18\x0c\xc4\x06\x93\xc4\x16\xb2\x1d\xaa\xee\xaf\xa0YI\
\x9f\xf8\x0b\xd7\xb3\xb3+\xaf\xa4}\xb7e\xcb\x9c\xfa\x83\
\xcb\x9a\x9d\x9d\x97\x9e\xee\xa7\xbb\xa7g\x87O$%Y\
E_\xa9_\xa5x\xf6,\xea\x8ev}\xd4\xc1\xd7\x94\
E{$Q\x95%A\xb1}\xf8g\xe6\xbc\x94R\x15\
\xd4ey\xd6\x9fRXF\x8c\xaa\x83\x5c\x82\x83\x07\x9d\
u\xe5,mO\xe0d\xc5\xfa4\x12\x8d\xeeg%\xf8\
_\xe4DU\x89tt\xec\xdf\x8fJ\xab?\x95\x17s\
\x95\xdcoo\xd7f\xf0\xd2\xcd\xd2\xc3\x02^\xff7\xce\
\x8e\xe3\x95\xb9\xe2\xfa,\x1e+\x94f\xaeh\xd9g\xda\
\xe4$\xadY|\x9d\xd3.=\xef8\xaer\x09\xf4\xaf\
\x0e\x04\xc4\xc7cHQ\x19U9\xc9\x0cpzIR\
\x96\x92\x9c\xac\x9eG}d|=\xd5\xc1 }\xbc1\
Z\x5c[\xf3\xb4$\x9fU\x92\x0ck\xa9\xddw>\xc9\
\xa1\xe1\xc6\xf2\x98]\xe5\x0e\xbd9\x98O%=S\xfa\
i\x0e\x91'0\xc9Oe\x8eA\xe5\xd7\xd3\xf8\xee=\
\xed\xd6Hqu\x99N\x05\xa6\xab\xd7W\xf8\x01\x91\x11\
\xd0\x19\x86={\x8a\xfb&\xc5)*\x17\xdf\xb3\x97\xb6\
\xd5#\x09\xa9\x84H\x99o\xcc\x94\x10#\xb2\x83\x92\xac\
D\xfbyA\x88\xa1$#C/\xd5\x87dP\xbc8\
\x10C]\x87:\xaa\x850\xa8?V\x09i\xf7G*\
\x0f\xee\x00_-\x85\xd5\xaa\xa7\xa4\xe1\x86\x0e\x09\xd1B\
\xbd\xcf\xd3|\x5c\x1d\x8c!UNq5U6\xba\xee\
\xee\xa8yp\x1c\x84\xe1hJU%\xb1\xaeQ}\xed\
\xe0a\xaf\x94\x92YX\x95\xc872\x1b\xdbOJ\x94\
\xfd\x84#Qeh \xd2\xf0\x86\xca\x9dS\xa1.\xe5\
\xa9\xcdcI\x12T>Y\xadQ\xc7\xf5\xc6\x17\x18\x96\
\x05\x0eB}\x85\x83\x9e\xe3\x8c|\xbe\xb1\x8e$\xf6\x08\
\xa0\x09\x9cU\xd0\xa2\xf5\x8bf}\xe1b\x1d\xf7\xcep\
\x82\xcd\xe4\x8d\xa9X\xe5\xba\xb1\xef~\x10\xa4h\x92?\
\xc7\x09\xbd\xfc\xb7\xc0%]\x84\xa3\xa4\x94\xfc&#\xe9\
\xe3U\x81\xb3\x7f\xef\x8c$\xc4m\xd6\x8a\x10+\x09\x92\
l6\xc7+\xc7\x18\xf9,\xfa\xc4\xf8\xa9?\xeb\x83\xd1\
\x9d\x94\xf9\x04p\x04\xc5\x1c\x1e\xb8L\x9a*\xa8\x83\xe4\
X\xea^t\x12\xd4\xd2\x93\x82\x96\xbed'\xa5v\xfc\
\xf4!\xa1\x96*_p\xfc\xc0\xa0jSg\x88W\xf8\
3\x02\xb0\xf9=\x1b\xc5\x8f\x0e2JOJ&\x1aW\
E\x80\x9a\xb7\x8d\x05\xd5f\x9fV\xd2Y\xed\xfa\x93\xe2\
\xea*\xbe\x96\xfb\xbbX~\xbeR\x5c\x9d\xa8\x13\xc5*\
\xc0\xe1\xf1\x5c);R\xba\xfc\x0a\x8f\xac\xbeI\x8fQ\
qx\x93\x1e\xaf\x95\x85z9\xe8:P\xf3\xd8\xd7r\
\xf6\x9a\x22\xde\xb8\xa0\xd5G5\xad\x02\xd2\xf0\xdfB\xc7\
\x8c\xf0\xa9\x00P\x95\xd05\x85T\x8f\xea\xbf\xbf\xe8\x81\
\x02\xc0\xbe\x1a\x0e\x02\x9c\xf2\xac\xc3\x0b_\xd7\xbd\xe0\xbc\
\xf8:\x13\xf0\xd5\x0c^|e'\x02\xbd,Y\x92\xaf\
yn\xb89r\xc0\x0a\x04C\x9c\xc5\xc3\xaft\xd4\xbc\
\xed\x80\xe8&\x0d\xd3\xf1n \x8c^\xd0P\xcd\x16\xe3\
\x1d\xb8xm\x19TH\xbbq\xa7\xfc\xc8V\x91L\xfa\
\x5c\x96R\xc9\xa3\xd29\x9bA\xf9\xe4\xa9I*\xc1\x22\
\x82i\x96\x9e\x1b1\xcd\x073Lr5w\x8e\xac9\
\xdc\xc8\x19\x93\x9cL\xdc&&\xdd\xd0\xfd!\xd7j\xc4\
\xe9\xd1\xd9S\xce\xbe\x04\xad\x07\xbf\xa7\x98\x9f0\x18v\
k\x04/\xdc\xc6Sc\xf0\xc8\xb5\x8dS\x1c\xab2\xe2\
\x80\xc0y\xcc\x82\x90!W\x87=+\x0e\x1a\xda\xe0]\
Sf\xe2|J\x89\xa1\x83\x9e5\x0d\x5c\xf2\x1e%\xa1\
!FF\x0a:\x82zU\x19\xf8\xb8\xc7N\xc9X\xaa\
a\xbd\xe0eZJ\x89\xce\xa4\x14\x823\xe8\xc2\x05\x14\
\x89\xec\xf5\xd5\x1d\xdf\x8f\xf6@wG\x8e\x00d\xeb\xa8\
\x5c\xcc/D\xf6\x22\x99SS\xb2h\x05\xc8\xd3\x8c,\
\xc2\x80\x826\x8aW^j3\x97\xf1\xa5Y\xdbF\x9d\
Q\xd7_\xd3xqL\x1b\x9d\xdah:\x00\xbb\x12\x8c\
\xca\x0er\xf1\x1e)%\xaa\xe8c\xd4\xe9\xabwB5\
\x16\xe5\x18\x08 \xf8\xd45\xa6\xa47\x05\xee\x94\xa2\x04\
\xe0\x7f\x94\x17\xe3\xdc\xb9\xbf\xf4\xef\x89\xe0\xc9[\xda\xf2\
(L\xe8\xe3#\xa8\x93\xac\xa39\xd7\x87K\xe5_\xe7\
6\xbd0\x8do\xdb91vt\xd1\xb5\x86\xfbS'\
\xdf\xaf\x9e\x0c\xd7\x81\xc6>\x14\x0c\x00\x18\xec\xa1\xd3J\
\x1en\x81\x1d5\xc7U\xa8\xa7\xaddK\x18 h\x06\
\xe7\xbc|\xeazj\x83_\x1b\xfc\x5c\xe7\xf3\x0e\x83\x9f\
\xf3\x13?\xba\x1fN\xef{S\x09=\x5c%j\x00\xc2\
\xa7\xdd\xbe\xef\xe6\x81\x9a\xd4\x00\x04\xdd\xae\xd5\xb7\x07>\
C\xb8\x9f\xc32\x93<!\xc59#\xe0\x82 $~\
\x1a\x8a\x02\xaePc\xe9E\xaf0C\x9b^\xae\xdc\xbd\
Z\xb9\xb3\xac-\xfe\xf6vmt\x98\x11\xce\xbe]\xcb\
\x96_\xdf\xc5\x85G\xdb\x1bv\xd0\x91\xd0@\xdb~\xd1\
]#8\x07\xd9\x82\x9f'!\xb8\xe3\xd0{D#\x15\
P\xa5dk\xc54d\xdbQ\xe7\xbe\x11W\xe4\xc6Z\
8\xfc\xd9m\xa1\x8b\x7fA!\x82\x7fL\x12\xbd\xfd\x02\
B\x9f\xd8X\x0e_/\xc6\x82\x18\xbb\x0d\xd9\xd5\xad\x09\
\x19\xa1\xb7Oi7B\xdb\x9d\xc0\xa3\x001\x9c\xecn\
\xefv\xc6\x0f\x0c\xb8\x14\x16\x97b\xeb\xd7\x80\x8c\xe58\
\xd8y\x95\x93\x13\xbc\xc8\xa8\xfe\x06E\xc7e\xec\x0d\xe7\
\x17\xa2\xd1h\x04\xe9\xbb\xdawA\xbdu_-\xb8\x87\
\xebn\xd8\xaa\xaf\x04\xf7p\xdb:\x12\xc4\xa5\xda\x18\xe4\
\xe6\x9d\x88\xbd\x9b\xd1>\xb0\x1b\xd4b\x96\xa6\xe7\xb5\xdb\
\xcb`\xbb\xf1\xd4D\xe9\xd9sDx\xf0\x99\xc0$\x15\
.\xae\xc7\x15\xc4\x99\xbf\xbf\x86\xd7&\xf1\xd8\xad\xb7k\
c\xa5'\x85b\xfee97_zX\xd0f\x9f\xe2\
\xb54~|\x1dL\xfe\x96\xa8\xfa\xc6\x16\xbc\xed\x1e\xbc\
\xb3XY\x06\xec7\xdc\xa6\xf3F\x11\xb4/\xa0\x08\x07\
\xe9\xabA\x0d\xbbvE\x88\xee7\x81cG\xc1`\xfd\
\x04\xa3\x0eF\xc1\x17\x14\xe3\x01Q\xf5\xa4,\x0d\xc8$\
\xe2\x82\xf5\x8b\xfc\xa1)\x9b%!\x01\xd1y\xe5l\x0d\
\xa9\x1f\xe4p\x0b\xb5\xdc<C\xaa\xe1\xd4\x1b\xd7~\xcc\
9V5\x99y\x94\x91=V\x8e$\xdc\x09\xfb\xa1\xe6\
V\xfb\x90\xbc\xd5N\x06\xb5+\xfe\x8dl\xbf,%b\
\x1e\xa1\xbf*\x81\x80t\xba\xd7\x19b\x84T\xe0a\x9a\
\x8cvm\x99d\x97\x07t\x9d\x88\x05\xf2\x98\xf9DR\
\xe0Y^53[\xee\xbe8!O\x89\xa5^\x9e^\
n\xe3\xfd\xf9v\xb8\xddu\xcd\xd3P\xb1\xf4@\x85\x8e\
J\xf8j\xa64s\xc5\x88\x9c\x90v\xe7\xb9\xb6\xf0\x90\
\xe2Uy\xe4i\xb9\xf0\x0cL\x14X\x91\x14#\x9c\x94\
\x14^\xe5%\x91\xd4\xf1\xea\xc0*\xff\xd0:^\xba\xa7\
\xa5\x1fCK\x95\xdcj%=S~=\x02roD\
\xb7P\x05\xac\x1d^\xbb\x09\xf6\x03j\xe0\xa9Gx\xf4\
\x07\xaf\xf6\xe9h\xa3u\x03+\xe6\x0b\x08\x16\x99\xeb\xe7\
E.N\xda\xca=\xc3\x99\x0c^\x5c\x07m%\xcf\xbe\
d\xbe\x84NAo\xe1\x07\x98]\xe8\xf6M\xfa\xb2\xc7\
\xfeD\x95Q1d9&\xe3F\xc1\xa5&\x88L\x12\
2\x229\x83{\xf5\x5c\xf8\xc0\xe4\x8e}\xca\xd3\x8e\xcc\
\x88\xcfx\x91\xfe\xf4\xb7\x17\xe6K Mj\xae\x87K\
\xc8\xce\xcb\x0dn\x1e\x08\x85\xdf\xab\xf36 4\x12)\
\xad\xdf\x00G\xd0\xb1\xf6\xe72\x1fo\xd6\xf6\x02\xabo\
\xaexF\xee\xb4Z\xaf\xe54\x92[mY\x1a\xaeV\
=\xe8\xcc\x05:\xe4`\x99\x1c\x88('o\x94&^\
\x84pKv\x87\x83\x18\x90!\xa5\xc2/83Gs\
\x0dm\x9e\x18<YZ\xc5\xf7\xae\x17\xf3\xe3\xa5\x9f\x1f\
\x95W~\x01#\xd3\xe6\xccFd6\xba\xa2\xdd\x1f)\
/\xbehsF\xa7P{`\xbc\xc2JC\x9c\xcc\xc5\
\x83s\xcf{\x87t7\x04G\x84\x9a\xc9\xe1\x1e\x81Q\
\x14\xbe\x9foA\x0e\xfb\xde6\xdb9\xee\xf5\x9e\xe5\x93\
\xc9Ve\x9d\x9f\x04\xeb\xce\xb1\xee\xaf\x0a'\xb74\xfb\
h\x8a<\xb4K\xea\xaf\xd439Y~\xfc\x1f\xed\xde\
T59I6{w(9IG\xd2NN\xb6\x93\
\x93\x8e\xd4\xc4\xe4$\x11\x94\xd6N\xbc\x90\x9f\xbe\x13/\
\x17.\x84R\x12\xbd#Ff\x07\xf9!.\x5c\x92\xc7\
0\x0a\xbb%\x11\x1ap\xd9\x9b\x9a\x08M\x1a;l\xa1\
\x93\xa1\x0bY\xfc{\xe6\x1dJ\x86n\x9bNn\x93R\
n\x89V\xfa;>W\xcf\x90 \x87\xe1P\x8b\xe4^\
\xa9CP\x9f{%l\xf1\x9f{%\x8eLf\xae\xd6\
\xc9\xd9\xc1<l\xdd\xe0\x83D\xfb\x81\xf3\xb0A\xfb\xda\
\xa5\xdb\x03-\x9e\x87M\xb6s\xb0\xf4\x89\x9b\x03L\xf5\
s\xabs\xb0D\x01Z)\x07\x1b\xdc\xbe\xefX\x1e6\
\xd9\xce\xc16\x92\xa7\xc1\xc2Scu\xa7\x09\xde\xae\xcd\
\xd4\xa5\xf2\xea\xd2\xa5\x86\x8cZ\xd3\xa5^\xbd\x14\xf3\xe3\
\xe5\xef\xd6\xa1\xae}\xca\x14\x1a5\x12\xbf\xc5|\x81|\
!\xbatY\xc7Hh\x99\x1c\xf8^xhfnw\
w\xa6\xd4`\xdc\xbb\x9c)\x0d\xe4\xfe\x12\xf2\xce\x94\xfa\
u\x03\x9b\x90)m\xe2\xe6E\xf0\xd4#M\xb3\x91/\
\xc8\x02\xb9T&,\x92b\x91\x8b\x13\x93\x8e\xf6\x07t\
\xcb\xcc6\xfa$\x95\x11\xf4\x16\x8a\xf9\xa7n\xbb^\xf5\
\xb4/HLiD\x0d\x9fA\xc1\xf9\xc0\x9f\xf4@L\
\xa9\xfb\xdd\xcf\xf0\xc4\xf5\xd2\xda\x13<\x96\x01<\x01T\
+\xdd]\x0c8\xe9\xc6a\xec#mg}\x87N1\
_\x1fn\x85\x08b\xb7\xc7\x85%\x14B\xb0\xb7a\xff\
\x17\x8f^--\xad\x96\x17s\xda\xcd\x17\xf4\xa6\x05\xf7\
]_\x8f\x03\x0c\x01&Y=\xb0`\x0f\x9f\xfe\x0e*\
X\x0f(\xd4\xdf\xacb\x9905\xb9\xb6O\xfd\xd8\x9f\
\x80KW\xdd\xd0t\xd64\xd3tPi\xa2\xbfN8\
'*\xec\xa5\xf4+5*\x0f\x9ca\xf6tF\xbb>\
\xfa\x10uF\x0fu\x93\xbf\x07\x0e\x93\xbf]\x1f\xed\x05\
au\xab\xd1y\xd8Y\xa1\xce\xe8~S4x\xba\xcc\
x\xd10\xd2\xce\x11\xa4\xcf\xddvB\xe6\x8e;\xab\xdf\
\x8dq\x5c\xf4\xdcu'\xd4\xac\xfd\xc2$\xa3(\xc6\xc7\
\x91\x81\xd1\xa8\xdb{\x83{{\xf2\x99\x84B\x5c]b\
G[\x0aj\xb4\xc1`\xb6|1\x8b3\xf3\xbb\xf8\xec\
\x03\xa1V\x5c\x0b'\x03\xe3\x84\xb0\xf8\xc6z1\xbf\xf0\
\xee\x22\xec\x9f\xbat\xe4\xec$\x7f\xbb\x0f\xda!lc\
\x8dP\x08\xeb\x91\x16~\xd7\x01\xd6\xfa\xf9yk\x22\xac\
\x8f\xbc=\xa1VTj\xda`0\x80\xd5\xf5\xba\x0d\xb0\
\x84v\x14`+\xd3?\x94\x9f\xdb\x9f\xd2o\x03\xac\x0d\
\xb5\x01\xd6\x1e`9Y\x96\xe46\xbc\x1a\xb4\xd3\xf0J\
\xb5\xba\x0d\xaf\x84Zt\x83D7\x80x\xf4*\xce\x7f\
\x87\xef\xfe^\xce\xcd\xbbm\x90\x90\xfd\xf9\xd5\x0c\x9e\x9d\
\xa7;\x8c\xf4\xacH1?\xad\xcdfiC\xda\xede\
z\x8d/\xf9t\xea\xd2k\x9c\x19\xa7\x17y\xe2\xf1\xfb\
\xa5\xe9\xf9Rv\xb4\xf2\xe3\x03\x9bm\x97\xad>lg\
\x9d\xd5\x96\x1e\xb6\xf3\xde\xb0~\xff\xfd\x90\xee\xa0\xbeu\
i\xdbvS\xcf\xee\xd9\xdd#i\x92\x9e\x8e\xb9\xa6M\
|\xaf\xdfR8W\x19\x19\xc7\x85G\x94\xabh\x1f\xd2\
\xb2O`\xad\xf1\xd4\xb8Q\x82_-CU\xc7\xc6\xb6\
\xe5\xeb \xcf\xcb{j6\xdd\xdc\xd37~6\xdfL\
\xd29U\xc3\xa0\xca\xdc\x1a\xe8\x93\xebK\x01l,\xa1\
\x10|!T]i\xefc\x85~\xd1\x9d\x90\x81\xf0u\
\xb3\xf6\xb7\xe3\xed~\xabq\x0f\x93$\xc9._-5\
\x1a\xd8`\xd8\xeen\xed\x08\x9d\xe4\xb9\x9eAF\xf6\xb3\
@\x84B.\x92\xe5\xd5\xa4\xcc\xf5\x83\x17\xc3\xc5\xcd$\
cw\xb7\xbf\x94\x06K\x86y\x8cQ\x99@\xa0\xc6\x0d\
q2\xaf\x9e\xef1_\xf6\xd7\x95n\xf2\xfaj\xd0\xd6\
o\x92\xc7+\xf9\xe6\xa5gu\xb0\xf3\x7f\xa2gu\xb3\
n\xeb\xd9.\xd33\xe0\x16'*\xc0\xee\xd6Q4\xe7\
'n\x0e\x01\xc8_ef\xbaTx\xedX\xc9\xef\x91\
\x87P\xa9p\xfb\xa5s\x0f\x17\x9au\xbe\xc6\x9dQ\xc5\
\xfcu\xea9\xf5IIT~|\x05\x8f\xfe\xa0\xfd\x98\
\xc3\xeb\x0f\x00\xaeH\xde93\x8f\x17\xd7\xdd\x8ek\x06\
\x80\xad\xcd|\x12\xe1\x0eW\xa1\xf6\xd3\xb4\x9b/\x10\x99\
uW\xa71\xf1\xe0\x11`8\xa8\xda\x0cL\xb9\xab\xcb\
QF\xf6\x0bO!\xa1\xc9I\xb6\xf5s\x99\x09\xe6\xdc\
\x9e\xae\xee\xce\x0f7\xc0'*p\xe2\x80:\x88>@\
\x07\x0ez\x1f\x1d\x08\x85Y\xaa\x94<\x95\x128\xc5?\
d\x09DZ\x8cIw\x1dr\x87\xd3m\x08n\xb5\xf4\
\xe3\xf2w\xeb8{K\xbb7\x152\xacEIN\xee\
\xff\xa7b\x5c-\x0a\x82\xad\x8d/V\x83\x5c\xbb\x86j\
\xea\x17\xf3\xe3\xda\xd8\xa5\xe2\xab\x0c=\xbd\xad]z\x80\
\x1f\x8e\x93\xebE&\xae\xe2\xc9\x97\xda\xb59|\xe3\x1a\
9\xb6\xa67\x0b\xa0P\x99\x99*\xdf\x9e\xd4f\x7f\xc6\
c\x05;hh\xc2\x9d\x99\x16\x16\xb5r\xa4L\xd8j\
\x5c\xf0jJ\xfe\xce\xc4\xcb.\xdf\xba\xf9\xbf\xda6\x82\
\xa7\xae\xd0\xf3\xfaZz\xb5\x9c\xbeM?\x01\xd0\x9e?\
+=\xfe\xde\xf3\xdc\xd0\xe6\xa12,L\xba\x18<\x9f\
\xf8\xb8\x856\x7f\xd3\xb8\x18\x0a\x13-r\xe8\xdax\x0d\
\x12z8\x96\xfa\xf9\xe5\xdeT\x7f?\x7f\x0eD#\xa1\
\xb8/\xbf^\xfb\x18\xc7\xf2\x09FP\xdc\x5c\x1f\x8f{\
]\xf4\xbb\x91\xc1=\xd1f\xd3T\x02\xa9@\x92\x8d\x9d\
\xf4\xaa!\x9c7_lJ\xd8C\xacv\x08\xb4q\x80\
\x06\xb7^\xa8\x16\xfa\xf8\x0a\x86\x91Q\x1c$\x04\x1di\
\x82\x88\x10\x22\xf7\x80\xc7-RK\xbe\x85\xea\xac^\xf7\
\x1d\xf1\xf6\x9b\xc8\x08\xc1N\xc3\x00I3\x7f\xeb\xfc\x87\
\xe7\x1bf\xdbu\xebn\x9c\x16\x85\xb6\xa2\xba\xec\xeag\
7\xcd\x12]\xe6HIB\x01\x9c\xf2{\x90\x93\xbc\x09\
\xcc 1\x8c\xfey\x08 \xdb\x7fW\x10\xce,\xe9\xed\
Z\xa7m\x9c\x13\xa5#qo\xde\xddM\xdb9l$\
\xd4\xbc;\xb8\xed\x7f\xd1\xff.v\x5c\xec\xf8\x1f\xea\xb2\
\x14d\
\x00\x009\x93\
\x89\
PNG\x0d\x0a\x1a\x0a\x00\x00\x00\x0dIHDR\x00\
\x00\x01\xe0\x00\x00\x00\x14\x08\x06\x00\x00\x00U\xa0\xee.\
\x00\x009ZIDATx\xda\xd5\xbdi\x98\x9c\xd5\
u\xef\xfb_{\xbfC\xcdC\x8fRkD\x80\xc0\x12\
`\xa09B\x08A\x81\x01\x9b\x9c8\xb1c\xa7\x95\xc1\
\xd7\xc9\xcd\xe3s\xe0\xe4\xda9$\xc6X\x12\xc2\xa9\xae\
\xd8B\x92e\x92\xa3\xd8\xbe9\xe2$'\x83\xaf\x9dD\
\x1d;\xf1\x90\x04\x1blhI\x80 \xc8`\x90\x04\x88\
As\xb7z\xac\xea\x9a\xdfa\xefu?TU\xab\xd5\
\xeanU\x0b\x9e\xe7>\xf7\xfd$\xf5[\xfd\xeb]{\
Xk\xef\xb5\xd7\x00\x5c\xe4a\x80xO\x8f\xc4\xfb\xf4\
0@O\xa7S\xc6\xd3\xe9\x94\xf1~\xf3\x18\xa0\xff\xaf\
y\x9cN\x8b\xa9\xfd\xf5\xdey\x10\xcc\xe7~\x8f\xb96\
\x1e\xef\x1boO\x8f\xccm[\x9f\xe4K\x1c\x8f\xd9x\
5&\xc4{\xe6\xf5\xf4\xc8l:\x95\xc8\xfeY*\xc1\
=\xf3\x9f\x87\xcc\xa0\xf3x\xe9\xb4\x18\xdf~w||\
\xfb\xdd\xf1=Sx\x9c\x86h\xa6\xbd3\xf1F\xd3k\
b\xa3\xbb\xd6\xc48\x9d\x9e\xfc\xfd\xf4{\xe0\x8d\xecX\
\x17\x1d\xd9\xb1.:\x95\xc7\x0cj\x9a\x87\xf3yC\xe9\
T\x84\xbf\x91\x8a\xbc?<\x88\xc1\x9d\xf7\x84y\xe7=\
\xe1\xa9\xbf\xcf\x0cJ7\xc3\xc3\x85\xbc3\xe9\xee\x10\xef\
\xee\x0e\xbd\x1f\xbct\x1a\xe2\xe4ck\x83\xfc\xd8\xda`\
z\x1aoj?\xcf\xc5\x03\xce_o\xc7\xd2\xa9\x00\xa7\
S\x81\x0b\xd6!7\xb5\xfehz\x7f\x1e\xddu\xaf\xcd\
\xbb\xee\xb5\xcf\xe3\xa1i\xde\x05\xe3s(\xbd\xca\xe2t\
\x8f\xf5\xbe\xf0\x00ziw\xb7\xc9\xbb\xbb\xcd\x0bx\xb8\
4\xde\xd3\xe9\x94\xc1\xd3\xe4\xd5\xa5\xf2\x1a2\xa6.c\
\xa7\xfe~\xd3\xbc\xe9\x9f\x9bm\xed_r\xfb\xe6\xd1\xf7\
4\xc3\xff\x19\x00x\xc7\xbah\x85)Y\x01\xa2\x96\xd4\
\x14\x89\xb9o\xe2P\xbb\xc0\xf2\x9c8\x9c\xcf\xabk2\
G\xdc&\xf9\x93\xbc\xac\xb0[\x0cxa_\xb0i\x01\
p<\xf8-\xa6z\x17\x0f\x1e\xa8R\xfds\x97\xca\x03\
\x00C\x93\xe7\xc3,%\xb53\x8e\xf2s%\xca@_\
L\xd87>s1\x1em|\xae\xd0\x8c\xf2h\xf0F\
\xd3kb\x22\x12N6\xc1\x9b\xfcN3)s\xcad\
4\x00\x14\xbfz\xdb\x87]\x8d\x1b\xa5\xc1\xdf\x93\xc4A\
\xf7=\xf2\xc6\xb7\xaeOI)>)\x04\xdd\xaa4\xb7\
\x09\xa1\x7f\x9b\x05F\x14\x9bN\xf3\xbcs\xdfwl\xeb\
\xfa[\xa5\x14\x1f\x03p33\x96\x11\xc14\x88F=\
\xa8\xcf'\x0c\xff9z\xf0@e>\xbc\x89G\xd7\xdf\
\xacI\xfc2\xc07\x11a1@\x16\x18cDxY\
\x10\xbe\x1b)w>K\x99>\x97\x01\xa2&x\xa5m\
\xeb\xbb=\xa6\x0fk\xc2\x0d\x02\xb4\x88\x89-\x80\xc6\x09\
\xfc\x9aV\xfc\xc3\x96-\xfb\xfb\x1b\x02\x8dh\x16\xde\x94\
w\xd9\xaf\xa4\xae\x87\xa1\xef \xc6uDX\xc8 \x0b\
\xcc9\x22:\xe2+\xfdD\xeb\x96\xfd\xcfN\xef\xf3\xb9\
xc[S\xd7H\xa9oe\xd0j\x02/\x00\xc8\x02\
xB\x83\x8eJ\xad\x9f\x8a?\xbc\xff\x85\xf9\xf0F\xb6\
\xa6\xae\x96R\xdfLLW1s\xa7\x10d1\xb8\x00\
\xd0\xdb\xc4\xb2?\xb1\xf9\xe9\x83\xf3\xe1\xe5\x1eM]\x01\
\xc17\x82q\x05\x13w\x00d\xb1FQ\x08:f\xb0\
x.\xb2\xf9\xe9_L\xef\xf39\xfbo[j\xb9\x00\
_\x0b\xc2e \xb41\xb3\xa5\x99\xcb\x12t\xd2\xd7\xe2\
\xa5\xd6-\xfd\x87.\xca\x9b2\xf6c_\xbem\x09\x9b\
t\xb5T\xbc\x14\x02-\xccd\x91@\x85\xa0\x07<%\
_i\xdf\xd2\xff\xc6|x\xc3_\xb9m\xa1a\x88\xcb\
Y\xebER \xa1A\xb6 T\xb5\xe6!\xc1\xe2p\
\xe2\xe1\xfe\xb7/:_\xa6\xf0\x06\xb6\xaeo\x0f\x09,\
\xd5D\x0b\x00\x8aKf\x8b\x89\x5c\x08\x1ee%\x8e&\
7\xf7\x1f\xbf\x18o\xea\x93\xdb\xb6>)\x0c,\xf45\
\xda%dTkm3\xe0\x1b\x82\xc6%\xd3\xb1\xf0\xa6\
\xfe\xd3\xf3\xe1\x8d\xecX\x175\xb5h\x07\xcc\xa4\x16^\
D(\xb2Y\xb2\x22%\xf2\x86A\xa7\x22_\xec?;\
\x1f\x1e?\xb66X\xaa\x98\x09e\xaa\x98\xf6dX\x18\
\xda\x82&\x16\xa6,\x15\x5c5\xd4\xb5e\xff\xc8\xbcx\
\xe9UV\x0e\xed!e\xca\xb0i\xfa!\x12\xda$\xc5\
d\x08\xab\xea(o<\xb1y\x7fvz\x9f_LV\
\x1fG\xcaZ\x1e4\xed\xa2\xd2\x01W{\x16\x05\x0c\xa1\
\x9d\x8a\xcf\xa6\xc8\xb7\xd7\xe5\xdfEx\x93\xb2l|\xfb\
\xddqS\x96\xec\xc8\xb2\xe7\xc7\x06\x0ew\xdb\xa1D\xc4\
\x12\x15C\xb2]\xe28P\x99\x22\xfffV\xc0\x8d?\
t&\xdd\x1d2\xed\xe0bKP\x82\x04I&\xf8\x12\
^%R\x9c8:\x80\xa0\x11iK\x04\x9d\x09\xd7R\
v@-(\x9e\xc9Q\xe6\xc8\x8cBp6\x9e\xeb\xc3\
7\x0c\xdf\x83b\x02\x80D(~\xe4\xd4\xf1\x9cX\xd2\
\x15\x15\xcf\x14]\xe7\xceL\xbf?\xd7d\x9e\x95\x07\xc0\
\xf7\x0dS\x086\x0d\xc9*\xa6\xf5\x91\xb9\x94fc!\
\x9e|lm0\xce\xc6\x12\xf6g\xe6Y\x06\x0c\xd6\xac\
\x88([,\x97\xce,\xca\x1c,\xcf\xa4DxO\x8f\
\xa4\x0d}*\xb7#u\x13\x987\xb0\xa0\xefhpP\
\xfa\xf0y\x06\x9e\xab9\xe79\x95\xd3\x8b2\x07\xcb3\
\xf6_\x9d7\xbe\xfd\xf6k\x09\xfch\xd46>*\x88\
\x90w\xdd{\xa4\x16C>{\x86\xcf\xa6\xd14\xaf\xa7\
GR_\x9f\xca\xef\x5c\xbfJ\xf9\x94\x06\xf0\xb1x\xd0\
\xb4+\x9e\x82\xe7\xeb\xd3Z\xa8\xdf\xb6\xa4QT>\x07\
\x19\xf0\x9b\xe5\x8dlM]m\x0a\xfdE\x06\xfd2\x11\
:\x00\x14\x00d\x19\x1c\x06(*\xc0\x9f\xd0\x06\x0d\x08\
\xe8R\xb10\x07\xaf\xae\x08&\xfe\xe4\xf6+\xb5\x85\x07\
\x08\xb8\x07\xcc\x1d\x0c\x14\x01\xca3`\x13\xf1\x92D\xd4\
\xb6\xa0\x18\x13E\xff\xb7\xe3\xce\xc8wg\x9d\x7fu^\
n\xdb\xfa\x15\x00\xddO\x84;\x19hg\xa6\x12\x80\x02\
\x11\xdb\x00-\xb6\x0d\xd1^\xf5\x95\x96D\xff\xee\xfb\xfa\
\xe1\x96-\xfb_\x9dI)5\xe6Ky\xe7\x9d\xcb\x5c\
_\xfd.\x08\xb7\x01\xdc\xcaL\x15A(2\xc3&\xc2\
\x22f,\x02P\x05\xf0Sex\x99\xd6\x87\x9e?\xd4\
\x18\xcb\x99xc_\xbem\x890\xf1\x1b\xa4i-\x88\
[\x18\xa82Q\x99\x98m\x02w1\x89\x85\x04v\xc0\
\xd4/\x08;b\x9b\xf6\xbe>\x17\xaf\xb4c]\x97\xc7\
\xe2c\x1at\x93\x80H\x12\xb3\xc3\x82+\xc4\xb0\x99\xb1\
\x90\x81\x05 \xb8\x00\x9e\xf5I\xfdy\xfb\xc6\xe7\xde\x9c\
\x91W\x17\x8c\x85\xad\x1f\xea\xd4\xc2\xff\x88b\x5c/\x08\
\x09\x06\x5c\x80\x1d\x80l&t\x0aF\x07\x03\x1e\x03\xff\
!\x98v'\x1e\xee\x7f{.\xde\xc0\xd6\xf5\xedA\x89\
\x14\xb1X\x05\xe2\x04\x18\x1eI\xe9\xb2\xf6mf\xd1A\
\xc4\xed\xcc\xf0\x05\xf0\xb26\xf0\xb7\xc9\x87\xf6\x1dk\xcc\
\xb5\x99x\xb9\xc7\xd6\xb6\x90g\xdd\x0c\xc6J\x05\xc4\xc1\
P$\xe0\xb1&[H\xddF\x8c6\xcdP :d\
C\xfdCh\xd3\xb3'\xf7\xf4@n\xe8\xc3\x8c\xbc\xf1\
\xedw\xc7\xa1\xaa\xd7\x93\xa0\xcb\x18\x22\x0a\xd6,\xa4\xf0\
\xb5f[\x0a\xdd\xaa5\xb5\x02\xa4\x09\xfc\x86O\xe2\xfb\
m\x9b\xfaO\xcf\xa4\xd4\x1bsrd\xc7\xba\xa8\x09\xf3\
*\x01,\xf6\x15\xa2\x92\x14+AL\x9al!\x90\xd4\
\xcc-\x02\xa45\xd3;\xa6\xd2?\x8e<\xb2op.\
\xde\x99tw(\x1a\x0c/S\x84\x05\xac\x11\x01\x83$\
\x815i\x1bD\x09\xc1Hh\x00\x1at\xd2\x92\xde3\
\xd1\x87\x9e\x1f\x9es\xd3\xb1\xeb^\xbbR)t:$\
\xda\xd8\xa70 \x04\x09\x8f\x88\x84\x0d!b\x82u\x5c\
\xb1 \x86\x1e\xa8T\xc4\x0b\x8b2\xfd\xa3s\xf2\xd2)\
\xa3\x00$tX\xc4\xa5\xa7\x83>\xc30M-\x94\x22\
\x9b\x0d\x8e\xb2\x161\x0d\x16\x16\xd3\xb0\x82\xfaEb\xf3\
\xfe\xec\x9c\x9b\x984\xc4\x00\xba\x03\xd1h$$}\x04\
\x5cO\x9b\x9eE\x86\x14\x9emxv\x98\xc9\x8fB\x92\
\x80F\xce\xaf8o\xb4e^\xcc\xcf\xc4k\xf4\xdf\xe0\
\xce\xeb\xc2\xd2\x89\xc7\xdaW.\x18\x1e><\x1c\xb4c\
\x8e%\xab!\xd3\x93\xc2\xd6\xae\x1bf\x9b\xc2\x96RR\
\x08.\x96+\xc6\x89\xceL\x7f\xb1\x19\xfd&L$\xd9\
\x13:\x1b\x1ex5\xe0\xb7\x89\x98k\x04<\xa1\x83&\
\xd9A\xe1i\xd3\x14\xa8\x8eX\xce\xd0\xd2\x07\x0fT\xa6\
\xf2\xce?\x8a\xef\xee\x0e\xe5&\xec\x95\x1aF\x10Z\xe5\
-\x19\x1a\x89\x14\xc7\x8bX\xbd\xc2\xa1\x0d}jO\x0f\
\xe4\xda\xb5k\xad\xa4\x8eF+\xda\x89[\xca\xe5\xb8c\
\x9f\xa6L\x7fu\xc6\xce\xbb\x80\xa7G\x22E\xb7\x88\xd5\
+\x1c\x00\xc0`\xc1\xc0\xf8\xcd\x1ep0P\x88\x16B\
TpE\xa4\xcb\xcd\xd2\xfd\x07\xbd\x19M\x01\xbb?\x1a\
\xccM\x8c\xcf\xca\x1b8\xfc\xae\x1d\x0fGbBh3\
\xb8t\xdf\xc0\xa9\xe7\xd7ZKb\x1fq.\x10\xa6\xf5\
\x01:\xf9\xe8\xda+\xa2\x86\x88\xd4\x14\xb7*_\xd0\xbe\
\xc3\xef\xda\xc5\x88\x15a\xc86OQ\xc26u)\x9c\
7\x0e\xd3\xb4MBC`g\xb7\xdd~\x03\x11\x9e\x88\
'\x03\x1d\xb9\xf1\xca\xef\x91\xe5\xfd\xc0\xc9\xdbn\xc7\xea\
\x8e\xcaT\x9e\xabD;\x84\x8c\x09\xf8\x95D\xdc9J\
\xf7\x1f,\xcf\xc4\x1b\xff\xea\xfa\xebH\xd3w#\xb6q\
E\xc9\xf1_\x96\x92\xfe\xa6\xe4\x1a\xff\xd8ye\xeb\xe8\
3\x87\x87\xe9\x0e\x14\xad\xe6x\xb5\x05S\xd8~\xebj\
\x05\xf1-\x00\xd72\xe3y\x22\xf1\xf7\xec\xeb\x17\xd8\xb0\
\xdfIV\xbc\x12\xe6\xc9\xcb\x7f-u\xb5\xf2y71\
\xaf\x02\xe1E\x06\xbe\xc7\xac_\x02U\x8fS%B\x22\
\xe4u\x0a\xc1Y\x86l\xf3X\xc4/\xc6\x9b\xd8q\xfb\
\x95Z\xf3\x9f\x02\xf8\x00\x80\x83\x02\xfcCA\xe6\xcbN\
\xa5tJ\x04cD\xbew\x99a\xf2]\xbe\xe6\x0f\x12\
\xe1\x1b\x9a\xb5Si\xa9\xbe\xb5h\x16^n\xdb]+\
\x88\xdc/k\xc6J\x22\xbc\x0a\xd0\x8f}\xe0\xb5V\xf2\
O\x8f\x95}\x12ak9\xfb\xb4N\x10>\x93\x88\xda\
7\x15\x8a^\x81\xb5\xba)\xfe\xf0\xfe\xa3S\x85L:\
\x0d\x91\xc9@g\xb7\xa5\x96\x03\xbc\x89\x08\x97\x83\xf8\x08\
\xfb\xfc\xb4 \x1cq\xa5\x1e\x04\x80\x00\xdbK}\xed\xad\
!A\xbfcIy\x87\xeb\xab\x13\x0c\xfa\xb5\xe4\xe6\xbd\
/OU\xea\x8d\xf97\xf6\xe5\xdb\x96\x90A\xff]\x80\
\x97\x13\xe1\xa8\xaf\xe9Yi\xc87\x9d\x92\x1e\xea\x00P\
\xb0\xb0\xd87t7i\xfaM\x10>D\xcc\xefj\xc9\
\x9fj\xf9\xe2\xf9\x9b\x84\x06\xaf\xa6|\xe5g\x00Z\x0a\
\xd0\xbbL\xeaEh\xf9N\xd5\xc8\x8e,@'\xf2\xda\
\xe9\x22\xd6\x1fT,>\x09\xf0\xed\x04:\xaeH\xdd\xd7\
\xba\xe9\xd9\xc3\xe7Y\x83\xceW\xbe\xbf\xc9\xc0b@\x9f\
\xd4B\xbc\xc2\x92\x8fW\x0b\xe5\xb1.\x00\x13\x81\xe0\x02\
\x12\xe2\x1a\xa5\xf4\xaf\x08!\xd61\xe3\x94\xaf\xe9\x0f\xdb\
\xb7\xf4\xbfq\x1e\xaf.p\xf2_K\xb5)\x8f\x7f\xb5\
n1\x18 \xe8\xc3&\xa9\xd3c\x86\xce\xca\xbcG\xc9\
H\xac\xdd\xf5\xf4\x074\xf1G\x04\xb0\x06Dg\x88x\
K|\xe3\xde\xb7f\xe2\xe5\xb6\xadO\x02\xb8[\x83:\
\x04\xc40K\xbcexrp\xd4U\x132\xefP\xb8\
\xc5l\xb3,\xba\xc2g|\x88\xc07j\xe0\xac`k\
kb\xf3O\xdf\x9d\x897\xbakM\xcc\xa8\xd8\xb7h\
B\x9bd\x1a'\xa5O\xc0\x96\xc3\xd1\x13\xc1\xc2\xf1\x96\
\x0aEB^\x8bM\xe22\xad\xc4z&\xbe\x0e\xc0\x08\
K\xe3\xcfZ\x1ez\xfaDc\x8eL\xe5\x0d\xa5S\x11\
#\xa8\xaf# i(\xcakS\x0e@y\xe3\xf1\xea\
x\xe9\xad\xf1\xa5\x14[\xe0&\x02\xe4/\xd5\xc4k\x08\
X%@c\x06\xd1\xe3\xe1M\xfd\xa7gR\x22'\x1f\
[\x1b\x0ck\xfbr\xb0\x8a\x0b%\xca\xda\xe7Q2\xed\
|2\x99-\x1f\x1e\xa8\xd0\xd2h{\x8c\xb4\xea\xd2J\
\x5c\xef3_e\x08d\xa5\x8foG\x1e\xd978\xa3\
RJ\xaf\xb2\xb2\x91\xce\x85\xa6r#\x9a\xa4+|#\
_vU\xa9\x03\xa8\x1e\x1c,\xd2\x15\x97\x05#B\xcb\
N%\xf4j\x00+\x88\x90\xaf*\xf3_\x16l\xf9\xd9\
\xd0\x8c\xbc==r\xe2\x9d\xc1\x98\xaf\xac\x90\x86\xa7\xcd\
\xb0\xa8\x14\xb4\xe3,Y\xb2\xc4\xc5\xe1a\x1ak\xa9\x84\
\x8c\xb2\xd5\x06IW\xb0\x16\xcb\x18\x5c2*\xf4\x93X\
\xa6\x7ft\xb6C\x08\x0e\xaf\xe2\x01\xfc(`\x85l\xd9\
\x96p\xd4\xe1\x81\x8a\xbf\x1a=>V\x1f!\x9c\xc8\x05\
\xcaB%\xaaUw\xb9\x14\xe8\xd2\x02\x15\xa1\xf1lb\
\xf3\xfe\xec\x8c\xbc\xba>\x120\x821\xbbz\x18\x0b\x97\
\x95\x9e9<Lw\xf4\xf6+\xf4\x82\x80\x94U\xb0T\
\x94Lk\xa1\xa3\xfdN\x8b\xa5\xe3\x86J\xaf\xb4=\xf0\
b~.\x9e\x86\x114IO\x10\x82\xa3\x91e\x891\
\xda\xd0\xa7\x98Ax\xbc\xdb\xc8f\x93!\xcf+\xb7\xd9\
\x96\x9944\xab\x82a\x1f]\xf8\xd0\x93\xa5\x06\x8f\x1a\
\xff\xe0\xc7\xd6\x06\xb3\x90+\xb5\xa6\x80\x80:\x9b\x5c\xb6\
\xf8\xf4\xf4]\xecT\x05Q\x8c<\xd7\x06\xae,p=\
\xa9[\x02\xce;T\xd7\xecu\xad>?\x1e\x83\xc6z\
\xd7D\x85!\x93\x81h\x98O\x931\xb4\xf2\x81'\x9c\
\xe9&\x80\xf1\xc7n\xfd\xa0\xd4\x14P\x17\xe1\x01\x00\xdf\
\xd7mfW$C\x22V\x15\xf1!Yh(MN\
\xa7\x05z3\x5c\xfcZj\xb5I\xd4_\xf5\xf4\xcb\x86\
\xcd\x9f\x0e/^0<\x1boOO\x8f\xbc\xe7\xc6\xe1\
%N\xb0Z\xe9\xcc\xbe0\xd2\x0b`r\xb15x;\
\xee\x5c\xe5\xb3\xff\xafAK.s<\xfd\x17\xd5\x0a\xfd\
Ig\xa6f\xb6\x99\xe9\x0e#{\xe2\xf4b\x0d\xb9 \
 \xb8Z\xca\x1b\xef4vZH\xa7\x09\xbd\x19\x1e\xdb\
q\xfb\xd5\x06\xf8\x1f\x19t\x15\x03\xdfT\xe4\xa7\xdbg\
9\xd1O\xe5\x09\xc1\xd5$\xd4\xd1\xc9\xf1H\xa7\x09\x99\
\x0c\xe7\x1f]\x7f%\x93\xf8k\x06\xae\x00\xf1_&\x22\
b\x1b}\xae\xbfxI\xbc\xde\x0cWw\xde\xb9\xa2\xaa\
\xd47\x19\xbcB\x00\x7f\xe7T\xc5\xff\xe8\xcc\xcc\xc1{\
\xf3\xf4b\x1d\x98\xbd}\xb9/\xdf\xb6\x9c\x0c\xec`\xc2\
rh\xec\xa9\x9a\x81\xbfX\xf8\xd0\x93\xa5\xd9\xc6\xb7\xbc\
\xfd\xd6\xa5\x9e\xa4\x85Rp5|\x1e\x0f\x84^pv\
\xc7\xadK\xa0E\x1a\x84\xa5\x02\xf8\x97R\xb5\xfc\xd7u\
\xeb\xc5\x05\xcfhzM\xcc\x0a\x05vi\xe6\xc5,\xd4\
CU\x0a\xbf\xb5\xe0\xa1'\xcb\x00\xd0\x9b\x06\xf5f\xc0\
c\xdbS\x8b\x0c\xe6\x07\x01,&\xe0\xdf',\xf7\xef\
\x97\xcebV\x1a\xd9\xb1.j\xb0\xfcr\xd0\x94\x0f\xb8\
>\x0f\xba\xec\x7f\xa2u\xe3\xb3/\xa0\xb7\xd6w `\
\xe4+\xb7-0%\xfd>\x11\x16\x02x:^\xa1\xef\
\xcd\xb6\x91\x1dJ\xa7\x22V\x90\xb7\x00\xfcy\x00'\x0d\
\x18\x1f\x8fl|\xfaH\x83G\x04\x14v\xde\xd2\xae\x95\
\xf1;\xc4\xd4\xa9\x80\xe7\x12\xa1\xd0\xbfQ}\x0d]0\
\x1e;\xef\x09O\xe8\xca\x83\xcc\xe2\xb3\xa4\xf9\x8c/\xe8\
S\xad\x1b\xf7\xbe1\x85\xc7g\xd2\xa9\xb6pP\x7fR\
3\xda\x99\xf4\xc1\xb1`\xf4g+g\xe1\x0d\xee\xbc'\
\x1cP\x95\xcf\x02\xe23\xc4\x18$\xd6\xf7\xc56\xef\x7f\
kj\xfbr\xdb\xd6' \xe4\xbdZ\xab6\x82|-\
Q\xedx\x8e2}3^c\x9dIw\x87\xc2\x81\xe0\
g\x98\xe8\xd3`\x0c\x11\x8b?\x8ao\xee\x7f\x07\xbd\xb5\
\xb9B\x00\xf3\xae5\xb1l\xd5\xba\x1d\x90I\xa9\xd4\xd1\
Xk\xe5\xe7\xd37\xeeS\xcd\xa19\xdf\xfc\x143~\
C\x02\xc3\xda\xc3#\x89G\xf6\x1d\x9f\xca\x1bJ\xa7\x22\
\xc1\x80\xbe\x91Aq!\xf5\x89HI\x1e\xa1\xd9\xacq\
\xe9T \x1bP\xbf.@\x1fc\xd0X\xc5\xf7\xb6-\
\xfc\xd2\xf3'\x91\x06!\x03&\x80O>\xb66\x18u\
\xad\xab\x19\x1c\x95\xccg\x7f\xee\xc8wg\xb5\xee\xed\xba\
\xd7\xce\x95K\x1f%\xa2{\x01d}\xd0\x9f\xb7n\xea\
?\xd3\x9b\x06M\xca\x99==V\xf5\xf8\x99%\x15O\
\x84\xd9\xa6l\xcb\x0b\x0b\x06\xa6[\x05\x1a\xcf\xd1]\xf7\
\xda\x9d\xd5\xf2]\xacq\xa7f\xce[\x1a\x7f\x19~d\
\xdf\xd9\xba0\xe5\xc6I\xb5\x18q[\xbcj X\x15\
^y\xa1\xbb\x7fl\xb6S\xed\xa1\xf4*kY\xa8\xed\
V\xa5\xf9V\x9fQ\xf4\xd9\xfd\xfb\xce-/\x0cO\xe5\
\x01\xc0\xc9?Z\x1b\x8ctF,\xaf\xe2\xa9\x8e\xde\xfe\
\xd2\xac\xa7\xda\xdd\xddf~,|\x93\x22}\x13A\x94\
\xa4I?\x88~\xa1\x7f\x0c\x5cS\x1e\x93\xfdW\x11W\
\x19\x91\xc0`$\xfb\xb3\x91F\xbf\xcev\xea\xce\x85q\
\x0d\xfb\xeaZA\xb2\x0a\xa8\xa7\x1a'\xeb\x06\xef\x02}\
\x14s\x07f\x9b/O\xa7S\xc65\x16\xae\xb0\x04_\
\xc9\xc4\xae\x86}\xa0e\xd3S\x13\x97\xac\xdfzzd\
v\xcd\xe9\xc5\xa8\x1a\xcb\xd8\x84\xefG\xc4\xab\x9d\x9f\xab\
\xc9{\xd18\x02\xe7}k1+\x19\x12Pg[\x1e\
z\xfe\x04m\xe8S\xb3]BS&\xa3\xa3\x0f=9\
\xec:\x94\x05T|\xcc\xb3\x96O\xb1i3\xa7!\xf2\
l,i\x9aG\xe0\xb6\xcc\x8by#h\x95*\xd5J\
\xb4\xadR\xe8<\x8f\xd7\xd3#\x87\xbf\xbc\xfe\xb7\x84'\
l\xa5xp.\xded'=~\xd0\xf3*\x9e\xf2\xc7\
\xad\xd0\x00\x90\x98\xfe\xf7|_o\xb3\x83F\x0b\x03\xa7\
\xc3\x13b\x04\x87W\xf1L\x17\xe7\x0c\xd0\x86\xbe>\x95\
\xdc\xdc\x7f\xbc\xf3\x81\x17\x86\xd1\xd5\x1d\xe8\x8d\xad\xb5/\
\xe0A}\xc96\xe5\xb2\x8a\xa7v\xc57\xed\xfd\xbf:\
3\xfdgg\xe3\xd1\x86>\xd5\xf2\xd0\xf3'\x04\xd4Y\
\xa5d\x88L\x1d\x9d\xce3\xc0_\x00\xe8r\x00\x7f\xda\
\xb2i\xef\xe7\xdb7>W\xe0\x19\x1c\xaf\xa6\xf3X\xc9\
\xd0\x88o->\xf7\x89\x0c\x08`M\xe2\x0f\x18\xb8\x8c\
\x80o&7\xed\xdbB\x9f\xeb/r:ep:-\
\xa6;[L\xe7\xe5\xa7\xf3\x08\x5cQ\xfe}DXB\
D\x7f\x99\xd8\xbc\xef+\x9d\x99\x06\xaf\xe6DUs\xf2\
I\x8bI\xde\x97\xe6\xe0\x01L\x06}\x1a\xa0E\xcc\xe2\
[\xc9\x87\xf7}m\xe1CO\x96f\xe4\xd5\x7f\x16\xda\
\xf4\xecI\x05u\xd6\x99\xc6\xeb\xad\xf7\x1fi\xb1A\x08\
,0\x04\xfe1\xb1y\xdf7\x17e\x0e\x96yO\x8f\
\xe44D\xc3I\xa2\xe6|\x912\xda2/\xe6c\x1b\
\xf7\xfe\x9eG\xeaw\xc97\xcc\x90v\xba\x1a\x8b\xbd\xb7\
\xb7\xb6\xf0\x0d\xe0W\x98\xb8CC\x7f?\xbey\xef\xff\
^\xfa\xe0\x81\xcay<\x9c\xe3\xb5o|\xae\x90\xdc\xb4\
\xef\x0f+\x9e\xfe\x9f\xd1\x84\xbdP\xb0\xf85\x220V\
\x1f\x99\x5c\xc0\x86\xc0\x87k&l~\x22\xb1i\xefw\
(\xd3_\xe5==2=\x03\xaf3\xd3_Ln\xda\
\xbb\x99\x81oFm\xe3\x0a_y\x8fN\x13n\xec+\
y\xbb\xd6H\xb2\xc0\xd3\xc9\xcd{\xff\x99\x1ex\xc2\xe1\
\x9e\x1e\xd9p\xa2j\xf0\x9eN\xa7\x0cz\xe8\xc9Rb\
\xe3\xfe?\x01\xe8/\x99p\x9d\x04\x7fi\xba\xb0\x0c\xd8\
\xbc\x86\x191\x02\x9ek\xdd\xf4\xec\xbf\xaf|\xe0\x09\xa7\
1W\x1a\xbct\x1a\x82\xf7\xf4\xc8\x85\x0f=YJn\
\xda\xffUb\xfe\x16\x13_\xc3B<T\xe3e\x1a\xb3\
\x95\xb5\xc0u\xcc*\x22\xa5x)\xb9\xb9\xff\x19\xca\xf4\
\xb9\x93c\xdbh\x1f\x83\xb8\xa7G.\xca\x1c,'6\
\xef\xff\xba`\xfaGA\xb8\x9aI\xff\xc1$\xaf\xfeL\
\x94\x02W\x09\x8d\xa0\xaf\xf9P\xfc\xe1\xfd/\xd0\xfd\x07\
\xbd\xd9x\xf4\xe0\x81Jr\xe3\xbe\xbf\x14\x8c\x7fQ\x8c\
\xab`\xd1\x7f\x9d\xce\x0bZj\xa9\xd6d\xbb\x9a\xde\x8a\
~q\xff\xab\x94\xe9\xf7\x1bc;\xe9\xe4\xc3\xa0==\
=\x922\xfd\xd5\x96\xcd\xfb\xff\x1f\x06\xfd;\x83\xaf\x08\
\x19\xc6\xa7\x09\xe0\xde)&\xc5\xa8kw\xfa\x0c\x03\x86\
q\x22\xfe\xf0\xfe\xa3wf\xfa\xfd\x0b\x1c\xda\xeas\x90\
\x1ex\xc2In\xde\xf7]\x0d<\xad\xa1WH\xad6\
\x10\xc0\xbd\xbd\xe7\xc6\xa4\xf0\xd6`\xdc\x91&\x99V\xf0\
l\xeb\x17\xf6\x9d\xa2\xbe\xda)\xeb\x02\xc7\xa64\xc4\xca\
\x07\x9ep\xe2\x1b\xf7\xfe\x1b\x03\xcf\x09AK}\x03\xbf\
:My\x11\x22\x96]p%k\xbf\x94\xed\xda\xb2\x7f\
\x842\xd0\x178\xc8\xd5\xc7\xf8\x9a\xcc\x117\xbaq\xef\
\xd3`\xf1\x92A\xb4(h\x04><\x95\xc7\x0c\x1a\xd9\
\xb1.\xba$f{\xc9d\xb6\xdc\x99\xe9/\x12\x81g\
\x92U\xcc \xba\xff\xa0\x17\x7fx\xef\xf3\x04\xf9\x1a\x11\
\x16*\x9fo\x9fn\x92\x8d\xfb\xd6ba\x19A\xbf\xa2\
\x82\x94\x81\x9eU\xf92\x882\xfd~\xf2\x8b\xfd\xafH\
\xe0(\xa0;\x14\xe3\xe6\x86\xf2\x98U\xbf\xcd\xb6Y\x03\
\xe8\xceL\xbf\xdf\xbe\xa5\xff\x0d!\xf5\x09Mh3\xc8\
\xbdn\xfa\x9dm\xb3\xfa\x92\x01\xa2\xbe\x9a<\xf5%\x9f\
% i\x17\xd4U\xe7\xf1\xf8\x1b\xa9\xc8DQ\xafR\
\xd0\xa5\x96\xca\xdd\xafS&\xa3/v\x99\xcd\x00\xf5\xf5\
\xf4\x88{n\x1c\xba\x0e\x02\x09\x94\xe9\xe5d\xa6?\xd7\
\xd8\xe1\xe4\x0a\xe1k$k'Z\xbc\xeb\x8dfx\x0d\
\xd3a>t\xfb\xe5\x1a\x1cu\xc3\xe2hg\xfd\x84\x96\
\xdfv\xdb\xed\xe1\xb0\xd5_(\xbb\x7f\x97\xd8\xb4\xefw\
9\x9d\x16\x8d\x9d\xeb\xc5<\x04K[?\xb2\xc0\xb7\xdc\
P^V\x06\x96|\xfe@\x95\x08<\xb1\xfd\xb6u\x82\
\xc4\xcf<\xcd\x87&\xaa\xb4\xfe\xb2L\x7f\xb5\x19g\x00\
\x06ht\xc7\xba\x88-M;\x1a-N\xf4\x0e\x1cT\
\x99\x0c\xf4\xe8\xa3\xebo\x96$\xfeM\x10^\x9d0\xdd\
\xff\xbc$\xff\x11\xa7\xb1Q\x99\xeb>\x9b\xf7\xf4H\x0c\
\x9e\x08c\xe1\xb2\x12\x0e\xf71\x90\x06e2:\xf7\xb5\
\xf5\xdd\xf0D\x1f\x08\x87\xe3\x15\xea\x01\xfa\xdd\xc6\xbb9\
y\xe9\xb4\x18\x0f>\xf5\x01CR\xc4\xb3\x22\xaf\xb7=\
\xf0D\x1e\x00\xb2_M]OJ\xff5\x03o\xe4\xaa\
\xe2\xf7\x96\xcf\x93\x17\x902\x14\x0a\xd2\xeb\x8d\x13sa\
k\xea\x1a_\xf07\x88\xf0V<\x18\xfa\x1c\xc6\x9f\xf0\
\xde\x0bot\xfb\xed\x1f0\x80m \x1c\x1b>\x1d\xda\
\xf4\xed\x96'\xbc\xde\xf7\xc0\x9b\xd8q\xfb\x95\x9a\xf9\x11\
\x80N&*\x9d_Fo\x9f\x87^\xd0\x5c\xceA \
\x00{zD\xf1\xf4\xe8\xd5J\xa9P|\x0a/\xb7m\
\xfd\x0a&\xf1\x87\xc48\x13o)\xfd)\xee;\xe8\xcf\
\xc9\xab\xcf\xcf\xec\xf6\xee\x98\x94\xd1\x8fk\xe6_\xf8\xec\
\xbd\xd3\xb0`\x8co\xbfu\xa9\x84\xfc\xaf\xcc|6~\
\xac\xfc8v\x1f\xf4{{\xcf\x9dvf\xe4\x01\x18\xc0\
\xc1@88\xb1?`\x1b\xd7W\x1d\xf5\x91\xc4\xa6\xbd\
O\x02\xc0\xe8W>\xb4H\x1a\xdeo\xb1\xc6H\xd2\x11\
\xdfFo\xbfjl\xe4\xe6\xe2!\xf6c{\xc23\x7f\
,\x88\xba=_\x7f\xb8\xe18V\xd8zs'\x1b\x81\
_q\xb5\xce\xbeV\x15\xdf\xbf#\xd3\xaf\xa6\x9fv.\
\xe4ep*\xb6\xd6\x8e\xba\xe6w\x89p\xa3\xaf\xf9c\
mu\xc7\xb1\x89\xaf\xdf\xd5\xea\x97\xbc\xbb$x\x22\xbe\
b\xc1S\xd8\xd0\xa7\x9b\xe1\x01)k\x22\xa8\xff\x0eL\
\xd7\x01\xfaS\x89\xcd\xfb\x0f\x02@6\x9dJ\x90\xad\xd7\
(\xe6\xd2O_Yx\xa0\xa7\xafO766\xb3\xc9\
\x15\x008\x8e\x94\x15\x0f\xe8\xff\x9b\x08\xd7@\x88\xfb\x92\
_\xec\x7f\xa5!\xff\xf2y\xb5Z\x18V%R\xba\xed\
\xd0\xc5\xe4U\x83\xf7V\xcb\xbdf{\xa5\xbcS0]\
-\x0c|>\xfaP\xddq\xec\xafS\x81\xc2\x00\x96k\
\xa1\xdc\xf8\xa6\xfd\xc7\xea\xdfsv\xe7\xc3\xc6\x06\xb8w\
\x95\x99\x0b\xb4\xf4\x12\xc4\x95>\xe1\x8f\xdb6\xed}\x9d\
\x01\xc2\xeencd$\xd4\x16\xb4}\x15y\xe8\xf9\x91\
f\xe4\x1e\x00\x1c\xee]e.\x0e\xb4|\x01\x10+H\
`G|\xe3\xde\xb7\x1ar\x8e\xd3\xa9\xc0\x00\xa2bQ\
\xe6G\xe5f<\xad\x01\x00\x8fw\x1b\x13\xe3\x91\xff\x06\
\xe8\xe5\x00\x7f3\xb1y\xff\xbbS\xfbO\x09\x1el\xd9\
\xf4\xec\xc9\xf9\xf0\xf2\xd9\xc8\xff\xa1\x98\x97\x80\xd4\xdf4\
~\x97\xbf\x91\x8a\x94+\xfc\x01\x05]\x8a\x16\xf7\xbfq\
QgZ\xa0\xd6\xc3\xbd)9\x11\xc6\xaf\x91\xe2.O\
\xb9\xff\xd4\xf6\xc8\x813SyU\xa5\xca\xcd\xe8\xb7I\
E\xba\xa7G\xe4\xdf\x1d\xfa\xb0f\xeet\xb4\xfb\xef\x0b\
\xb6\xbc0t)\xbcI\xe6\x9e\x1eQ86\xb4Ni\
\xb4\x096\xf7\xc6\x1f\xfe\xe9\x98\x00\x80lV\xb4*\xc1\
\xa6\x19\xa4\xe1f\x95%\x18\xd8\xd0\xd7\xa7\x14\xd1\x08k\
D\xa4\xa5\xba\x1a\xaf\x8a\xe3\x91[\x85/\xba\xe0b\xa4\
i\xe5\x8b\x9a@\x13\xc2\x9b`\x9f\xc2\xb1\x8ano\xbc\
SD\x1b\x84$\x10\xd1\xab\xb5\x9f<#\x9a\xe2\x11\xd8\
\xf3\xaa\x15\xadU(P1\x13\x8d\xfd\x093\xfd\x9a!\
\xc9&\xe2\xbf\xb8,\xd3_\xe5t\xcah\xc6\x13\x8f\x00\
v\xcb\x8er}\x04r\x03\x91po\xfd\xe7\xa6\x14\xbf\
\x0c\xe2\x10\x98\xfej\xe9\x83\x07*\xcf\xe0\x99Y=K\
\xa7\x0a\x0a\xda\xd0\xa7\xf0\xc0\x8b\x85\xe1\xc3\xc3A\xb4\x5c\
aN~\xc0\x13\x1f\x01! \x81oQ\xa6\xbf\x8a\xd5\
=t1^\xad\xff2\xdaT4\xeczB\xdb\xae\x0a\
L~@\xa9;\x01\xd8\x80\xdes\xd9|yA\x1a\xf6\
\x19F\xa5\xe8\xb7L6O\xaa\xdb\x00\xb6\xb4\xcf\xffB\
\x0f<\xe1\x5c\x12\xcf7'y&\xf3\xcd\xccl\x81\xe8\
_W~\xfd\x09\xa7\xf7\xc8{\xe3\xb1\xe2\x1b\x05`H\
\xe6')\xd3\xe7\xf6m\xe8\x11s-\xe2\xc6\xd8\xd3\x86\
>\xc5\xd2\x1b\xa6i<\x12\xe2\x1a\xd6l\x10Q?\xdd\
\x7f\xd0Co\x9a\xe6\xe4\xd5\xdb\xde\xb2\xe9\xe0D\x19\xe6\
?i\xadCa;\x94l\xbc\xd7Z\x5c\xad\xc1\x82\x05\
\x9e\xa7\xc7\x0fz\x98C\xf9\x9e\xe3=#\x16e~T\
\xd6\x8c\xbf2,Y\x01\xf8\xa6\xc6{\x8b\xfc\x15`\x90\
i\x8a\x83\x94\xe9\xafm\x0e\xe6\x98\xcf\x0d\x1e=x\xa0\
\xc2\x8c\xbf\x8b\xdaFH\x0a\xdapn\xbd\xd9K\x95\xaf\
\xc8d~\xed\xceL\xbf\xdf\x9bn\x86\x97\x12K\x1f<\
P\x11\xa0\x7f\x00\xa8\xd3 \xfaD\xe3\xbd\xa8\xfa\x0bM\
\x90f\x16o\xd2\x86\xbe9\x95y\x83\xf7\x0cR\xa2f\
\x92\x17\xdf\x03\xb8\x93\x89~u\xf2}X\xb4\x82Xk\
C\x1f\xdb\xd0W\xe7a.\x1e4V\xf7\xd0e\x99\xfe\
\xaaA\xf4#\x02\xdaI\xeb{'\xaf3J^\x8c\xa5\
V,\xd4@3\xf2\xaa\xc1[\xf9\xc0\x13\x8e \xfa\x89\
\x82n\xf7|\xbe\xab!w&\xc6\x9dP\x85\xe0\xfb\xd5\
\xc8\xe8\x94\x93 \xcf9\xff\xfaz\x04e\x8e\xb8\xc4\xf4\
\x8c&n#\xf0\xed\x8d+\x10\x14M\xc3\xf3\x847Z\
\xb4\xf2\xcdx\xf8\x12\x81\xfb6\xf4\x88k2G\x5c\x06\
?\x07\xe2\x16h\xdc\xd2\x90\x8c\xfc\xd8\xda\xe0q\x00]\
\xe8\xae6\x15*C`\xf4\xa6\x89\xee?\xe8\x11\xe9\x83\
\x00\x92\x80\xecn\xbc\xaf\xf8f\x0b\x0c!<a\xb8\xcd\
\x84\xefL\xe51\xe15A\x9c\x00\xcb\x0fN\xe5\xf9\x0c\
\x03\x16&O\xe6\x17\x93\xcb\xb5\x0dq\xbf\xaf\xa1\xdeT\
\xd0q\xc3\xb2?0\x9d\xd7\xac~#\x80{\xd35\xcb\
\x1d\x19t\x8c\xc0\xd1\x90i^q\xa9\xbc)\xa6T\xa5\
\xb5>#\x04E\xb4t\x97\x01\xa8\x99l\x94\xe5\x04\x84\
\x10\xe5\xa8\xef\x17\x9b\x0evjtI\xa5\x92\x97\x00H\
p\x07\x03\xc4\xbb\xee\xb5}\xf0n\xd3\xc0\xb7\x99P\x13\
:\xe9\xe6\xe3\xa9\x8a\x88\x94\x0c\xc1\xe4h\xd1\x0a\x00G\
\xff\xe0^\x1b\x8c\xffT(\xb8\x15\x9f\xd5\x13\xb5\x9d\xe2\
\x1d\xba\xd9\xe6%\x96\xa3J\xbe/\x85\xa6D\xfd\xd4i\
\x01\xb8\xa1\xe2\xa9\x11)\xf9\xf9\xda\xe0^\x9c\xd7x\xb2\
\xa8\xf8\xd2\xd3\xa6\x15D\x842\xd0\xf5\xf8\xbb\xeb\x088\
E\x1a/1@w\xcc\x83\x87==\xc2\x8e9VN\
/\x0aR&\xa3\x0f\xa5WYDX\x05\xe6\x01Mx\
\x99\x01\xc2\xe1UMm\x0ej\xa6\xaf\xfdcmW\x8c\
\xfe\x22\xb2,1\xc6\x00\xf1\xee\xfbL@\x5c\x05\xa6A\
\xd7\xb7^m\x96\xd7x\xa2\xbe_d\x82_\x91F\x0c\
\x00^\xda\xddm\x0a\xd0\xe5L8K\xd2=\x5c\xe3\xf5\
\xcd\x8fg\xf8^\xa5Z\x89\x02\xa0z\xfc\xf1r\x22\x1a\
R\x8e~\x93\x01\xc2\xaaK\xe3q\x9d\xc7\x02K\x18\x18\
\x91B\xbd\xcd\x00\xf5\x5c*\xaf\x1es\xcd\x8a\xbb\xa4\x10\
#U\x81\xe3\xb5\xf9\x97\xe1fc4E\xd0%)\xa7\
\xf0zz\xa4I\xa2\x03L\xe3\x15\x9fO\xd5\xed\xe6\x17\
\xe7e\xfa\x15\x03$\xd9\xfa\x87b\xa1\xf2q\x22\xf5\xbd\
\x86IT\x19\xba\x15@V\x09g\xa0i^\xef\x1d\x9a\
\x0124\xbfX\xf6\x94\x02p\x17\xef\xba\xd7\x06\x00i\
\xe88\x09\xe4\xb4#\x87\x1bf\xf8\x8b\x7f\xdb\x1aO\x90\
:\x08\xf0\x04\x83\xd6\x1f\xad\xf3\xb4BDk\x9d\xf7\x85\
76c\xf0\xe3L\xb4\x06\xcf\xc0+LT\x00hm\
}\xedB\x92\x0e\x12\xa3\xd0\x96pr\xcd\xf2px\x15\
3@\xac\xf5\xa1\xbag\xfdM\x9c\xae\xf1\x846-\xe1\
\x9b\xc5\xa8\x19,\xccu\x92\x9e\x91G\xe2u\x02JB\
\xe0\x06N\xf7X\x04\xb0`[\x08\xe9\x95\x8fw\x8dT\
\x9a\xe7\xf51\x00b\x85\xb7\x04\xa3l\x80\xae=\x94^\
ee2\xd00\x12\x1a(\x96\x97\xe3\x0e\xb7\xd9y\xdc\
\x98\xf3Lx\x97\x80*\x83W\xbd\xb4\xbb\xdb$\x22\x1e\
\xd7\xf6\xe5\xeda\xefj\xb4\xbc`6\x1f\xddZ3\xd7\
{\xbey\x82\x88\x1c@_\xd5\xc8\x1dP\xa9V\xa2l\
\xf8\x9e#\x9d\x89fi\xbdu\x9eA8\xad\x19\x1e\x11\
_^\xe7Q\x837/}T\x9f\xa3\x0e\xa9\xb3\x80\xf0\
\x99\xb1\x9c\xf7\xd4\xae`.\x85\xd7\x98\xf3\xec\x1a#\x00\
i\xad\xb1\xe4\xbd\xf0&eB@\x8eC+f\xc6B\
\xde\x03)\xd0\x9b\x92\xb6/\xdaX\xf9\x11\xe4m\xaf\xd9\
\x09\xd3\xf8Lk\x97\xaa((x\x10q\x00\xc0\xf8\xb8\
\x0dB\xd2\xf1\x94\xa7\x83\xb5\x05\xdc\x8c@h\xf0\x16\x14\
]\xc7\xd7L\xacu\x0c\x00ZZ\xc6m\x01nU\xcc\
\xa75q\xdd\xbc\xd1\x94\x00\xac}&\xdc\xe1\xc1\x94\x22\
h\xca\x10\x00\x8c\x1e;ckB\xab :Y\x09\xca\
\x93\xb5\xddS\xa6i\x01\xbd\x1a=>I!}m\x84\
j?\x19\xb6\x00$5\xe8L\xd4\xb2N\x11\xc0\xc84\
\xcfCO\x9f\x96\xd5\x90\xe9\x95t\x10\x00\xda\xd1n1\
#\x0e\xe0L,\x11;3_\x1ee\xa0O\x9d\x8a\xc9\
\xb3'\xde\x0c\x10\xc0g\xf3\xc7,\x10\xc7X`\xd0\xf7\
\xc3\x83\xcd\xf2&\xe7\xc0\x92%\xae\x82W\xa1z\xd8\xd8\
\xc2\x01\x98`D%p\xb6`\xd1P\x8d\x87y\xf14\
\x93'\x84a2\x80Sy\xc7dp\x18\xcc\xc3-\x8b\
\xc5\xc8\xa5\xf0\xd8\x87/\x84Q\x13&-AI\x10A\
\xcd\x18\x1d.\x9b\xe3\xef\x99w\xf8\xb0d \xa0\xc0c\
\x13v0[\xdf\xc17\xb3?e\x22pGGG\x85\
\xeb\xdf\x17\x00p\xf7\xbbB\x83-0\x8d/t\x17N\
\xcce*\xbe\x80\x07pl\xf3S\xe3J\xeaA\xad\x8d\
Po/hE\xf2]AZ\x9a\x00\xb2\xf1\x88Wh\
\x96\x07\xd4\xaep\xaaF\xcb1\xd7\xe7\x01&j\x19\xc3\
\xb8\x0d\x00\xca\x87\x01\xa6\x89\x04Pl\x9a\xd7[\xe7\xd5\
\xd6h\x16\xe0e-\xe3\xe3u_\x09!H\xe8|\xdb\
e\x8b\xcaM+\xa4:\xcfQ\xde\x190O\x10\xf3\x92\
\xb1\xc3'\x02\x00\xe0)&_p\x11O\xd5\xa2\x15\x9a\
\xe2\xd5\xaf\xacb19@Dy\x00\x8bGCgl\
\x00\xa8\x18\x82}i\x96kW)\xcd\xea\xa3\x1a\xafB\
\xc6Y\x80\x8a\xd0XT\x97\x05\xd0\x9eR\x86e\x96\xbb\
\xef;\xe8\xcfC\xbf1\x00Nt\xc4\x87\x00*3\xf3\
\xc2v\xb4[5\x99z\x92\xbbP\xf1\xe7\xb2\x0a\xcd\xc2\
C\xa5R\x1de\xa0\xc2\xa0\x05\xddE\xd3\xa8\x9d\xba`\
x\x8a\x09\x0b\xa3\xf3m\x1f\xca\xc1\xf2\xb8\x06;L\xe8\
8\x15s\xcc\xda\xe8\x1a&\xfb\xf0\x97,Y\xe26;\
\x1e\xbdu^\xb8\x84\x9c\x14\xec\x00h?\x0e\x18<\x85\
\x87y\xf0\x1a\x9b\xb0\x05V|\x82@\x1e\x81[\xdf\x1a\
,\x18\xb8D^c\xce\xc7\xaeh)\x80\x85\x02d\x12\
\x87\x0f\xcbI\x9e\xc3\xeaRxgr#eU\xf3}\
\x8e\xe3\xf0*)r\x09D\x94\x10\x7fOJ~g4\
\x14\x0f\x9eg\xa3o\xfa0,,\x13\xc2\x02\x03c5\
o\x05\x97\x08E\xdf\xf5\x14.\xe1\x11D6I\xb6\x18\
 \x0e\x19\xac\x01\x0f\x80\x83K|\x04k\xabJ\xa8\x09\
\x83Q@\x00\x0e\x08N\xc7l\xe9H\xe6z\x8e\x1c!\
%|[\xf9\x9e\x0d\x00\xc35U\xef\x12\xc39{)\
\x8d\xeb\x05yR\xd8\x91\x88m\x02@G\xc4b\x80]\
\x80\xdcK\xc11\x83\xa2\xc2\xb6\x83~\xcc\x02\x80\xa1\xb3\
C\x00\x93K`\x07\x18\x9c7\x8f6\xf4\xa9\x96\xe2\xc4\
\xd1de\xf4\xcd\xc9\xbfAp4\xe0^\xeax\x90\xab\
'\xb3\xce\xa8\x98\xcdL\xe4\x92`\xa7~\xbe\xc4{I\
c\xf6V\xcd]\xc6%\x08gyK\x90\xf1><$\
\x84#4\xb9W.\x8c\xf2y\x9b\xbbKn\xa6vI\
\xb0s\x18\x87\xe7\xff\xcb}\x1b\x84\xf0aB\x12\xf7\x02\
\xe8^\x18a-\xd8a\xe8y\x8dGC \xb4\x95'\
*,\xfcOICmh\xdd\xffb\xa9\xb6\xcb\x17\x8e\
f\xbe\xa4\xf5fX\xa6dF\x04D\x96\x08\xaa\x9a\x8f\
\x89\xaf]M\xc2}\x0f]f\x13`5\xfe#\xb5\xe9\
Hm8X\xd5\xbc%\xa71b\xf5\xf5jk\xb0\xdd\
V\x7f\xe5;\xbek*\xed4e9\x98\xf6,\xa8\xad\
\x07\x1b\x04k\xb4\xecQM\xa1\xe7\xdd\x82v\x9c\xe66\
B36\xd6b\x22\xbb&\x0b\x80b\xb0\xed\xaa\xf1H\
|\xe5\xa5e$\x5c\x08\x06\xd9\x82\xd8B\xde;\xe7`\
e\x09}\xc9\xf2\x14\xb0\x88a\x0fO\xe1]\xf2\xb3\x1c\
`M61[2\xef\xbcg\xde\xf1\xf1\x0a1\xb4\x0d\
&\xeb\xca\xf9\xca\xf6\x19T\xfa[\x83\x05\xd2\x82-\xd6\
\xfa\x9c\xe3\xadb\xd2\x06<\xf4\xec\x99w\x1f\xae\xc6j\
H!,\xc9l\xbd\xd5\xb2\x94D\x22\x81*\x11\xc6m\
Kt\x05\xfc\xf1\xcbj&\xd945{\x91>Q4\
\xa3\x00\x92,\xe0\x81\x80\xf1\x96\x16\x87A'\x00$\x03\
LK\x19 \xf46\xcf\xcb\x01\x11\x10\xc7\x01\xf85\x01\
\xb1\xc8\x01\xd1I\x10\xc5mi.j\x9aW\xef\xc0\xd1\
cgB\xacE\xcc\x80\xd6\x00\xd0\x16Z\xe4\x008\xcd\
\xcc\xb1|^uM\x86\xc24\x9b\xbe\xec\xeewmC\
S\xc4\x0cR-\xe3\x10:\x5c\x08\x9c\x018\x12d\x7f\
A\xb3\xbc\xc9\xa7\xe5^\xd3P^\x88*^\xdd1f\
\xdc%\xa2A\x80C\xb9\xe1\x89N4Bk\x9a|\x0e\
>\xdem\xf8\xae\x17\x12\xa6\x94\x00\xf0\xc1\x95\xa6K\xe0\
\xb3\x04\x04\x83\xc1@\xdb|\xaf\x048\x9d\x16\x03\x08\x1a\
hYJ\x000\xd8\x05\x8f\x18\xc3\x02d\x87*\xa1\x96\
\xf9\xf20X0LI\xac\x09>\x01\xbc\xbc6\xce#\
J\x93]\x0a\xd7\xbc\xd5{\xd3M\xa7\x0c\xc4\xa9S\xa7\
,2`h]Kvr\xe5\xc2\xa8\xcf\xa01\x06\x9b\
g\xdd\x89x\xb3\xearr|\xa7\xf1\xb0z\xb5\x02T\
\x16\xa4e\xfe\xed\xf1h\xb3\x1b\xd4YyO\xad\xd0R\
 G\xac\xc5\xa2D{\xe8\x92x6I\xad}\xaf\xa6\
0\xee\xd0\xa4U^Bbl@\x06\x9bM\xa17\xf9\
\x99\x98c\x924\x8a\x8e\xa3G\xd1\x07\x8d\xc3\xab\x98\x0c\
*\x18\x82\xf8l\xc4\xb2\x9bN\xc9\xd7[\xfb\x8c\xa8\xa8\
\x0e\xdb\x94&\x18\xd9d\xb0\xbd\x0a\x00\xbe\xe6\x12<\xa5\
Q\x1a6\x9b\xdf\xf2\xd6\xd6\x90`Z*\x89\x16+\xd0\
XkK\x8b\x03\x00\x86\xf0\xcb\xac\xb4:\x8c\xbe\xe6\xd3\
\xa7\xf6\xa6\x89\x01\x0aV\xd4R\xcd\xbcT0\x8d\xbdu\
:\xe6\x02\x80\x19\x16\x15\x15({\xe8\xebi>uj\
\xba\xc6+\xb8\xee\x12\x01^\x04 \xdb\x16Z\xe40\x83\
\x16,\xbb\xaa\xbadI^\xcd+\x15k\x9d\x97\xcf\xe5\
\x17\x01X$\x80\xdc\xe1\xe2\x99\xda\x9c\x91\xc4\x12f\x10\
\xa7NYM\x8fG\x9dg\x18\xa5\x85\xa4\xb1P3\xe5\
\xd1\x05\xaf\xe6\x83\xe0{\x82\xd8\x9c\x1f\xaf\xe6!\x1du\
\xb9S\xd5\x92\xb9\x140x\x8eG\x06\x8cK\xe1\x8d\x9f\
\xd6\xed \xea PiI\xcc\xf6\xe8=\xf2:B^\
\x8b \xb41t\x05\xe3\x155\xd9>bsxx8\
8\xdds|\x0e}\x04\x00\x88;\x95\xa4\x04\xb5\x12P\
\xad\xc9\x02@\x08Y\x96J,\xcco\xbb\xbb\xa5\xd9\x94\
\x9a\x8d5>h\x0d\xc65q\x8bbxg\xc6+J\
\xd0\xef\xf5W\x01\xfc,hJ\xe1\x0bZS3\xc9>\
#\x9a]pR\xdb]\x00\x92\xf0y\x8c\x00^\xf9\xc0\
\x13\x0e\x81\xf7\x03\x14\xd7,\xbbk\xc7\xf3\x8b\xf3z\x1b\
\x0b\xd8V\x1d\xac\x91\x80/&\x08\xe0Z\xac \x1f \
\xe6\xa8\xf6q=\x01\xfcL\x13\xbc\x86\xd05\xb4\xd9*\
\x84\x88\x09Y7\xa7\xd5x/\x11\x10!!\xae!\x9c\
\x0b\x0fi\x867\x9a\xb3\x13L\x88*\x16\x15\x00\xb8&\
\xd3\xe7j\x8d\x97\x19\x08\x13\xeb\x0f4\xcbk\x0cZ\xc1\
\xabD\xb5\xe1E\xb4\xf0j\xe6\x8c\xfb\x0fz>\xf85\
M\x08\x91\xc4\x95\x00\x18\xab{\x9a\xe6-\x1fh\x0fj\
e\x8649\xba\xc1#\xd0\x11\x06\x02\xc4X\x01\x00}\
Gz\x9aV\x98\xc7\xf1\x8c\x05DB\x03\xe3#\x92\x01\
\xba\xe9\xfe\x83\x1e \xdedf\xdb4\xbce\x8d\xd9\xdf\
\xf43~\xb37R2\xdfh\x11\xce;\x8d\x10\x02f\
zG\x10L\x9f\xb1\xb86\xb5\x9a\xe7\xd9\xca\x8e\x93o\
\x98\xc1@\xb0@\x04\xa6\x0d}\x8a\x08\xc7\x01m\xd8,\
\x17L\x9d\xab\xcd<\x05\xc3\x88L\xe7\x09\x81S\x00\x0b\
\xb2\xfc\xf6\xa9s\xf5\x92x}}\xca\xd5\x18TB\x12\
UU\xcb|w\xd0\x17\xf02\x19-5\x0d+\x00\x08\
\x06c\xf3=\x9f\x17\x0c#\x22|\x0e\x86\xad@\xa5\xb6\
\xde2\xda\x16z\xcc\xd7\xc4\x11\x14\xc3\xf35Q\x12#\
\xeb\xf9\xf8\x94\x01\xba\xbf\x11\x87\x1c\x10\x9cc\xc3P\xb9\
\xe3\x084\xdd\xbc\xba\x0c2H\xde\x1b\x8dZA\x22\xfc\
\x07\xd5C\xa1\xdc\x0a\x8a\xca\x14^\x12\xc1y\xe4/\xaf\
9n*E\xb7\x04M\xd9\x0e\xe0\xe5\x95_\x7f\xc2\xd9\
\xb3\xa7G&\xc4\x99\x8a\x93\xb7]l\xe8k\xfaD\xf3\
L\x9d\xc7\x0271\xb0\x84\x08\xafR\xa6\xcf%\x02\x17\
O\xe4ZG\xdfn\xfb`\xc1Z\xdf\xda\xb4\x02Y}\
\x84j\xf7\xc7\xb8\x01D]\xcc8\xd2H\xf7+\x95\x9f\
'\x86Q0\x8cH\xf3G\xad\x1a\xcf2\xdc\xeb@\xbc\
\x10\xd0o6Bo\x82\x81`\x81|\xc3\x9c\x1f\xaf\xa7\
\x16y\xa0\xac\xd5\xc4X\xa0\xc1\xef\xdc\xf4\xf8{\xe0\x1d\
\xa9\xf1\xa4-\xaeb\xe6N\x00\xc7\xebq\xd7|)\xbc\
\xbe:OiyE\xcd\xc9\x0e\xa7(\xd3\xefS\x9d\xa7\
\x94a\xea\x8a\xc5M[%\xea\x87\xbc\x80\xc6r\xa5u\
;I\x1a\xa8\xcb\x16f\xd6\x9f\x88D\x83\xff\xa2\xc8\xfd\
M\x02\x18\xe9\x94lV_\x06\x0dZ\x02\xad[\xb5\xa0\
\xe1;3\xfd\xbe\x00\x00\x05\xfe\xa7\x82\xe3\x97\x89\xf0;\
\xfc\xd8\xda p\x87\x9e\x9a\xb8}Fm\xde\x0b\xe6t\
\xca\xf0<\xdd\x0d\x02\xbbl\xbc\xdbx\xef3\x7f\x0f\xe0\
!\x0d\xfe\xcd\x93\x8f\xad\x0d\x02\xfd\x17\xe5\xf5f\xc0O\
\xa7S\x86Gt\xad4$KvN\x9e\xcb\xb2\xcd?\
\x00h\x08\xd0\x9f\xe0t*pG\x13<P=\x9d#\
\xe9\xab<\xb0\xd0\x01c\xd2\xfe\xcaB<\xc1\xc0\x88\xcf\
\xfc\xd1c\xe9T\x00\x87\xfbx\xae\xdd*\xa3\xc6\xdb\xd3\
\xd3#\x85/.\x03\x93\xe0\x92\x1ek\xbc7\x0d\xfa\xa9\
\x84\x18\xd1\xcc\x1f>\xba\xeb^\xbb\x19^#\x8c\x86\xb4\
\xec\x22%d(l\xe6\xcf\xbd\xa7\xbd\x82i\x94\x89\xef\
\xe0\xf4*\x0b=}\xfa\x22\xa7\xa4\x1a\x8fAF\xa0\xd8\
\x16d\x18\xf1\x16\xbb<\xc5f\xf4<\x98\xc6\x09\xb4\xee\
Pz\x95\xd5\xb3\xe7\xa2\xbc\xc9v\xb6E\xdc\x98ij\
\xb3\xab\x0b\xde\xb9\xbb\x0eu\x10@\x96Yt\xf3\xeen\
\x13\xbd\x19n\xf6\xdab\x00\x07\x03\xcb\x01\x9c\x97\x1b\x95\
\xd4/4S\x8e\x18\xd76\xcbk\xb4\xc5\xd4\xbe\x05_\
\xeb\xa0\xe1\x8dO\xce?\xd7y]BL\x08\xc8\x9a\xa3\
H\xef\x851\x893zV\xa7!\xe0\xa2\xdd \xf8S\
ye\xcf{\x9bA\x05\xf6\xf92\xde\xd3#{3s\
\xf3\xa6\x8e\xafW\xe1\x8e\xe9<\x8b\xed\xe3\x06TA\x08\
\xb1\x88\xf7\xf4\xc8\x8b\xf5\xdc\xc5x\xca\x95\x03$P\x94\
\xcc\xed{z.\x81'\xc9\x0b\x06\xcf\xcd\xe7|P\x8c\
\x90\xc1%\xad\xcd8\xa7\xd1\x5c\xc4A\x9d\x07\x0b\xed\xda\
\xd0\x03\x91\x96\xe2\xb3\x93{\xae\xa0\x97\x13B\x96M3\
\x10dn.\x22\xa2\xe1\x18\xc9\xcc\xd7i\xc5\x90\xcc{\
\x1a\x9a>\xd1U,Y\x06\xaaV\xc8\x96\xcd\x9e>(\
\xd3\xef\x1fK\xa7\x02\xcc\xf4\xfb\xbeb\x87\x88\xff\x19\x00\
z\x0e\xafb\x8c\xbf\xedu\xac\xee\xa8`\xd7\x9ah\xc3\
\xcc;\xe7\xf8\xa6\xd3\xe2\x0e\xdc\xa1O>\xb66\x08\xe2\
\xcf\x80\xa9\xec)\xfd\xaf\x8d\xf7\x8e%\xab\x96\xa9\x85'\
\xb9\x83\xd3i\xd1\xf0\xda\x9f\x8bW\x93\x19\xa9\x80\x02>\
\x0dF\x15\xa6\xfeq\xe3}0b\x8c\x1b\x04\xdf\xab\xcc\
\x8fw,\x9d\x0a\x00b\x03\x00\x07R>=\xc93\xbc\
K\xe2\xf1\xae{ma\xd0\xc7\x01rM%\xf7\xbd\x17\
^\xef\xaa>\xae9\xd8\xf2/\x13\x91\xeb\x11\xbd0\x95\
\xc7\x04\x9f\x94\xd919\x1e<\x17\x0f\xa2gO\x9f\xe6\
t\x8f\xa5\x88\xee\xd1\x80O\x92~\xdex_r\xcaY\
!D9\x04\xef\xd7\xc7\xb7w\xc7\xcf\x0b\xc5\x9b-\xcc\
\xac7\xc3\xb5\x82\x14\x9c\x22A>k}h\xca'^\
\xf2]\x15\x14\x84\xcf\x9cI\x7f4t1}\x99NC\
\xa0\x17\xcc\xf7u\x9b\xa4q\x8b \xa1\x04\xd4\x9b5\x0b\
O:-Z7\xed{N)\xfe\x013\xd6\xe5<\xfb\
\x11\xcad4e2\xfa\xe9F\x22\x84\xe9\x81\xedTs\
0\xc9\x87\xf8\xc3\x04\xac\x04\xf8x\xdb#?;\xd3\x08\
,\xaf\xc5\xff\xd1\x0fAX\x13s\xcd\x07)\x03M\x99\
\x8c\xbe \xd1@=\xb9\x02Q\xcd\xc1\xe4\xfa\x80\xbe]\
\x02+<\xc5\x03\xd1-/\x0c5x\x89\xcd\xfb\x0f2\
\xf8\xc7\x04\xdc\x90\x0f\xf0g'y\xd3\x13\x0d4\x02\xdb\
\xeb\xbc\xfc\xf1\xa15\x0c^J\xa4\x87\xe2\x7f\xf0\xd3\xb1\
F\xa0z\xf2\x8b\xfd\xaf\x80\xe8)\x00\xd7%\x03\xfa3\
5\x1ef\xe7\xd5\x1d`\xee\xb8q\xe8:)\xd0\x05P\
6\x99\xe9\xcf5x\xd1\x87\xfa\x0f1\xf4^f^\xd5\
^.\x7f\xaa\xc1\xdbS\xe7M\xc6[\xe3\x1c\x0f\x00F\
\xadgV*\xcf\xef$F\x81\xea\x99Q\x98Am\x9b\
\xf6\xbe\xce\xac\x9fg\xc2\xcal\xb0\xed\xd7\x1b\xfd}A\
\xa5\xa0sU7\x18\x00\xb2_\xbbs\xa9\xc7\xa2U\x09\
T\xeb\x96\x0db\x06\xc57\xee}\x0b\xc4\xff\x01\x12\x97\
-\x0a\xb4\xfd\xf2y<\xcc^A\xa5\xb8\xf3\x9ev%\
\xacX\x80\xd8o\xec\x9e\x99A\x89\xcd\xfb\xdf%!^\
\x01x\xe9\xc4X\xe4\xae\x06/=\x13o\xca\xffG\xd3\
kbd\xe5\xc2\x88X\x12\xf501fP\xcb\xa6g\
O\x12\xe1\x10\x83\xbbr\xe3\x91['\xdb7\x83\xb9\xe8\
<\xfe\xeen3Y1\x06\x5c\xa9\x8f\xe0\xb3\xfd\xa5\xc9\
M\xc3#\x07\xce\xf8\xac\xdf\x84\xd2\x1dy[u7\xe6\
\xc3\xc5\x94z.\x90Z\xca,\xe2\xbeF\xae\x1e\x03L\
\x0c\xd0\x82-/\x0cIA\xef(\xe2\x96\xe2\xf1\xc1\xd5\
\x8d\xf90kb\x99\xc6xD~\xb2\x04B\xc6\xa6\xf3\
\xe2\x0f\xfftLk\x9c\xf2\x99c#o\x0f^\xde\xf8\
\xfc\xac\x81\xfc\xb3\xf3\xc0\x00%3\xfd9\xc58\xab\xb5\
\x0e\xddu\xdd\xd9\xae\x8b\xc5#\xce\xc5\x03\x80\xce\xcf\xf5\
\x17\x99\xf5\xa8\xcf\xca*DS-\xcd(\xdf\x06\xaf\x96\
rT\x970pp\xd2\xffc\xe9\x83\x07*\xa5\x92\x9e\
\xa8\xc2\x13\xc3\xbd\xa9\xf0\x5c\xd5f&S\xf4e2z\
|\xfb\xadK\x01|sl\xc2\xf9\xed\xe8\xcf\x17<\xdb\
p2\xa4\xfb\x0fzQrJm\x09GM\xfd\xa63\
\xf2\xb8ve\xc5\xe9\x94\x91\x08\xf0\xffL\xc6\xacn_\
\xeb'\xe3\x9b\xf6=7\x99O \x03=r\xf4lG\
\xde\x09\xac\xce\x9e8\xbdxj\xa8\xdb\xcc\xca\xbc&\x1f\
\xa3\x9e\xb9\xcd4\xc4\x1d <\xd9\xf6\xf0\xfe\x17\x1a\x89\
g\xda\x1ex\x22\xefh1\x0e!c\xd9\xc8O\x96\xcc\
\xc6kx\xed\xd7x\xd0\xb9 \xa7\x01|\x08\xc4O'\
\xbe\xb0\xff\xe0d\x22\x9b\xcf\xf5\x17}\x8d\xdc\x5c\xbc\xa9\
\x89j\x1a\xbcd\x80\xbf\x08P\x8aA\xfb\x93_\xec\x7f\
\xa5\xb1\xde\xe7\xe2M&[\x99\x92\xa8f\xb2}\x95\xf2\
\x03\x00\xd61\xf8\x85\xe8\x96\xfeCs\xf1\x90\xaeG$\
\xcc\xc2\xcbd\xa0\xdb\xba*\xf7Ac\x0d\x18?o\xdb\
\xb4\xf7\xf5\xa9<\xd2\xc8\xa9\xaa\x0a\x8d\x1e;\xd3\xd9p\
h</1O#Q\xcd\x9e\x1eI\x19h\x22p!\
t\xf6w\x08|#4^k\xa4/\xe5==\xb2}\
\xe3s\x05V\xfa\xb7b1\xebo\x08\xe1\xed\x8d\xf9\xc5\
\xd3\xf5\xdb4^v<\xf8\x1bL|\x1d\x81^Ol\
\xde\xffn\xa3\x8f\x13\x9b\xf6>Y){?\x8c\xd8\xc6\
\x0d\xc1\xe0\xc4W\x1a\xf3a:\xaf\x91\xa8&S\xe7\xe5\
.\x0b\xfd*\x03\xab\x94\xe6\xb7[6={\x92\x19d\
4\x06\xaf\xb0\x83\xfeDk\xbe\x8a\x89\xffKn\xc7z\
'.\x82\x8f\xd1\xf4T\x80\x04\x00}\xaa\x96:\xad\xfc\
\x9fIc\x9d\x10\x18\x12R\xed=w\xaf\x93\x06s\x86\
\xf2\xdb\xf4N\x90\xb8\x92\x09\x9f\xcen_\xefVe\xf0\
\x9b\xb4\xa1\xaft\xce\xa1\xbd\xf1\x1b\x19>\xba\xeb^\xbb\
\xb5R\xf8\x103\xba\x05a\xa4Z\xa5\x17\xa7\x1a\xf7\x99\
34\xb1M|]C\xaf\x00\xf1o\xe4\xb6\xadwK\
\xd5\xca_Q\xa6\xaf|\xde\x94\xaeg\xdd\xe1t\x8f\x95\
\x0b\x0c\xafSJ]+\x84\x1c%\xad^\xc5d\xb0v\
\x8d\x97\xfb\x0a\xff/ib\x99\x02>\x9e\xddq\x9b\x93\
0\xbco\xd3\x83}\x95\x19y\xbb\xbb\xcd\xfcX\xf0F\
%h\xa5\x06\xb2\xc9@\xf5\xcd\xe9\x0bi\xd0\xf7\xbf\x15\
4\xcc\xc5\x04\xfe\xa5\xf1m\xeb\xdddU\xfe\x13e\xfa\
\xaaSy\x0d\x8f\x5cN\xa7\x8cbX\xad\xd2\x8a\x97\x11\
x\xa2R\x95'\xa7\x9a\xe2\x19\xc0\x98\x90{\x0c\xf0\x02\
\x00wf\xb7\xdd\xe6$B\xe1\x1f\xd1\x03O8S\x92\
\xf7\xd4xTK\x9dv\xa3\xadV(\xdf_`\x10\x15\
\x0a\x9634\xd5\xd4\xc7\x00\x95|\xfc\xc0\x15\xdc!\x88\
\xd6M\xec\xb8\xdd\x19\x0a\x84~:=Ua\x83\xc7=\
=r\xfc\xe6\xb3]\x9eSI\x06M]\x0a\x5c\xb9h\
b\xfa\xf7\x1d\xf2\xab?1\xc8j5\x88o*\xec\xb8\
\xdd9Q\x1e}\xf6\x9a\xcc\x1173\x83\x22\xe24\xc4\
\xa0\xb5\xbeUh3\x14\xb5\xaa\x15\x14]g\xaa%\x92\
\x01*\x18\xb4Wy\x9c`\xa8k'\x1e\xbd\xdd\x89\xb5\
\x96^\x22\xba0[MC\x91\x0e\xf7\xa6\xc2\xd9\xac)\
\x8b\xf9\xa2\xbb4s\xa0\x80\x8dS\xae\x0a\x08\x90\x84\x17\
\x00\x11UP+\xb3_M9\x89\x12\x0e\x11\xcd^\xe8\
\x03iP1(+~\xb1Z)\x04\xf5\xe9\xe9\xa6R\
\x9f\xadW\x05\x9c\x90\xd6b\xd9\xc8\xd6\x94{\xc8\xc5\xdb\
\xb3\xa6*\xdc\xddmf\xf3V\x97\x86\x5c \xa4*\xc7\
\xa0.\xe09U\xf9\xa6\x11\xd4\xb6\xa1h\xc1\xf8\xce[\
\x9c\xe4\x8b\x8bO\xcf\x94Z\xb0\x91\xb0e25\xe8\xf9\
\xbc\xc9\xd9\xd5j\xba\xc7\xc7\x95--[%\x0b;\xef\
q\x22\xc5u\xa33y\xcd^\x8c7\xb99\x0cF\x87\
\x16\xb3\x8fj\xa1\x14\x1eM\xafq[{_,\xccd\
\xbe\x9b\x85w\xaa\x11\xbf\xd9\xe0u\x01\xb9\x89\x167*\
\xf2\x01\xc9\xf7u\x9b\xf4\xf8Ao\xa6\x8d\xc2T\x9e\x04\
-PBW;6=\xfb\xf7\xd3\xdb\xd7\x9b?\xe0\xf4\
\xe6\x81\xa1]7wd\xb7\x05\x82O\xfe\xbc\xe3\xd4\x8c\
\xfdG`\xdesD\x94N\xebvrh\xb1S\xf1\xc7\
\x0dCl\xae[\xf1 \x1as\xd4\x13\x05\x19\xf4\xcb\x9e\
\x96\x0b\xc6w\xde\x82\xd9R\x0b\x12\x81\x87\xd2\xa9\x05\x81\
 \xff\xb1m\x8a\xdf\xaf\xb8\xea\x84A\xc6\x97\x1b\xbc\xc6\
\xd3n\xb8\xa7\xb3\x90!=\x07\xaf&\x0f\xfa\xfd\x91\x1d\
\xeb\xa2\x92\x8d\x0c\x80\xcf\x02\xfc\xa6\x0f\xfa\xdat^\xec\
\x22\xbczf/\x06\xa0\xf9\x1b\xa9H\xae\xa873\xe3\
\xbf\x10\xf06\xb1\xfez\xdd\xb7gR\xfa\x9e\xc7\xfb\xf2\
-H^U\xe7e2<E\xc60\xd0\xaf\x87\xd2\xa9\
\x88\x1d\xd0\x7f\xa8\x99\x7f\x07\xa0w\x83\xd2x\xbc\xbe\xb1\
9\x8fW\x82\x0c)-\x17\x94\xb7\xdf\xca\xb4\xe9\xd9\x93\
@\xbf\x06\xfa1\x9d7\xb8\xf3\x9ep\xc0\xab\xfe>H\
o\x00\xe38\xfb\xf8\xd6\xd4\xf61@g\x85=\x10\xa0\
R\xd8\xd4\xf2o\xf3;n?\xed\x96\xab\x0fP\xa6?\
\x8f\xa9\x0a$\x03\x06\xfa\xea\xa9KC\xbf\xe7k|\x1c\
\x8c\x93\x10z\xcfd\xff\xd53\x1c\x8e\xed\xd0\xff\x5c\xc8\
9\x9f\x0e\x9a\xe2\xbfe\xb7\xdf\xe6\xf8\xa4\xbeD\x1b\xfb\
\x0b\x17^\xa3\xf4\xe1\xe4ck\x83q\xd7\xfa-\x06~\
\x09\x8c\xd3>\xe1\x87\x0cPo/\xa8\xb7\xae/\x8b;\
\xcc\x87\x0b\x8e\xbf\x8a\x80\xcff\xb7\xdf\xee\xb8\x15\xdaJ\
\xd3S\xf1f\xc0\x19\xf4\x81\xd3\xa9\xc0D\x90?\x01\xe0\
Nf\x0c\xfa\x9a\x7f2%\xad\xe5\x94\xca,\xdbo]\
-Y>\xce\xe0\xe5\x00\xed\x95\xa4\xbf\xcb$~\x11\x13\
\xf6\xc0Y\x0c!\xe0'\xdb!\xd4\xe5\xc4r\x0d\xc0+\
\x00>i\x92\xfa\xab\xf0\xc6\xe7\x06\xa6f\x92j\xf0F\
\xb6\xa6\xae6\x04\xff\x0f\x22,\xd1Z?'\xa5\xf8!\
k}(^\xad\x9c\x1d\x00\x10\x88\x86ZI\xd1r\xa1\
\xf5\xf5\x80XJ\xc0i\xa1\x8d\x7f\x88NK\xf6=5\
Y?3m\x05\xf3\x22\x0d\xbc(\x98~l\x99\xe2\xf5\
l1?\xa2b&\xb7\xfa\x22\xe9\xb1\x5c\xcc\x10\xab\x09\
\xdc\xc5\x8cAi\xd2\x0fb_8?\xd9\xf7\xd4d\xfd\
\x9a\xdc-\x02X\xc0\xa0\x9f\x1b\x84\x9f\xb9.\xbf]\x1a\
\xf7FU\xcc\xe66K\xc6}S-$\x85+5t\
\x87\x00\x0f\x03xjz\xb2\xefF\x22\xf6\xf1\x9dw.\
#\xe5\xff\x11\x80vbzUH\xbd\xdfa}\xacX\
6\xc7\x97\x8f\x07\xb9\xb0\xac\x12\x85\xa3:X\x8ae\x8a\
\xb8E0F\xfd\xa0\xf3\xfc\xf4d\xdf\x93\xc9\xf5\xb7\xa7\
\x16\xfb\xcc\xf7ip+\x03G\x04\xd3\x8bU6N\xe6\
\xcfZ\xb9+[N\xf2D\xa0%\x0ci\xb6\x08Ou\
\xf9\x92c\x0cd\xfd\x8axuz\x05\x8f\x06\xaf\xf8\x95\
\xdb\x16*\x03\x9f\xf25\x92\x06\xd1\x9bB\xeaWX\xc8\
\x81\x93\x85\x91\xfc\xea\xae g\xb3\xc9\x10{NL\x18\
\xd4\xa6\xa5\x0e\x81\xe4DI8\xefL\xcfy\xdc\xe0\x9d\
\xdd\xfa\xa1\xce\x80\xf4>\xce\x8c\x18\x80w\xa5\x16\x87\xb5\
PCo\x1f\xab\x14\xbb\x17Fx\x18\x08\x84,\x19\xd6\
\x86\x1f\x13\xac,OZ\xc5dqh\x90\xa6\x95\xb2\x9c\
L\xd6\x9fN\xb5\xf9A\xfe0\x81\xc2$\xf4\x09(~\
\xdb\x0f\xb9\xa3\xad\xe3\xc12Vw\xf0\xa9S\xa7\xac\xa8\
\xb0m\xaf\xa4\x83\x02\xa60\xa4[\x8e_\xbe0\x7fA\
\xe5\x9d)\xc9\xfa\xb5\xc0\xadB#\xa84\x06\x02\x01\xeb\
xH\xcb\x1c\x96%\xaa8\xbc\x8a\x0f\xa3\xcfX\xdd\x15\
4Fs\xb6t\xcb\x8e\xea\xc2G\xabX}\x84f\xe3\
\x8d\xeeZ\x13\xb3\xca\xe1\xeb]R\xb6-\x8c!\xf6\xdc\
\xc1\xa8+\x0b@\xbf\x8b^\xf03\xbd)y\xc7\xea\x0e\
\xc6\xe0\x89p\xde\x09\xac\xd6\xb3\x15\x9f\x98\xac\xccrO\
8\xea;+}A\xd2q\xbd\xaci\x86F\x93\xc9l\
\x19\xf7\x1d\xf4k\x8a\xa3G\x16O\xe4Z\x19\x959\x8b\
YL\xcdQ<a;\x8b]iQP\xd8\x13YQ\
(\x1c8p\xc0\xdd\xd0\x07UKl\xff\xae]\x8c\xb4\
D\x5cU\x9e\xb3\xd8\xc6\xd4\x8dDq\xc0Jr\xd4\xd2\
\xd1B\xb4\x0ctW\xd1\xf2\x829\x19\xbe\xd2dq\x91\
\xa9\xa6\xc7S\xf9\x1f\xdbKn9\xe0VN\xde\xd6\xa5\
\xb5\xf0&J\xc5|\xd7\xb4\xe2'\xe7\xf3Z\x8e\xe2\xfe\
\x1f\xcd\x18O\xcb\xe9\x94Q\x8a\xf9\xab\x1dO\x84M\xc9\
9\x82\x1a\x9d\xa9\x98\x8a\xabD\xbb\xd62d\x18\xbeW\
\xf0uq\xe9\xc3\x07\xde\x9e\xb1\x98\xc0E\x8a\xc74\xaa\
\xe7\xb0k\xfej\xa2%\xf8\xd7\x13\xd9\xea03\xee\x9d\
^l\xe3b\xbcg\x10q\xefX\xdd\xc1Co\x8d\xb5\
\x85-\xff7\x94\xe2\xff3l\x1b7\x14\x1d\xffm\x16\
\xfc\xc9\xe9\xc56.\xda>D\xdcl\xd0\x0c\x93\xef\x5c\
N\x86\xb8\x99Y\xff\x16\x11n\x01\xf0\x9a\x84\xfett\
Z\xb1\x8d\xd9\x8b\x09\xa8Q\xad)\xa9\xcb\xe6\x10\x07\x8b\
\x0c\x0e,'\x127\x11\xf0\x090\xd60\xd1\x11i\xd0\
\xfd\xb1/\x9c_l\xa3\xf1\x9c\xd9\xdd\x1d\x0a\x8e\x07\xae\
\x14$lf|\xce\x10\xf4\x0b\xdf\xa3\x9f\xb2a\x1e\xd3\
\x95<\xdb\xc1\xf0\x12\xcd\xde\x0d\x1a\xf4+\x00\xba\x01\xbc\
.\x04}\xfe\x82b\x1b\x0dy\xff\xe8\xfa\x95$\xe4K\
\xd1\x88\x19\xcd\x15\x9c\x974\xe3\xaf\xc8\xe0\xe7t\xc9=\
\xde\x1a2x\x8c\x8d\xc5\x06p-\xc0\x1fa\xc6u\x82\
p\x94\xd9\xfa\xd2\x05\xc56\xa6\x16\xcb\x01\xff\xb3e\xc8\
e\xaeR\xcf\xb0\xe6\xbf3\x84\xf9b\x95j\xd7\x9d\x96\
\x12\x0b5c\x15\x19t'\x98V1\xe3\x1d\x80\xb6'\
7\xf7\x1f?\xaf\xd8\xc6\x94b9B\xd1\xb7\x99h\x05\
\x18?c\xc1\xff`\xf8\xe2`\xd4\xc5\xe9a\x00vX\
t*_]e\x08\xbe\x95\x19+5\xe88\xfb\xfc\xe7\
\xad_\xdaw\xaa1\xffhz\xf9\xbb\x91\x1d\xeb\xae2\
X\xfew\x00\xb7\x82a\x11p\x96\x08\x83LpHS\
\x90\x89l\x0d\x9d\x15\xe0\x97L\xd2\xdf\x0fo|n`\
\xc6\xc1m\x94\xe7{4u\x85&\xbe\x9f\x80\xffD\x80\
\xa9\x09\xc3\xc4\x18j\x944#\xc0\xd2\x8c\x9c$\xbc\x22\
\xb4\xf1\xe3\xe8l\x956\xea%\xc9\xb2;o\xbbL\xf8\
\xf8]\x0d\xdc@\x04\x83\x99F\x88\xf40\x09\xc3a\xa5\
,\x10L0\xe5\x98\xf4\x91\x8aB\x7f\xd7\x96\xfd#3\
\xf1\x1a%\xc9\xca\xdbo]\xea@\xfe&\x98\xaf\x11\x04\
\xc9\x84Q\xad\xc4(\x09vX\xc3\x04AJ`\x02\x84\
\xa3l\xba/$\x1e<0>se\x91Z\x1f\x8cn\
O-6X\x7f\x8cAW\x03,\x84\xe01\xa5\xc5\x98\
\x10\xe4h\xa5\x0d\x90 \x82.\xb0\xe6c\x90\x81WZ\
6=51\x17\xaf\xf8\x95\xdb\x16zR|D\x10_\
\xae\xc1B\x10\x8dk\x8d,\x0bv\xa4fR,\xc9\x90\
(h\xe0\xb4\x07\xef\xcd\xf6\x8d\xcf\x15f.\xcfW\xaf\
\x88\xb4\xf3\x96\x0eW\x99w\x08\xf0R\x01@\x13r`\
\xce\x09\x16\x8e\xaa\xdd\x9ds\xed>\x11g\x0b\x95\xd2\x89\
\xd9\xcb\x07\xd6xg\xd2\xa9\xb6`P\xdfL\x10]\x92\
4k\x12\x13\xd0:\xcf\xac\x1d\xd6&\x03Z\x93\xc1%\
\x9b\xf5h0\x18\x1d\x9a\xb5@@\xa3\xbc\xdc\xb6\xf5I\
\x09\xf9A\x97\xb8C\x804\x09\x9d'\x9f\x0aR\xb2\xe3\
yB\x1b\x04_\x99\xa2\x22Jz\x22\x0a\xe4f=\x85\
\xd6y\xa3\xe951#h_\x0d\x81\x04\x14kb\xa3\
\xe0\x9bNIi\xd31]\xf6-Sx\xca@\xb5P\
(\x96\xbbp\xb0z\xb1Z\xb1C\xe9T$\x14\xf4\x97\
iM\x11WJE\x0e\x97\x84e\x95L\xa5\x1d\x15(\
{\x8d\xeaW#G\xcfv({\x22\xbf\xf0\xa1WK\
s\x953;\xf9\xd8\xda`\xbbkwz\x1a\x01m\x0a\
\xcfc\xa7bjQ\xc9[~\xb5j\x8c\xead\xa9\xeb\
:2\xb5\xd0\x1e\xb2s\x96\x87\x9c\xbc\x87]e\x9d\x8d\
,JH\xa7*\xed\xb8\xe5\x16Gs\x95.T\xfcb\
$\xbeR\xc1\x0c\x127W\xbe\x12S\x12\xd3\xdf\x11\xb1\
\xecS\x03\x05\xbddyB\xe7\xca\x13\xab\x1a\x9e\xb9\xf3\
)\xafy^[w\xac\x8b\xe6\x85X\xe5+\x92Z\x93\
g\x5cB\xb9\xceFj\xc73\xe9\xeeP$\x14^\xc4\
\xcc\xc99\xcb\x89\x1a\x9c\x9b \xff\xd4\xd2\x07\x0fT.\
V\xeeo\xb6r\xa7\xe4\x1b\xa62`\x08P\x854\xff\
6\x88\xf6$6\xf6\xbf4c\xf9\xc5\xb9x\xe4\xf9\x06\
\x99\xbe\x12\xba3fYOjf\x14\x1c\xffG\x0cz\
\xb8e\xd3\xde\xd7\x9a\xe6\x01\x864\xa8\xe2*?\x22\xb4\
\xfc\x8ei\x88\xc5ASb\xa2\xe29\x00\xbe/\x0d\xce\
\xc4\x1e\xda\x7fd\xc6r\x8eSx\x91hp\xb1\x86\x08\
\x0b\x9f\xbb4\xe8{\x00\x17\x08T\xaae\xbcB\x94\x19\
\xc3\x04\xfeWO\x8b\xaf\xb6o\xe9\x7fc.\x1e\xa7W\
Y\x13v\xfb'\xe3\x11\xe3;\x90\x84\x5c\xc1q\x99\xe9\
\x14\x01\x0e\xc01\x02\x22 \x1af\xe0I\xe1bW\xfc\
\x8f\xf7\xbe5s\xf9\xcf\xba\x92\xdb\xba\xfe:\xc3\x10\x8f\
*\xe6_\x0a\x18R8\xbe\x1e\x01\xf8439\x00\xa2\
D\x1c&`\x84\x19O\x03\xbc;\xb1y\xff\xbb3\xf2\
\xea}:\xb6\xf3\x96k\xa4o\xa6\x01\xdc\x05 @\x84\
3\xcc8C\x04G3\x22D\x1c\x04h\x0c\x8c}\x96\
!\xff6\xf4\xd0\xd3'\xe6\xd2o\xf9\xed\xb7\x7f@3\
6\x828\xc5 \x9bX\x0f2h\x80\x89\x1cb\x0e\x11\
\x10\x00\xd38\x0b>\xa0=\xfcc\xeb\x97\xf6\x9d\x9a\xca\
\xa3\xd9\x0a\xb6\xe7\xb6\xdd\xd9\xcd\xa4R\x00_A\xa0\xa8\
\xd6\xec\x12\xd1\x10\x13\xbf\xa9\x94xa\xb2\xc0\xf5Ej\
96\xfePq\xdb\x9d\x1f\xf4I\xaf\xd3\x9a/#\x81\
\x08\xc0.1\x0d\x83\xf064\xfd\xbc\xa9\x02\xd7\xe7\x15\
\x80O]c\x08}\x93\x02/\x15D!\x22r\xc1\x18\
\x05\xe3\x98\x06\xbd\xd6L\x81\xeb\xa9\xbc\x91\xad\xa9\xabM\
\xa9\xaeg\x88.\xd6\x08\x12\xb1\x0b\x8dq%\xe9$y\
\xfcF\xeb\x97\xf6\x9d\xbaX\x81\xe6\xe9\x05\xcc5\xe9\xd5\
BP\xa7f\x04\x04\xd8Q\x1a9\x12\xe2\x8c\xef\xebw\
:\x1e\xd978\x1f^v[j9I\xbd\x12\x9a\xda\
\x88\xd9RD.\xc0\x13\x82\xf9lY\xe3\xe4d\x81\xeb\
&y\xa5\xed\xa9\xc5\x8a\xf82_s\x0b\x01\x86\x10\xc2\
QP\x05C`D\xfb\x18l\x14\xb8\xbe\xa8sK\x9d\
W\xfcjj\x81\xef\xf3\x12\x96:F\x8a\xa4\x96\xec\x08\
m\x16\x01/\xeb\x09=\xd2>Gm\xe6\x99x\x03[\
\xd7\xb7G-\xd9\xa9=\x15\x86`\xd2\xbep\x85\xa9J\
\xd2\x93\xf9p\xd0\xcb\xcdV\xe0z\xb6\xfb\xc9\xdc\xb6\xf5\
I[\x9a-\xbev\x03,\x89Y\x0b\xcf\xf3\x8c\xb2\xf4\
T)\x81\x91\xf2\xf4S\xf9\xc5x#;\xd6E\xc9\xd3\
1a\x07\x0d\xae\xfa\xda\x12\xa6\x1b\x91\xa2z\xbc\xe29\
\xcb\xd1\xef^,\x7f\xedL\x15{&\x80 9a\xd2\
A_\x95sE\xb7k\xf5A\xa7x\xe2\x96VO\x85\
\x9d\x96MOML/\x02>\xd7s(\xbd\xcaZ\x1d\
\x8bI\x1cOh\x5c3\xa2\x8by\xeb*W\x09\x0e\x02\
\x85 qvJ\xad\xec\xa6x\x0c\x10\x1e[\x1b\x18\xf7\
\xe4\x0a\xdb\x84\xe1\x0204y>\xccRR;\xe3\xf3\
\xe1q\x1a\x02\xa1u\xe1\xac\xb0[\x0cxa_\xb0\x89\
\xf7\xc0k(\xf5fxs\xd5\xb2\x9d\xfa\xb7\xe6\xe2\xe9\
b)\xdb\x96y1\xff^xV-\x9c\xb4\xa2|\xfa\
\x84%\xf0\xf3\xc8\x17\xf7\xfdd\xba\x0cn\x86'\xc9\xb3\
I\xa3]k\xf1\x1d)hTk~V)\xfd\xdd\x96\
-\xfb\xfb\xe7\xc5{lm0\xe7\x1b\xebL\xc8?\xf5\
\x99\xdb\x98\xe1\x11\xe1\x04\x80\x17\x94\xd2\xdfo\xe4\x09\x9f\
\xb3\x16\xf0\xa4\x12\xee\xb1\x8a\xa1\xa1[5\xe3\x93\xcc\xb8\
\x01\x84V\x80]f\x9c\x06\xe8%\xc1\xfa_\xe3\xf5<\
\xe1s\xf2\xa6\xc8\x83\xf1\xad\xebSB\xd2\xaf0\xe8Z\
\x80[\x88\xc9\xd5\xe03\x82\xf1\xb2I\xfc\x93p=O\
\xf8\xdc\xb5\x8a\xcf\xf5\xc5\xd8\xd6\xf5\xb7\x1aR\xdc\xcb\xcc\
\xab@\x94\xa0Z\xfb\x06\x99\xf0*|\xf1L\xf2\x91z\
\x9e\xf09\xf5\xc79\xde\xc4\xa3\xeboVB\xdc-\xc0\
+\x01\x8a\x03\xec2\xe8,\x81\x0f+%\x9em\xddR\
\xcf\x13~\xb1\x9a\x03\x178\xfa\xa4\xd3\x82\xbf\x91\x8a\x0c\
\xa5S\x91\xa9\x9e^\xd3\x1dv\xe6\xf2\x00;\x9f\x07\xc1\
;\xef\x09\x0f\xee\xbc'<\xd5S\xf8=\xf1vw\x87\
\xce\xa4\xbbC\x17\xf0\x9a\xf4\x90\x9c\xcaK\xa7!\xf8\xb1\
\xb5\xc1\x93\x8f\xad\x0d\xa6\xdf\x07^\xed\xe2>\x15\xa8y\
`\x9e\x7f\xc3\xdc4o\xba\xb3\xc5\xae{\xed\xa3\xbb\xee\
\xb5g\xe8\xafK\xe3\xa5{\xacC\xe9U\xd6|\x13\xb0\
\xcc\xd4/\xcc \xde\xddm\xbe\xb4\xbb\xdbd\xbc\x0f\xbc\
\xba\xa3\xca\xd33T\x82j\x967\xad_j\xe9%/\
)\xa9\xc1,\x8e>i\x88\xe9^\xef\xfc\x1eR\x004\
\x1b\xab8/\xe6\x9e\x1e\xf9~1\x9f~\x0f\xe31S\
\x7f\xfe\xff\x91W\xab\x84\x95\x16\x97\xcak\xa45\x9c^\
\x19\xe9\x92\xda\x98N\x19\xb9m\xeb\x93S\xe7\xf4\xa5\xf2\
8\x0d\x91\xdb\xb6>\xf9\xbe\xf1zzd\xf6\xcfR\x89\
l:\x95\xe0\x9e\xf9\xf3\xa6\xaf\xad===r|\xfb\
\xdd\xf1\xf1\xedw\xc7\xcf\xd3G\xdc\x9c\xfe\xe04\xc4y\
r=\x9d\x16\xa3\xbb\xd6\xc4F\xd3kb\x97\xca\x9b\xae\
/Gv\xac\x8b\x8e\xecX\x17m\x86\xf7\xff\x02\x83\x8c\
\xec#\xd4|\xf5\xa2\x00\x00\x00\x00IEND\xaeB\
`\x82\
\x00\x004\xa7\
\x89\
PNG\x0d\x0a\x1a\x0a\x00\x00\x00\x0dIHDR\x00\
\x00\x01\xe0\x00\x00\x00\x14\x08\x06\x00\x00\x00U\xa0\xee.\
\x00\x004nIDATx\xda\xd5\xbdg\x98\x1d\xc7\
u\xa0\xfd\x9e\xaa\xee\x1b&\x01\x83<H\x04H\x22\xcd\
\x00`\xc2\x92&i\x8b\xa4\xb5\x96\xe4(Y2\xe8@\
\xc9\xb4Hj\x18\xb4\xb4M{w\xbfu\xda\xc1\xd8k\
{\xbd\xbb\x9f\xb56\x97i\x08\x90\xa2\x15l\x03\x96l\
Y\x0e\x0a\xb6A\xca\x16i\xca`\x02'\x00 A\x80\
H\x83<\xc0\xa4{\xfbvW\x9d\xfd\xd1\xf7N\xc0\x04\
\xdc\x19\xf2y\xbe\xe7\xeb_\xc0\xf4\xbd\xef\xad\xee\xaa:\
\xa7\xea\xd4\x09p\xd9K\x85\xadjy\xdf.\x15n\xdb\
\x1dp\xdb\xee\xe0\xfd\xe7\xa9\xfc\x7f\xcekS3\xfe}\
\xbd\x0f<\x1d\xf3=-\xf7\xc7\xfb\xc5\xdb\xaa\x96\x07\xdf\
m\xa4m\x96\xfd\xd1\xd6v\x09o\xa7\xe5\xc1\xbd\x8d)\
S\xcd\xacx\x5c\xc2\xbb\xfb\xb5\xb9\xdc}h.[w\
\xce|\x1c\xaa\xca8^\x9b\x1aZ\xf7\xcc\xa1\xf5\xe0\x9c\
q\xbc\xb66SU{'\xe3\xddu\xa0\x81\x87\x0f4\
\x8c\xfb~\xb5<&\xe1\xdd\xd3S\xcf==\xf5\xe3\xbe\
\xaf*\xb3\xe6=\xd4Y\xc7C\x9du\x13ym\xb3\xe3\
}\xf2\xf5Z~\xf5\xf5\xda\xf1\xed\x99-\xaf\xcd\xd0\xba\
\xa7\x86\xd6\xe35\xe3\xbf\xff\x1ex\x8f\xbc\x98\xe7\x91#\
\xf9\x09<\xadf\xbe\xa8\x00\xe3\xe7\xdb\xdd\xbbs\xdc}\
(7\xfe\xfb\xd5\xf2\x90\x09\xfc\x87\x0fdy\xf8@v\
\xfc\xfc\xbd\xe49f\x22\xaf\xb6vf\xd8\xda\x99y\xdf\
x\xad{BZ\xf7\x84\xef\x1b\xef\xb6\xdd\x01m\x1a\xbc\
?\xbc\xb2LHe\xac\x8c\x7f\xcf\xd5\xf2.\xf9\x5c\x9b\
N5We\xd6:\xa4\xca\xb6\xc8$\xffW\x00\xee\xe9\
\xa9'\xc84\x86\xbeXO \x12\xfb\x0d\xfb\xc9\xbee\
\x08r\x86c\xfd\x8e]\x1bKU\xf2Gx9\xfc<\
\x1fj\xad\xa2!d\xc0%I\x5c_\xff\x0e\x9f[Q\
\x04\xd1\xf7\xc6\x03Ab\x13\xcbP\x11s\x9e\x15\xeb\x87\
h\x17\x7fYeT\xf9\xcc\xe5x\xcfl\x18\xa8J\xb9\
Uxw\x1dh\xc8e\xe3\xc6*x\xa3\xcf4\x0d\xcf\
\xb6v\x7fH\xf0\xd7\x1bo\xbe\xaa\xd6\xe6\xd3/\xc6\xb3\
\xe6\x05\x9f\xe9\xbeM\x0d\x9f\x00{+\xea\x16\x883?\
g\xc4\x9f1^\xa3Y\xf1\xee\x7f\xf3V\xf5\xf6\xa3\xc0\
M\xc0\x15\x08!b\xcf\xa2\xc9\xaf\xb8\xda\xfa\x17\xf9\xdc\
\xca\xc2\xe5ym\x86\xf6\xf6\xf4\xfd\xb5v\xdd$\xf8\x1f\
\xb5\xc8\x16E\x96\x83d@\xcf\xa1\xe65\x84\xaf\xb8&\
\xf7]\xda7\x96\xd2\x81.\x97\xe5\x85\x0f\xf6\xdc\xe0\x12\
\xf7!\x11\xb9N=\xcbD$#\xa2\xe7\x15yS\x94\
\xaf'O7\xbf0\x22pe\x0a\xde\x98{\xe1}\x9d\
\xd7:cn\x17\xd5\xcdj\xa4\x09%\x83\xea\x05A\xba\
\xc5\xbbo$;6}w\xc2\x98\x98\x8ewO\xf7F\
g\xe5V\xc1\xb7 \xb2D\x95\x8c\xa0\x17\x15\x0e\x18\xe1\
\x1f\x92\x8e\x96\x97g\xc2\xcb\xb4\xee]\x9f`n\x12/\
\xeb0\xba\x185\x19\x84\x01\xf5\xbcmCy!~b\
\xc3+\x97\xe5\x8dy\xb7\xd9{;\xaf\x8eE\xae7\x86\
\xab\xd5\xcb\x22 \x830\xa8\xa2\x87\xac\x04/\xc6O\xad\
{c&<\xee\xefYe\x95M\x02\xab\x15\xbf\x00!\
#\xe8\xb0\xc7\x1e\xb1\x12\xed\x89\x9f\xbc\xb6s\xc2\x98\x98\
\x8e\xf7\x0bo\xae\xb0Y]\xaf\xce\xae\x04\xe6\x19!\x83\
H\xc1\xab;\x11\x88\xbe^\xea\xd8\xbcoF\xbc\xd6\xee\
\xa6\x00\x7f\x95G\x96\xa1f.\xe2\xb3`\x8a\xe2\xfd\xa9\
 \xa3]\xd1\xe3\x1b\xdf\xbe\xecx\x19;\xd6?\xfd\xea\
\xc20\x97_\xe9\x9d.Q\xfc\x1c\xc4fPJ\x82\x9e\
u\x22\x07xj\xc3\xe1*x\xa3\xd7\x83{\x1b3>\
\xd7\xe4}\xb2P-\xf58\xc9\xa2>\x91\x80\xf3I\x12\
\x1eb\xfb\xdac3\xe2\xdd\xd3S\x9f\xd5x\xa1\xb7a\
\xa3\x8a\xd6\xa9#K\xa0N\xd4\xf7'a\xddQ\x1e_\
}r\xc2;\x9a\xeez\xe4H\x9e\xa1\xc1\xb9\x19#\x0d\
\xea\xb5V=\x19\x8c\xaa\x18\x19\x8a\xa3\xe2)\x9e\xbd\xfe\
\xcc\x8cx[;3,\xad\xad\xa1X\xaa%Jj2\
\xd90T\x17Kl\xc2\x22\xb6x\x9e'6\xf7\xcd\x88\
\xd7\xa6\x86\xc3\xcfg\xc8\xae\xcc\xe2\x86rd$Cd\
\x0ca)!\xce\xf5\x8f\xca\xbfiy\xa3\xfd\xdb\xbag\
\x0e&\xc8r\xee\xc09\x1a\xaf\xcc\x12\xd9\x0c>k\xc9\
x\xa5\xbf\xa1\xc0\xae\x11\xf97\x95\x02.\xffP\xeb\x9e\
\x9a\x8c\xafY\xee\xad\x9f\x8b\x1a\x8b\x9aD\xac/\xc4\x8b\
\xfd\x01z\x1b\x03\xc2\x8byb2\x98\x92\xe3\x5cp\xa1\
\xac\x88'\x11\xaaS\xf1\x5c\x22*1^\x84\x0c\xc4a\
\xd8\xcd\xc9\xb3\x86\xecj\xc3\xd1}\x11/\xdc\x91L;\
9\xa6\xe2\x01*\x1a\x02!b\x5c\x92\x98\xeei\x95f\
EP<r$\x9f)\x0d\xae\xf0\xc9\x14<\xb1\x01\xe2\
\x9dA\xfaJZ8N\xc7\x96\xe1I\x9fw\xabZv\
\x89\x0bZ{\xb6\xa8\xe8\x9d\xc6\xd9/\xab\x89\xf2\xa8L\
\xces\xe6B\xc9\x0c\x1fKy\x93tr\x99\x17\xb6\xf6\
lr\xf8\xdf\x93\xb0\xee\xc7\x10\x81h\xe0\x87\x8c\x98S\
$>P\xeb\x83\xeay;-\xbb\xeet\x99\xfb;\x9b\
\x9d7m\xa0\x1f%\xdb\x90%)\x80O\x8e\x89\xd7\x9f\
\x93\x80Au&\x8fqI\xb5<Z\xf7\xae\xb7\x1a\xfc\
g\xd0\x1fEd\x11\xe8\x00H\x1f\xaa\xb5\x88\xd4\x03\x1f\
7\x89\x9e\x10#C\xd3\xf2*\xfdq\x7f\xd7\x1a\xf1\xfc\
\x92\x08?\x84\xb2H\x84AT\xfa\x11\xcd\x82\xac\xa0f\
A\x06\x9f\xa0\xd1\x85\x9f\xf3K\xfcW\xa6T\xc2\x15\xde\
\xa7\xf7^)ap\xbf\xc0\x1d\xa8.Dd\x08\xd5\x01\
A\xb2\x08\xcb\xb1\x99\x85$\x91Wc\xfe\xde&\xf1\xaf\
\xc7;6\xef\x9dT\x89T\xfe\xf6P\xd7\x15\xc6\xc9\xdd\
(?\x802\x1f\xd1\x02b\x06Q\x9f\x05Y&\xb0\x0c\
\xa5\xa8\xe8?Z+\xed\xf1\x93\xcd\x9d\x95\xbe\x9c\x94\xf7\
\x0bo\xae0\xa1\xf9i\x84\xef\x03\x99\x07\x14A\x87\x81\
,\xe8R\x90&\x94H\x84\x17\xac\x0d\xfe\xa0\xf4\xc4\xba\
\x9e\xc9ye\xc5rO\xcfR\x13\xf8\x8f\x0a\xb2E\xd1\
F\x81\x08\x91\x02\xaaY\x85&\x90%\xa8\x96T\xf8\xae\
\x9a\xe4\x8fy\xf2\x9a\xfd\x93\xf2*\x82\xfb\xde\xbd\x8bM\
\x10|X\x9c^\x8b0\x17\x91\x12\xf8\x08$\xab\xc8b\
`\x11h\xac\xc8\xbf\xa9\xf3O\xb1c\xe3\xdb#cc\
2\xde\xa7_]h3\xf9\xdb\xd4k\xb3\x8a\xce5H\
\x8cR\x02\xb2\x88.Rd!\x90\xa8\xcak\xaa\xf2\x1c\
\xdb\xd7\x1f\x9a\x94W\xe9\xf3{;\xe7Y#7\xa9a\
-^\xe7\x808 6\x22Y\x85\x05\xa0\x0b@\x9c\xaa\
vz\xc9\xfd\x19\x1dW\x1d\x99\x96\xd7zpN\xa0\xd1\
\xb5^e5\xc6\xd5\xa3(b\x13\x84\xac\xaa\x9fo<\
\xf31xE\xf6y\x1f\x7f\x8d\xed\xd7\x1c\x9b|\xd1Q\
\xe6\xdd\xd3S\x1f\x04\xacS\xeb\x97kB=b\x15\x9f\
(\x22Y\xc44\xaa\xea<\xc0\x8b\x91\x839\xd5o\x0e\
w4\xf7N\xcbk\xddS\x93\xb1\xf5W8\xe7\x97\x00\
u\xa8\x93\x94IV\x8d\xceEd.\xde\x83r\xc4\x07\
\xd9\xe7y\xf2\xea\xd3\xd3.\x8a\x1e>\x90%\xb2\x8bC\
\xa2\x05\xea\xb5\x16\x11\xa3\xc6\x09\x8e,\xc64(2\x07\
\xefE\x8c9\xe1\x18~\x99\x8e-g\xa7]\xc4\xb4i\
@\xef\xfe\xb9\x10\xcf\xc1\xd8|\x98\xf8\x00c\x8cBV\
\xa1\x1e\x91\x06u\xde\x885\xa7\x9d\x89\xdfH\x15\xe7t\
\x8bh5\xf4\xbe\x92\x83\xba\x1a\xbc\xc9\x81\x0fI\x5c\x10\
\x9a8\xabA\xbeV5\xa9G\xc4\x88\xf3\x17\x92\x9a\xcc\
>\x1e]\xdb?9\xaf\xfc\xb7O\xbe^KM\xa6\x81\
\xbe\xce\xd3,l\xce\x13\x91\xa1\xd6\x87\x14M\x16\xa7\xb5\
\x81\xd5Z\xb0V<\x83qF\xdf\xe5\xf1\x8d\x83\xd3\xf2\
*\xfa\xc8h#\xea}\x92\xcb\xee%\xc8\x19\x8a\x17r\
Dq\x9e\xa0>\x0f>D\xb4HM\xdf)>wK\
a,o\xfc\x0e\xb8\xf5xM\xe8\xfb\xd6\xaa\xf1y\xf1\
\xb6?\x0e\xb2g\xf0\xf9A\xfa\xbe\x1b\xb1\xebN\xc7\xd6\
\x9d\x96\xe5\xcb3\x14\x16\xd5\xa3\xd1\x1c\x12U\x92\xdac\
<\xb7\xba8\xe9\xcb\x9b\x92\xb74\x02`\xc9[\x01\xf3\
\xd6\xc4\xf4\x9e\xc8\xc1@\x0d&0\xf8\xab\xfa\xe8H\x15\
\xd6\x04\x93A\xeb\x89\xfc\xb4\xbc\xc6W\xb2D\xb9\x86\x5c\
M6,\x9e\xbd\xfa\x04\xbc\x94\xa1\xf9\xe6h\xca\xc1|\
\xef+W\x87\x92\xadS\xd1P\xd4\x0cO\xe4\x9d\xc8b\
\x0au\x19\xf5\x0b\xbc\x8f\xe6\x8a\xc9\x0c\xc5K\xd6v\xd1\
.\xc9d\xc24|\xa0\xeb:\xef\xe4\x1b\xd4/]\xa4\
C\xc7>\xed\x13\xfe\x9a,%\xce\xb4\x14\xc6\xf2\xc2$\
Z\xa8\xc65\x887\x85\xd84\x1e\xa0c\xd9\xf0\xa4\xbc\
{\xf7m\xf6\xd6\x7f\x85\xb0\xe6jJ\xc3\xaf\xa9\xb5\x9f\
\xf7q\xf4\xe7\xf4o:\xcb\xe9\xe7\x85uk33\xe1\
q_W\x8b\x15\xfd\x02\x98M\xc0K*\xfa\xa7\x16y\
9&{\x90\xa6#C\xf4\xd6g0s\xab\xe7\xb5\xee\
[o4y\x0a\x91f\x90\xef!\xfaU\x8b\xdf\x13k\
\xcda\xa2~\xc9\xe4s\x8bK\x84}\x19\xf5\x0b\xbc\x16\
\xe7\x5c\x96w\x7f\xd7\x1a\xa3\xfc!\xb0A\x90W\x14\xf3\
u\xeb\xedkq^\x8f\x12\xf5K\xe8s\xab]\x10~\
P||\x8d\x08\xffGJ\x1a\xc5a\xf4VyQ4\
Q\x19=\xb8\xffJ\xeb\xdc\xef\xa8\xeaZ\x11\xd9\xab^\
\xbf\xe9\xd5\xbf\x89\x06\xc7\x88\xac\x84\xb9\xe2*'\xf6\x16\
\x11\xee\xa5f\xc1\x16\x8a\x17\x06\xacs[J\xdb\x9b\x0f\
\x8c\x13Z\x15\xde\xfd=\xab\xac\xea\x7fQ\xb8J\xa0\x1b\
t\xb7\xf3\xd2\x8d?\xdf\x0b\xf3\xc1\xf8\x95\xc6\x98\x1b\x8d\
\xfa\x9fW\x9b\xb9\x1d\x1f\xbfk\x12\xfd\xc9\xf8\x99\x96\xd7\
\xc6\xf1*\xca\xe8\xc17WX'\xbf\xa8\xc8*\x119\
@\xa2\xdfu\xd6\xef'\x90S\x00$\xc1r\xe3\x93\x1b\
0\xf23\x82\xfc \xaa\xef\x18\xef\xee\x9a\xb8HH\xc7\
s\xfe\x9e\x9e\xa5q\xa0\xf7*\xbaRT\xdeQ\xd1\xef\
91\x07\x19\x8a\xce\xc0b\xa8=\xbf\xd4b\xaeA\xfd\
'\x14>\x00r\xd8zm\x8d\xb7\xb7tM\xc6\xe3\xde\
\xbd\x8b\x8d\xb1?\xa3\x22\xcb\x059b\xbc\x7f=\x09\xfd\
a\x5ct\x0e\x9a\xc0\x0e.\xb1\x89\xdf\x88\xf8\x1fW\x95\
[\x10=\xeaq\xbfL\xc7\xe6}\x93\xf2Z\xf7-0\
\xea~\x02hB\xcc\x09/\xa6\x8b\xc0\x1f\xe3t_\x1f\
\x8d\x19!\xc8/\xb4\x89n@\xe5\xc3*\xdc(\xc8q\
'\xfa\x1b<\xd5\xf2\xd6\xa4\xbc\x07\xf76Zg\xff\xbd\
\xa2\x8b\x049\xed\xbc\xbe\x85\xfa^\x92s\x17\x19\xce\x0a\
\xb5\xf5\x0bl&\xb8\x1a\xd5\x1fT\xe1z\x81\x93.\xb6\
\xbf\xcb\xb3\xeb\xde\x19\xafD\xca\xbc\x87\x0f4\xd8\xd8\xdd\
\xac\x89[ \x12\x9cw&y\x17\x0dN\x935\x03\xf4\
\x1f\x17l\xc3\xbc@jW#\xfe\xfb\xd5\xe8f\xbc\x9e\
q\x19\xf9\x1c\x8f\xb7\xbc{\x89RJ\x17\xe8\x0f\xed\xae\
\x0b\xe2\x05\x9bUl\xa3\x18\xedO|x\x02\x9b=\xcf\
\xd9\x81!\x06\x8e\x08\xcb\x96\xcf\xc5\xc8J\xa3\xf6F1\
\xda\x0c\x9cs>\xec`\xfb\xdac\x93\xee\x5c\xb7\xbe\x98\
\x0f\xe7\xcf\xbdJ\xd5\xcd\x111\xc3\xb1\xf8\xb3\xb8\xa8\x1f\
\x18\xa6/'4\x06\x0dX\x96\x1a\xef\xafU\xcf:1\
\xd2\xe7U\xbfDGs\xef\xe4\x8b\xd4\xce\x0cG\xa5\x09\
C\x1d\x96\x12\x89\xeb'k\x86Xx\xa6Ho\xbd`\
3u\xb8\xccb\xabq\x8b\x8a\xb9\x12\xd5~\xef\xfd_\
\xb1c\xf3\xa9)7\x0d\x0b\x8e40t\xbe\x86\x5c\xd6\
\x93\xcf\x178\xd1\x1b\xc1\xcd%N?/l^VC\
R\x5c`]p\xb5z\xae\xc0\xf8!O\xf0-:\xd6\
\x9f\x9d\x92\xd7\x8c\xd2{\x22G\xd2o\x09\x86\x1c}\xb9\
\x84\xe6\x96\x84n\x84\xec\x1b9j\xf3s\x83\xa4\xb4J\
\xadY\x8a\x91\x82\x93\xe4\xbbS*\xf5\x11}d\xf2I\
6\xe8\xe2\xe4\xebC\x9c^(<\x7f\xbbc\x1b\xc2\xe1\
\xc3\x19L\x5c\x1f\xe6|\x93/\x95\x16\x8b\xb5Q\x92\x0d\
_\x9fR\xa9\x8f\xd1oFr\x17Kb\xcer\xee\xaa\
s\xe9bV\x85V\x02x\xa5\x06\xb2\x0b\x02\x82F1\
\xde\xc5\x83\xf1\x01\xbex\xedPe\x8c\xc8\x08\xf8\x91#\
\xf9p\xb8\xb0V5\xc9%\x09'\x19\xe8:6q\x95\
8F`\x9e:\xb8\x00I\x96\x84\xea}\x9c\xaf;X\
61J\xba1\x9c!OU\xf8\xc5\x97\xeb\x19\xaao\
\xa4.\xa7\xa8;\xc5\xa3k\xa3KM\x00\xe1\xfd\xfb\xaf\
\xa9\x8a\x97\x9a\x04Bh\xac\xc1\x0e\x19\x16\x9d\x1b\xa0\xbd\
\xbc\xb3nSC;\xca\x03=-V\xb2/HRx\
-\x11\xf3)\xfa6\x9c\x9e\xb0\x0b\x18\xb3\xdb\xcb\xce\xdb\
\xb4\x22J2\x05\x96_y\x06\xb612\xd9\xda\xd4\xb0\
\x0d\xe53\xdd\xcd\xd6\xc8\xdf\x12d\xaf \x89\x9ep\x91\
\xffm\x9e\xdbxr\xca3\x8c\xfa\x96\xe5A\xc0\x12\x91\
\xa0\x18\xdb\xf8`\xba\xd2BhSa\x1b\xca}\x9d\xeb\
\xad\xb5\x7f\x8e\xb2\x0e\xd1\xc7\x5cb\xda\xa6\xdc\xd1_\xca\
\xab\xc9\x1fH\xfbC\x856\x84v\x94\xfbz\xd6\x18\xa3\
\xcf\x8a\xca\xd5\xc0v\x17\xfa\xdf/\xff\xe6\xecx\xado\
]i4~\x0c\xe4JD\xff\xc4\x07\xfa\xbf\xdf\x13\xef\
\xbe\xfd\xab\xac\xf1\x7f\xa0\xe8*\x94\x9d\xbe\x10?Q\x1e\
\xa8S\xf4o\xe7\xca\x00i\x9a\xc8\xdb&\xb4oSZ\
\xbbVXhS\xcfJ\x8c\xf9+\xcf\xf0\xb3\x13\x14\xf5\
\xe8.\xa0\xc1F\xfe\x8f\x04\xbf\x5c|\xf4\x9f\xe2\xa2\xbc\
\xc5\x17\xafI?[\xe1\xdd\xb7w\x99\x95\xe0W\x15\x96\
\x83\xf9{_W\xfb\xa7c\xcc\xea\x13\xccy\xd6\xb8\xdf\
!\x93\xff%\x5c\xdc+.\xfax\xb2}\xf3\xcb\xb4\x91\
\xf6\xad@Mk\xcf\x92\x08}\x10hRt\xb7\x8fj\
\xbf:\xe5B\xf6\xa1\xce:\x9b\xc8o\x80\xfc\x0a\xca\x11\
\xa7\xe1\xc7x\xfa\xean\xb6Ux\x02\x0f\xbc\xbd\xd0h\
\xfc\xf3\xa2\xba\x18\xcf\x8b.\x1f\xfc\xdd\xe8\x1c\xba\xe4\xfa\
\xe4\xeb\xb5\xa66\xf3\xab\xe2\xf9,p\xdc\x05\xf6.\x9e\
X\xbbo\xb4}Fi\xfd\xb7\x05Fs\x9f@d\xa1\
W^!\x17\xfe\xd3\xb4\xbc|\xf8Y\x84{\xf1\xf4z\
\xa4\x95\xed\x1b\xde\x1a\xe9[\x04\x1e\xdc;\xd7\xf8\xe0#\
8\xbf\xc0\xab\xbeI\xbf\xbc8\xe51V\xeb\x9e\x1aC\
\xed\xbd\xe0?\x85r\xca\x87\xfa\x08\x8f\xb7\x1c\x1c\xc3K\
\x95e!\xf9\x80\x8a6z\xe1\x00\x14^\xa5cK<\
\x959\xd4\x0c\x0d\xde\x85\xf7?-\xc6\x9cv\xde\xfc&\
\xdb\xd7\x1d\x1e\xc7{\xa8\xb3.H\xe4z\xc5\xccqN\
\xdee\xf9\xba\xee\x09\x0b\xed\xcau\xf7\xa1\x9c\xc9\x0e\xff\
\x14\xcaGE\xe4\x9cK\xf4\xf7y\xa6\xf9H:V\xda\
\x15P\x1ey1\x1f\x16\xe6\xacWO}\xe2\xe5$o\
\x9dzgJ\xeb\xde\xc3\x07\xb2\xb6\xe8~\x0c\xf1\x1fA\
\xa5\xcfi\xfc\xc7l\xdf|\xbc\xcc\xf3#\xca\xb27\xb3\
\x02\xe7ks.\xee+\x0e\xf5\x9c\x98R\xfe=| \
K)\xfe\xa0U\xb9C\xa0?\x81\xedtl8\x99\x8a\
\xe6\xb2\x12i\xdb\x1dp\xaaq\x1e\xa50\x8fF\xc3\xac\
\xbc\xee\xdc\x94\xbb\xe4\xad\x9d\x19\x1a\xed\xad\x06\x7f+\xf8\
A\xef\xf4O\xd9\xb1\xe9\xf48^y\x81@\xe3\xe2\x0c\
A\xc1\xf1X\xcb\xd0\x94\xa6\xef\xd6=!\xd4l1\xde\
oAd\xc8\x8b\xfdk:\xd6\x9fC\xb5\xbc%,\xeb\
\x8f\x81\xfeu\xb1\xfa^\x96o:C\xbb\xe84Ga\
\x01\xc7\x0fl4\x92l\x12\xa1\xe8\xac\xfb\x87Q%\xcc\
\xe4\xfa((\x9c\x98r\xbc\xdc\xb6;`\xdd\xfc\xab-\
\xe1\x1a\x0c%\xe7\x87\xfe\x95\x8e-\x17\xa7\xe5M\xa7\x8f\
\xb6\xee\xb4,lY\x1e$\x5c\x81\xfa$\x09eoe\
gm*\x9b\xe0\xcc\xf0\xc0rUW\x93$\x9c\xe4\x99\
\x96wS\xd8\x14\x07\xc9\xed\xe2y\xf2\xea\xd39\xe2>\
U7'\xd3\x7fq\xd5\x18\xab\xb6\xd2\xa6&S\x1a\x5c\
Q5ODy\xf4\xfb\xfa\x09\xec\x10\xc3\xc5z\xa2\xd2\
\xe2q\xbc\xad;\xad\xb9\xef\x8d\x9fU\xc8&h\xef\xf4\
\xbc\xf2\xdf:\xb6\xc4\xf4\x15\x1c\xde\xd5\xd0[?\xf7\x92\
\x1fT\xe3\xf4\xf7\xc9\xd6\xcfS\x91c4\x9d:C\xf3\
6\x9d\x92\xb7\xebN\x17=\xb5\xe10;\xae<M\xef\
+9\xfa\xef\xcd^\xda~+\xf2[\xd8\xcc\x15\x94\xa2\
?r\x1d\xcd\x0f\xa5\xcawj\x1e\xcf\xb4\xbc\x9b$\x9c\
Tu5$\xa6\xbe|o\x94g\xed\x7f\x04\xaeB\xf4\
\x0f]G\xcb\xaf\xf0\xcc\x86\x81\x89\x8e\x0c\x93\xf32\xc3\
\x03\xcb\xc7\x9f0\x88\x8a\xd1\x87\x81\xd5jx\xcc=\xdd\
\xfc\x1b<\xbeq\x906\x0dR\xe7\x83K\x9c#\xaa\xe1\
\x91\xb4\x82\xac\x00\xdd\xee;Z\xfe[\xca\xdb=\x86W\
q\x1a\xba\x1co[\xda\x1f\xe2?\xa5\xb0\x0c\xcc\x17\xfc\
\xd3-\xff\x8b/^;Tv\xde\x18\xcf\xab\xfcF\xc7\
\xc6#\xd3\xb5\xcf\xa8\xdc\xa9j\x96`\xcc\x9f\xfb\x8e\xe6\
\xc7\xe8\xd82\xccV\xb5\x93\xf2\x1e]\xdb\xef:\xd6\x7f\
:I\xe4n\x95|\x98\xa9\xad[\x9a.\xfa\x04\xb6m\
S\x105&\xf8q\x84E\x08_\xf3Oox\x86\xcf\
\xad,\xa4\xbc\xb6\x89\xbcg6\x0c\xb8\xed\x1b\x7f\x19\x17\
=I]S\x93\x9a\xf0'A\x94\x16F&p\x11\xff\
!`>j\xbe\xe1;6~\x99\xe7V\x17'\xf2\xda\
\x0c\xb7\xed\x0ex|\xe3\xa0\xebh\xf95\xd0\xc7\xc8\xd4\
^m(\xfe\xde\x88pK\x89j5\xfe\x80z\xd7\xe8\
Dw\xbb\xed\xcd\x7f\xc9\xa3k#\xb6\xee\xb4\xa3Nc\
cx_\xbcv\xc8?\xd5\xfc\xdb\xe0\xb7#\xba\xd9&\
\xfe\xb7FV\xf7\x92\x8eC\xeb\xf27\x22\xd2\xe0\xbd\xbe\
\xc8\xd3-\x7f\xcf\xa3k\xa3Q\x07\xbe1\xbc\xadj\xf9\
\xe2\xb5C\xfe\xe9\x96\xff\x01|\x01a\xa35\xf2\x9f.\
\xd9-h\x90\x04\x9bq\xbe\xce\x1b\xb3\x87\x1d\x9b\x9eg\
\xd7\xc6\xd2\xb8\xbe\xa885mUK\xc7\x96a\xdf\xb1\
\xe1Q0\x7f\x8e\xc8zI\xcc\xc3\x97\xee>\x82b\xb4\
\x0e\xa3y\xef\xe8\xa4\xa3\xe5e:\xb6\xc4c\xc6\xb2\x8c\
8\xe5l\xddi\xf9\xdc\xca\x82\xefh\xde\x8e1\x7f\xa5\
\xaa\xeb\xc4\xe8gR\xde\xb6\x11^\xc6eV\xaa\x93\xac\
#~\x8b\x1d\xeb\xf7\xd2.\xc9%\x0e\x81\xa3\xbc\xe7V\
\x17}G\xcb\x17\xb1\xfc\xbd\xaa\xbf\xda\x04|j\xc2\xee\
h\xb8q\xb1:\x1f$\x01\xef\xb2\xbd\xf9\x00/\xdc\x91\
Lp\xe0\xab\x8c\x99G\xd7F\xee\xe9\x0d_Qt\xb7\
\x8a^i\xb0w\x82h:\xf6\xca\xd7\xf9\xcc\x1c\x02\x11\
\xc2\xe0d\xf1\xf3\x9b\x8e\x8e\xca\xbf\xc9y<\xd5\xf2w\
x^Tt\xa5Q\xff\x13\x97\xb4O8\xb8>K\xe4\
\x95\xda\xb0\x8fg\xaf?\x93*\xdfK\x1c\xd0*}\xbc\
kc\x89\x8e\x0d\xbb=v\x8fb\x97\x19c?\x04\xa2\
\xa3\x9fT\xe1\x9e\x9ezNG1\xf4\x0d\xf3\xf8\xc6\xc1\
\xf2\xf8\x94I\x9d\x93:\xb6\xc4t4\xbf\xe4U\xdf\x04\
\x9a,\xfe\x03@\x997F\x1f\x99l>\x1b\x84\xf9\xb4\
mS\x9d\xc3\xaa\xd0.\x09\xdb\xd7\xbd\xee\x85\x03\x8a,\
\xb2\xce\xdct\xe9)\xeb\x04\xfd6\x95\xf2E\x85\x17\xee\
H\xe8\xd8\xbc\xcf9yW\x13\xb7 0\xf9\xcd\x97\xe5\
M\xa7\x8fv\xdd\xe9x\xbc\xe5\xdd\xc4\xcbI\x15\xdb\x18\
\x96\xec\xba\xf1\xb4\x87:\xeb\x02G\xb38\x19\x8a\x975\
\xf7\x8cv\xc6\xb4\x87\xd9\xc2\xd6\x9d&\xaco\xd9\xec\x03\
3\xd7E\xc5\xd7x\xee\xba\x0b\xe9\x0aG\xc3\xd0to\
\x14\x0d\xa3\xd2\x925\xfb\xaa\xe4\xa5\xbb\xc9\x93\xddW\x85\
*\xf5q\xe0\x0fTvTAk\xd7\x074;\xf7\x05\
\xa2\x0b\x7f\xe2:Z\xee\x1e\xd9\xc5^\x8e\xa7*\xdc\xdf\
\xb3\x04\x5c\x0d}\x03'\xd8us\x11D\x83\xcf\xf4\xdc\
\xa2\xc6\xfc\x93j\xdc\xe9\xa3\xda\xefOw\x1e\xd5\x1c\xde\
\xabp\xcf\xbe:\x02\xc9\xc2\xe0E\x9a\xbe\xeeho\xf7\
Ak\xd7M\x8a\xfc\x9d\xc2^\xdfw\xe1Gh\xbe9\
\x1aY\xa8Lw\x9e\xbdu\xa7e\xc9\xb5\xb5\x9c\x5c3\
DsY\xfb\xb6\x8b\x0f\x1f\xec\xb9\xc19\xbf\x0bL\x97\
\x8fr[Y\xb5\xaaT\x15\xafMMx\xbc{\x83\x1a\
\xea\x92l\xd8\x93\x9aN*\x0eC\xf2\xac\xc0>\x17\x9d\
\xfe4\xabn\x9f\x19/\xb45\x89$=\x95\xfe\x08\x1f\
\xe8\xde\xe8\xbc\xfe\x1f\x81\xb7\x5c6\xfc\x0f\xcc\xfbR\x9c\
Z\x05f\xc7\xcb\xdc\xfb\xe6\x86\xc4\xda\xdf\x17\xd5C\xee\
\xe8\xbb\xff\x85\x9b^~o\xbc\xfb\xbb\xd68\xe57\x11\
9\xe2\xce\xfb\xdfagK\xcc6dz\x1e\xb0u\x97\
\x09\x17^\xb7^\xd5\x8d\xe3e?\xbd\xf7\xca$\xb0\xbf\
,\x22\xc7\x136\xfc!O\x91\xb0m\xcc\xeedR\xff\
\x02\x94\xd6W\x1a\x8c\xa9\xff\x98M\xe27bo\x0f\x8e\
X0Z;W\x8a\x9a\xcf\x88p\xd23\xdcA\xc7\x0d\
\xc9\xb8\xdd\xced<\x80\xdeWrFk\xfeE25\
\xd7R\x1c\xfe\xb0\xdb\xd1\xfc\xed\xd4\xa1\xe9\xb5e\xc6g\
~\x16\xd13\xbe\xa9\xe5K\xb4\xe3&\xecN&\xe3\xf5\
\x1f\xcd\x9a\xa1\xc1o\x8a\x98\x1b$\x89?4\xe28v\
\xef\xde\xc5\xc6\x06?.*}\xee\xc0\xc9\xaf\xf1\xc2\xed\
nd1<\x1d\xaf\xfb\xa5\xaci\x9c\xfb\x15\x81\xeb\x05\
\xfd\xe8\x88\xe3\xd8g\xbb\xe7\x9bH?(\xf8\x8b\xee\xe2\
\xc6\x7f`\x17\xbe*\xde\xe1\xc3\x19\x9b-\xfc\x89\xc2f\
\xef\xe5.\xb6\x97\x1d\xc7\xee~m\xae\xcdfo\x14\xe7\
\x86\x92\xfe\x9e\x7fe\xd7\xd6\xcb\xf0\xca\xde\xd0\x87o\xcf\
\xd8\xcc\xe2\xc7Utcjz\xdf\xf8\xfa\x88\xfcK\xa4\
E\xac-\xc4\x8b\xd6u^V^Ux\xe7\xef\x0am\
1\xfe\x9f*f\xbd5\xfa+\xf1\x93\xcde\xc71\xcd\
\xd1\xbb\x7f\x15VJ<\xbe\xf6\xd0\x18e4\xb5s\x1f\
\xc0\x9d]\xa1\x9d#\xdb\xd4\xc8\x9a\xc0\xb9\xffZ\xda\xb1\
\xa9'5e\xbe\x12@\xcd\x02L\xc6\xf1\xe4Ug\xaa\
\x92{e^\xd0(\xffQ\x91+\xad\xe8\x1f\x94\x9ej\
yk\xc4\xb4}\xf7\xa1\x1c\xd9\x8c\x99p\x1c4\xa5s\
\x1f\xd0J`\xd8\xf7\x80\xa8_\xe5\x12\xf7\x18\xcfn~\
g\xec\xfb\x0b\xd0\xdeb\xc7\xc6#U{!\xb7\xbe\x12\
\x18j?\x89\xea\x0a/\xfe\xf3T\xbe\xfbPg]\xa0\
\xc1\x06\xe3\xcd\xd0\xa8\xfe\xa8\x82w\xdb\xf3\xd6\xaek\xfa\
I\x15\xb7\xd4S\xfa\x0b\x9e\xba\xee\xf8X\x9e\xc4n\xb8\
:\xfdV\x91\x07\x18;\xb7\xfbC\xaa\xba\xd8\xab\xff\xfb\
\xd4\xf4>\x1b^\xc5[\x1d\x13\xcc9p\x8b\xe2\x16\xb8\
,\xdf\xe1\xb1\xe6s\x06 W\x94\xf9$\x1a\xc6\xf9\xf0\
t\xd5\xca\x12\x85]w\xba\xd8$g\x80\xbaL.\x5c\
Z\xb9ce\xdf\xad^di)3xf\x06\xbcT\
@J|Q\xbd\xd6fK\xc1\xc2\xca\x1d\xa7\xdc\x89\x0d\
Q\xcc\xde\xf2\x9fLU<\x11%\x8a\x0a\x10\xd4\xd08\
wd\x17\xecD\x7f\x12\x13d\xf1\xf2\x04\xcf\xad.\xa6\
!8\xd5xa\x8b\x12\x0c9\xbc\xc9\x91\x9f_;\xc2\
\xc3\xfc(h\x0d\xe8\x0ev\xddR\xe0\xf9\xe7\xcd\xf4\x83\
\xa6\xfc[\xbb\xeet<\xbaf\x80\x85]y\xce\xbf\x15\
\x8e\xf0\x9c\xff0\x90\xc3\xfb/\xf0\xdc\xea\x22\xdd\xd3)\
\x8f\x0a/}\x7fq><\x8dzOlr\xa3\xcfk\
\xee@%\x8b\x97\x9d<w\xc7\xccy\xce\x07\x04\xcc\x1b\
\xe1y\xfd\x01\x94\x0c\xb8\xbf\xe2\xd1\xb5\x11\xdd\xdbf\xcc\
\xcb\x05\xf9\x11^\x22r\x13\x90\x01\xfe\x96o\xfcHD\
w\xcb{\xe3)\xd7\x83\x04\xa2\xfamvm,q\xe7\
\xae\xaa\xfb#\xb6:\x91\x17\x84\x1b\x11\x0d0\xbc@\x87\
\x94\x95y\xfb\xd4\xbc\xcaoul\xb9\xe8k\x0b\x7f\xa1\
\xa25\xb9\xbaL\xe3\xc8\xfc\xc0\xac\x07\x8c\x87\x97\xd2\x9d\
[U<C\xc7\x96a\x84\x1d\x84\xb5\x055~\xcb\xc8\
n\xd0e\xaeD\x10o\xcc+\xe9\xce\x8d\xe9=_\xdb\
\xc5\xc3\xf3\xa6lB\xff\x13\xc2\xda\x1ag\xed\x9d#<\
#+\xf1^\x9c\xea\x9b\xbcpG\xba8\xa0\x0a\xde\xae\
[\x0a\x08\x7f\x06,v\xc8\xc7+\xb7CG\x93X\xe3\
\x9d\x0d\xf6\xb3K\xd2\xc5\xc1\xe5x\xcf?oxnu\
Q\x0d_\x05\x16\x0b\xfe'F\xeegk\xe7\xa3\xea\x13\
\x0d\x0e\x8d\x9a\xfd\xa6\xe3\xb5{\xba\xb7\x09\xcf\xddQD\
\xf8\x1b\x94\x85\xce\x98\x8f\x8cv\xbfm\x00\xe3b\xc7\x89\
\xaa\xe4U\x85\xf7\xe8\xda\x08\x95o\x81.tN?8\
\xb219\xd6UC\x90$\x04r\xf6\xb2\xca\xb7b\x01\
\xbcsW\xba\xd34\xf2<\xaa\x0b\x12#\x1f\x189\x02\
\xa9]\x14\x80\x89)\xd8\xfe\xaa\xe4\xd4\x18\x9e\x8ayQ\
\xd1y\x09r\xf3\xa8I\xfe\xc5<\x1c\x86\xa6\xa5\xc5\xaa\
\xa2jD\x946\x84\x0e\x89\x8d\xf2\x0a\xd0hC{C\
\xe5v:W\xc4\x14\x03J\x93\x86\xf9L6\xdf\xda\x10\
:\xb6\xc4\x1e\xdeT\xd1\xb9\x16{\xcd8\x9e\xf3A)\
\xc3\xd8\x9d\xf9\xe5y/\xdc\x918\xc7~\xbc\xce\xb1>\
\xb3\xe1R^\xf5\xfaM\x94\xb6m\xc2.qN\xec!\
\x8c\xad\x0f\xc8\x5c={^\xb9\xf7w\x89KB\x8e\xab\
h]\x18sEY\x91\xa9x\x92\x9c\x84f\x98 7\
8\xe3\x90\xa7|\xbe?UBv\x11\x90\xc6\xb8y\xff\
\x14d\xbfD!\x97\x0a\x9d\xb6\x19\xc4S\xd52\x84\x09\
\xc4\x19\x9d_9\xcf0\xf0\xef\x18>W\xb0\xde\x7f\xa3\
\xfc)_}\x84\xd5\xdcb\xe8\x9d\xcd877}\xb1\
\x9d\x19+\x5cGR<\x13\xd8\xf0\xa5\xf4\xe5\xdd\xee\xab\
n__.\x01\x1f2\x14\xd7\xd1\xde\xeei\xeb\xcc\x88\
\xeafU9\xeaq{@\x85\xdbg\xc0\xdb\x8a!\x22\
C\x7f\xd9\xd4\xb2\xb53\xa3*\xcd('\xbc\xe55P\
\x19\xd9\x1d_n\x10\x02\xcc[s.Y*op\xee\
\xd5s\xe9\xeaYC\x15\xd6\x01\xbd\xce\xb8\xbd\xd5\xf3*\
\xd287\x88\x9a$,\x99\x86\xca\xf9\x8d\x22W\x01'\
\x9d\xb8\xaeY\xf1\x90\xd8\x0d\x17\xeb\xcbg\xde\x81Z\xbb\
J\x94S.\xf0\xfbS\xde\xd6Y\xf2Th\xdb\x1d\x18\
a\x05p&\x09\xcd\xdb\x80\xd0\xdc5{\xdeV\xb5*\
,\xf5\xd83\x89\xf1i\xa8\xc8\xb6j\x9fW\x85B \
\xc0x\x1e\xbaH\xc4\x9f'.\x1e\xad\x9a\xd7\x8e\x03\x15\
\x1f\xf2g\x0c\xf4~,\xb0\xf6\xab\xa9\xc9v\xa7U\xc3\
|\x90>\xf2\xfeD\xf9\xb3U\xb4\xefv\x0f*\xd6\x9a\
\xef\xe1\x8a\xce\xc0\x07\xd3\xd8TP\xcc\x1c1r\x818\
:\x9d\xf2\xb6U\xcfs\xe1+\x08\x17\x0d\xfa\xfd\xa3\xbc\
\xa0\x0e\xd5~b\xceU\x1d]y{\xca\xf3\xde\xbc.\
\xe8\x805|\x1fm\x9d\x19\x800I\xf2\x22\x0c\x104\
\x5c\xa8\xba_\x9bQPq\x9eN\x84A\x85-\x15\x1e\
\x09\x99\x04\x19$k\x06.\xab\xcc\xc7\xf1\x10g\x82\x1e\
\x94!\x15s]\x1a\x8b\x8bb\x03C1\x1a&\xea/\
0\xeeli:\xde\xd6\x94\xe7Ko!2\xac\xc8&\
\xb6vfho\xf7$E\x0f\x83\xc3#\x96\xb0\xaa\x9e\
7\x9dCN\xdd;\xa2\xa6\xa8^\x9ai\xdd\x13\x22\xa2\
\xe1\xc5\xb9W\x85\xe1\xd2\xf5c\x17\xfd\x97\xbfRs}\
b\xcc\xbb\x18\x89\x14\xd6\xa5Gb\x90\x8em\x89\xc96\
\x5c\x9c)\x8f\xc0\x1d3H,\xe8U\xe5\x5c\x042\xc2\
\x9b\x89>\xaa\xcc\xa1\xb0x\x12\x91DEV\xb1S-\
\xe8\xecx\x951\x1f\xfa3\xa0\xde\x1b\xbf\x22\x8d=\x9e\
%\xaf2\xe6\x873\xe7\x11\xab\x1e\x9a\xd8\xaa\xd6p\x1b\
\xd6\x87f\x81&\xd4\xf1\xea\x8a\xb8\xea\x01X\xf9L\xd4\
_\x80\x04\xf0s@\xe1<Y\xa0\x91\xb8\x18\x8fN\xe0\
\x19(\x90\xba\xbe\x08\xebD\xbdK\x05\xfey\xb2\x18\x99\
\x8f\xea\xb1\xd8\x9b#\xd5\xf3\xca\x9f\x19^\x15c\x8cQ\
\xc9\xd7\x00p\xd4fU\x99\x0f\x1c)\xd9\xd2\x11\x10\xad\
\x92W\x1e\xd8-\x09j-$)\xef\xcc\xc2\x0c\xd0\x08\
z\x9cz\x7ft\xc6\xbc\x9dx\xf0!\xd9B\xber\x1c\
%\x22s\x109\xce\x92\xb9\xc7g\xcck\x17O\x7f\x83\
%\xbb6\x07\xa2\x0c\xbf\x911h\x83\x88\xf6\xc2\xbc\xde\
\xeay\xe5\xfe8\xb6\xa2$\xd6\x17\xf0\xd9\xf2\x10:\x11\
\x1a\xd5z\x119I\xcd\xfcS\xb3\xe2\x89\x89!\x08A\
\xa1\xfb\xa5\xd0\xa8\xd6\x22\x9cf\xb8\xee\xcc\xacx\xde%\
\x94c\xad9\xbf\xcc\xa2\x92\x17\xf4,\x83'\xcf\x03Z\
v\x8c\x99\x1d\x8f.\x0b\x9a\x13\xfc9l\xa6\xaf\xbc#\
\xa0:\x9e(gZ\x0ai\x18\x9a\x86(\xd0\x88I\xad\
\x07\x9cg0sqd\x87Q-\xef\xb1\x0d\xe7\x8d\xfa\
^-\xf9\x1a\xb6m\x13\x1a\xaf4@(*}\x0c\x15\
\xabW \xe5#\x9c8\xd2C$\xa5\x13\xa0\xf3\xd2\xd0\
'@4\x00\xb9\xc8\xaak\x07g\xcckL\x8e\xe0\xb5\
\x0f\xe5\x8a\xb2,\x00\xe7\x8c\x98\xa0\x9f\x81\xf5\xc33\xe5\
\x91\xe8q\xe0\xa2\xc2\x0a\xde\xce\xa4V\x9d \x16\xf1\xa4\
\xd1\x193\xe5e\xfc\x09\x90~A\x96s\xd4\xa6\xed\xb3\
^!\x19f\xde\x9a\xb8\xfayF\xea\x14T_\x7f\x12\
\xd1AA\x97\xb1\x90T\xa1\xdb\x92\xa3~\xde0\x1d7\
$3\xe6\x99\x85\xa7@\x87\xc5\xd0T\xb6\x0a\xc1\xc9\x92\
\xd2\x97K.o\x8a\x9d\xc0\x03\x8ag\x11-\x18\xf1K\
\xd2\x9d4`l\x80O\x84\x93k\x92\x19+\xa4\x9a\xfc\
y\x1c\x91\xa8,\xa2\xfb\xa5\xf2\x1c\x09B\xf1.\xe1\xd8\
\x8aR\xf5\xfdQ\x9e\x93C\xb5\x17@#U\xbf\x90\xc3\
\x04\xa9\xd8\x9e\x05\xaf2'\xc3\x9a\x8b@\x0c\xcc\xe7\x9f\
\xdf*'\x17\xd2\x99\xf3*\x9fY\xe0\x07@\x1db\x1a\
SYP\xe6%\xde\xcd\x8a7<4\x8cOT\x919\
\xd0e\x0d\xd7\x1e\xaeS5\x7f\xaa\x86/s\xd5\xbe|\
u&\x84KU]\x90Amf\xcc_J\x08\x83,\
\xca\xb9\x19\xef\xa8\xb9\x1dud1\xa4\x99]\xb2NQ\
\x1f#\x1a1\xcbKM\x90Q\x89\xb3\xa3\x9aY\x22\x15\
\x99\x1d\xaf{\x97\x84R\xca\x86I\x99w\xe6\x0c\x08%\
\x84\x08\x16\xcf\x9c\xb7\x0d\xc1\x9a,\xb9l:\x98\xb3\xf3\
\x15\xa1\x04Z\xa2w\x96YX\xbc\xcbRo\xca\xfdq\
*\xed\x0f$b6\xc0]\xe2\xe2s\xfe@\xdcW\xd8\
\x9f\xfea) \x11\x9e\xd2l\xfb\x838\x19\xcd:S\
\x13)\xeaK0\xb6\x7f\xdf[B3\x0f%\x0f\x11\x0d\
\xcb\x94\xf7\xe52\x11Pb^I\xab\xde\xd1Ly\xbd\
B\xfa\xee\xec\xec\xc6\xdfV\x0c\x84!F\xd364\x0d\
(F#$\x99a\x7f\x94\x05\xc2\xc1\xf5\x05Q\xee\x12\
\xf4NN\xae\x19*\xaf\xf2#\xb1D\xf0\xfc\xcc\xdbw\
\xbahQ\xea\x80\x0c\xb5\xfdR>\xa3)\x89OJ\xef\
!9]6M\xc4R\x1e>>\x8cb\xcdD3\xb2\
\x94\x8c{r\xcd\x0a:\xeaH\x99H\x09\xe7\xa3\xea-\
\x1bc\xafS\xa0dQ2\x14m\xfa\xbc\x03\xbe\x84\xb1\
Q\x95\xc9\x85\xc6_M\x00\x92A\xc9\x92\x9d\x9fF\x7f\
4\xe6\xd7\x85\xf3\xcd\xda\xd9e$l\x82\xf4Y3\x0c\
\x9d\x1e\x9dXa\xe0g?\x1d\xc8\x80fi<\xfb\x1e\
&\xea8\x9f\xb0,b2\x0cg\xdf{&\xc3\xfe\xe3\
b k*\x8b\x97\xd9_Rv~\x93t!\xe4G\
\xc7\x8b\x17\x818\x1e\xf5e\x98\xc5\xfb\xf3dX\x92\x11\
\xc3\x05\x8a\xa8\x9c\xc7d\x96\x86YY=\x12\x1aR\xed\
Azm\xae^E\x1b\x81\x18\x05\xe6\x11!\xbc\x8b\x91\
\xc6\xb0/X9c\xde\xe1\xd7\xeb@\xe7\xa0\xe5\x10\x80\
\x15.\x12\xe4\x080\x87@\x96\xcd\x98W\xbf\xafF}\
\xd2\x80U_\xe1)z\x0c\xb4\x81\x92Y:c^\xe3\
\xadY5\xd4a\xc2\xca\x08*)r\x1c\x95:\x06\x06\
\x96\xa4f\xd5\x19h\x90\xf3o\x85\x10\xd4\x10\x95R\xa5\
T\xb3\xa4\xa4\x9e^\x90\x1a\xfc\x99\xc53\xe6\xb5\xbe\x12\
0p\xbe\x06\x97I'k\xcd\xfc\x92WN\xa2\x92\x87\
\xdc\x82\x19\x1f\x09\xb4\xa9\xa1\xb1\x18\xb0$S\xf9N\xac\
\xa2\xa7\xb1d\x19.\xcc\x1b9\xa7\xaa\xf6Z\xf2V\x80\
\x09\x14_H@\x94U$\x22\xe6\x0cH\x96\xda\xa1\xb9\
e'\x97\xea\xfbc\xf9\xd1\x8c\x1a\x1b@9v\xfc\x07\
\xd6$\xc09 $\x1e\x9eSv\x22a\xd6<Z\x1c\
\xea\xfb@,gG\xbc\xd5g\xd7>\x01\xfa\xde\xf1\x22\
r\x01\xbc\xa1\xa6\xb6fV\xbc\xc0X\x908\xf5\x92}\
\xde\xa3\xb6\x1f\x02\xc86\xe4g\xcc\xbb\xfeh(\x01\x83\
\x06\x7f\x96]x\x9aQ!\x18\xc0Ye\xb01[5\
\xaf2\xa6\xc2\xec\x22\xc2\x5c\x08\xf4\x91m(\x02\x18I\
\x86\xf0\xdeSs8\xacz\x85U\xe6\x85\xc6\xafDd\
9\xaa\xe7\x98Gy\xd1\x12\x0c#\xce\xd1\xddU}\xfa\
\xd4\xb6\xd4\x8b9\xe32+\x81\x95\xa2\x9c\xa3\xd6\xa6\x8b\
\x82(_\x00\x13s'f\xa6<\x06\xcc\x0a\x90e@\
\x1f\x03.\x02\x15\xa2\x03E\x1a\xfa\xdd\x8cR\xb1Vx\
'/,Cu\x99\xaa\x5c :\x17\x97\xd7\x7f\xaa\xce\
\xe4Y~43\xb3\xfeP\x81\xf3M\xaa\xd2\xe4\x91\xfe\
\xf2\xce\x10HbU\x1f\xce\x8a7|n\xb1\xaa.\xf1\
\x22\x03\xb0t\x94gl0+^\xcd\xe0B\x94E^\
d\x88\xe6\x9b\xe3th\xcc\x86\xd7\x96zp\xd7-\x99\
\xa7\xc8\x02D\x0b\xcc;^\xf1\x0f\x88U4daW\
\xbe\xea4\x91\x15\x99\xe1J\x8d\x8a\x99\x0fR\x84\x16\x97\
.\x8f\xcc\xb0\x17\xd3\xc4g{\xe6\xcd\x80\x97~\xa6\xae\
4\x07\xec<p1{\x8f;\xc3s\xab\x8b^\xe4\x9f\
\x08\xf3\xc69\x7fc\xbaj{\xdeT=\xe1\x0af)\
h\xa3xw.\x0d'Z\x1by\xe4_P\xe68\x1b\
\xdfP=o\xdb\xc8\x04V\xafs\x05\x7f15Gn\
,9\xcf\xbf*Ro\x8c\xbf\x16Dy\xbe\x0a^E\
\xe6\x86\xccG\xa4A 5\xa7\xb5o,\x09\xecA\xa9\
\xb3\x86\x8d J\xf7\x0c\x14R\xd2?W\x95\xfa8\x08\
\xd2\xf3\x9d]\x1bK\xa2\xfe5\x84Z\xeb\x93\x0d@\x95\
\xbcr\x87D\xbe>@\xeb\xa880tH,\xb87\
Q\xad\xb1&\xb3&\xe5\xed\xaa>\xe7l\xb6!O.\
[\x83K*\x8e@\xb1\x18\xe9V\xf19+\xf6\xca\xca\
.\xbe\xea\xe7=|8\x03u5D\xfd\xb6\x12B \
\xb0\x1f\xaf\xd9\xc0\xfb+\xc6\x9d\xe7Ts\xcd[\x13\xc7\
\xf1\x89}\xf1\x9c\xe1\x83\xa8\x0a\xedw$\x8a\x1c\xf4h\
Hb\x97\xcf\x98\x17\xf5\xcf\x01\x0dmMn\x00D\xb9\
S\x9c\xa8\x1eF5 \xce-\x19\xb12T\xdd\xbf\xc5\
\xbaq\xbc]\xe2\x8c7GA\x0c\xb1Y8\xe3\x05\xc7\
\x04\xde\x9d\xce\x84I/\x8aPS\x9a7\xe3\xfd\xf4X\
\x9e\x88\xd2\xde\xee-6=\xea)\x14\x1af\xbc\x1aO\
\x8au\xea|\xde\x04\xb6\x90\xce7\xf1\xd6\xcb9|\xa2\
\x0cQ;c\x93g\xbe\xd8\x07\xd1]\x18s\x7f%n\
\xb8d\xed\x85\xd8X\x07\x17r30 \x18\x00g\xcc\
G\xa8\x99\x9f\xf7\xf0o#\xa1P\xb5\xe1 \x98\x98\xc6\
\xe2\x0c\xf2\x97?o@4q\xf1\xcd\x04\xb9\x85Nx\
m$T\xab!.\x90\xa54\xa3\x1d\xcd\xf3)\xcf`\
\xb7\x88\xe8\x0a\x15\xd9\x9b\xc65\x8b2\xff\xfa\xf9\xc1\x09\
\xbd\x86\xf3o\xcd\xafZ\x81t#ix$\xd7!,\
\x15\xd1\xeeJ\x9ct\x9c\xf1\xfd\x88\x0f\xd2\xbe\xaf\xd6R\
\x97\xf2\xac\xb7\x9b\x81&Q\xf6WBo\xd2\xb1\xa8\xe1\
\xacxj[\x80%\x82\x1e|o\xbc])/1\xeb\
TX,\xce\x1d.\xc7]\xeb\xecx-\x02h\x10\xfb\
\xab\x81\x85^9\x9a\xe6~\x902\x8f\x90|\xa2U[\
%\xca2#\xf0f\x95\xc1-\x14\xe5D\x9a'B4\
q\xee\xe3\xd47\xfd\x95\x89\xf9\x99\xb2\x03\x98\xad\x96G\
\x98[\xa1\xde\xcf\x17kN\xf3\xc2\x1d\xa9)\xd0j\xf2\
\x17\x94\x06\x87\x81\x9f\xe7\x91#y\xb8\xddO\xbbzS\
M\x03\xd8\xdb40\xde\xdf\x80\xa2\x89-\xbd\xc3\x88\x97\
\xa7~\x158\x85\xf23l}\xf1\xf2<4Mvp\
\xdb\xee\xc0\x8al\xc2\x18M\xbc\x1e\x19\xd5\xa5\xe6\xaf\x81\
S\xe2\xf98w\x1f\xcaq{\x15<I3\xa9X\x97\
\xacS\xe7MlG\xed\xaf\xd6\xfbo \x9cA\xf91\
\xee\xde\x9d\xa3y\x9bN\x9f\xf8\xbd\xe2\x96\xbe\xd3\x06\x92\
\xacF\xc4\x10\x0d\x9d\x1b\xe1Y\xf9G\x903\x88~\x88\
\x87\x0fd\xab\xe3\x95\xc3h,K\xc1[\xd4\xf5W\xee\
\x06^\xbf\x83\xc8Y\xbc\xde\xce\xd6\xce\x0c;\xb7\xfa\xcb\
$~O\xbd,U\x85D\x17\x90\x04\x01\xcbkG\xc2\
\x0b\x02\xf4%A\xce\x8b\xfa[\xaa\xe4\x8d\xb63\xef\x1a\
\xc0\x87\xe9\xea9\x1d\xbc.v\xaf\x00}^\xb8\x81V\
\x0di/\xffv5W\xef\x89\x1c\xac\x82\xcf\xddR\xa8\
\xa8E\x87{CT.\x18\xd8D\xeb\x9e\x94W\x8d\xe7\
#\x90K\xc8\x80\xfabR8_\xb9\xe3L\xa9\x07#\
\x17\xade\x1d\xb7\xed\x0e\xaa\xe6\xb5\xa9\xc9\x94X\x885\
\xc9X^B\xe9m\xbc\x1b\xb0\xeaV\xb3Umz\x1e\
6\x1doL\xff\x16\xe2E\x97\xf2b\x13\x1c\x16a \
\x88Y\xc6V\xb5\x97_\x1eL\xcf+\x15\x87N\x00\x83\
\xa1\x0f\x16\xa6\x05&df\xbc \x8c\x8b\xe8\xc8x\x8e\
2\xc9\x1912\x84\x86s\xd2yVE\xc4\xc1\xc8\xfb\
\xab[hTO8]\xff\xdd\x91\xdb}\x17.@2\
L6\x9bO\xc7I5\xbcT\x19\x0a~3.\xc6\x0a\
;Gn\x17\xce\x0da|\x91\xa4\xd6V\xbd\xdbo\xbf\
#\xe1\xeeC9\x8c>\x88O\x22\xab\xf2\x97@\xea\xac\
4oM\xcc\x99\x96\x02\x0f\xbfU?Z\xa0c\x1an\
\x9b\x1an\xbf\xdd\xa7\xb2M\xee\x05\x19\xb6\xf8\xbf\x1d5\
\xef\xfa\x22b\xd2w;\xf2\xfe.\xc3k&\x0d\x0d2\
\xe6S@\xd1Z\xf3\xcd\xd1E\x12\xe7\xb1&\x999o\
w\x0e\xa3w\x22\x1aY\xf5\xbb+\xb7\x8bIa\x16\xbc\
m\x9a:\xd5\xd9\x8f!\x94\xac\x91\x7f~o\xbc.\xe5\
#\x7f\x97\x05~\x14(\x05\xaa/\x8f\xf2\xeaR\x9e\x93\
EU\xf7\xc7\xce\xad\xa9\x03\xab\xc8\x0f\x81&\x81\xf0\xea\
\x08o\xb0\xd4'*\xc3f(\xffS\xb4\xee\x993.\
\xd4m\xaa0\xb3m(\xad\x1a\xe2\xb9\x0d\x95$H\xe2\
\xce\x11I\xe1\xcd\x1e\xe2\xa1<\xca\xbd\xb4\xee\xa9\x01\xfc\
ey\xed(\xad{B\x037c\xc59\xf5\xfb\xd3U\
f\x9b\x9a\xe4\xe9M/\xe2\xdc_\x0bz\x8b\x1d\xec\xff\
M\xda\xc5\xd3.>M\x840&1@\xd9\xeb2u\
\x1a\x11\xe5d\xf7\x87TY+\xc6\x1cNc\xae\xd2@\
\xf04\xfeO\xbe\x8e\xea\x8d\xa6q\xce\xaf\x8e\xf0.M\
40R\xe1\xa5\xcc[\xb3\xf0\x03*\xfeJqzb\
$\xddY\x9b\x1a\xb6oxE\xe1\x9b\x0a\xd7\x99l\xf1\
\xb3\xe3xc\x13\x03p\x09\xaf\xb1\xe7FEV\x1a\x91\
S<\xd6|\xae\x12X\x1eo\xdf\xf8\xbab\xfeA\xd1\
\xcd&\xbb\xf8^\xda\xdb=\xed\xed>\xed\xecK\x02\xf9\
\xc7\xf2\xea[6\xab5KE]_\x1a\xf3\x5c\xe6=\
\xd9\xdc\x09\xfe;\x8a6\x9b8\xbek\x0a\xde\x98\x0a/\
e\x01\xd4\xfb\xe6Z_\xf2\x8b\x8d\x84\x03#9GU\
\xa5\xb4cS\x0f\xde\xbf\xa4\x86\xb5\xa6\x91\x9fBD\xd3\
P\x80I\x92f\xa4\x8aO\xcb\xf1\x96+\x83\xa44\x1f\
\xd1\x22\xed\xab\x8b@\xca{\xaa\xe5-U\xffo\x0a\xab\
\xed\x1c\xf3\xa3\xd3\xf2\xc6\xfe\xff\x81\x83\x0b1\xda@6\
HF\x03\xd7Uxv\xf3;\x0a\xaf+\xba\x12\xf6\x7f\
0\x0d\xca\x17\x9dP\xc9\xe8\xd2\x0a%\x0f\x1fh >\
U\x8b\xcb\x95+\x99\x94'j\xc7\xc6#\x22t\xa2~\
).{\xeb\xc8\xfb\x9e\xdc\xbc#c3\xea\x14\xf7\x9f\
9\x91$\xa6\x9b\xc7[\x86F\xda\xf7\xd4u\xc7Eu\
\xbf\xe2\x17\xb1n\xd1\x0d\xe3y\xd3\x18\x0fN\xee[\xe9\
U\xe6\x18\xef.\x8cd&C\x85\x1d\x9bO\x99@\x0e\
\xaa\xea<\x1a\xf6\xb7T\xc1K\xfb\xe3h\xf7\x0a5\xd2\
0\x81\xf7X\xf39\xe3\xcdQ5\xae\x819=W\x8d\
*$\x95i\x0b\x04L\xe4\xa5\x8d\x7f\xee\xba\x0b\xd6%\
'5\xf45\xb9\x05\x1b\x96N\xbf\xc5\xbc,\x0f\x1e\xdf\
8\x18\xe3\xcf\xe2\xc8\xd0\xbb\x7f^U\xca\xb7\xcc\xf3\x9a\
\xcc\x11+C41\xea\xff\xb1\xeb\x96\x02D\x17\x91\xc8\
pgW\xed\x94Ui\xc6\xf2\xda\xc5\xd3\xda\xb9R$\
xL\x0bg\x7f.\xe9\xeb\xfa\xee\x88\x93a\xc7\x96\x98\
\xda\x9a!\x82!7m\x95\x9b\x919\xb7Mh\xdb\x1d\
\xd8\xec\xf0\x93R\xb3\xe8\x06\xf5\xc9\xb7\x93\xa77\xbc8\
\x12\xaf\xdd.\x9e\xc6\x9eEA\x94\xb4P\xdf\xb2|\x5c\
\xa8\xdbT\xe1\x92\xed\xe2\xed\x9c\xb9\xbf/6s;\xca\
\xb7\x93\x8e\x96\x97\xcbBXxtm\xbf\x11\xce\xab\x91\
\x06\x8ev\xaf\x98\x9a\xa7B\x9b\x06#\xbc\xecp\x9b\xa0\
?(\xc8\xee\xf8\x89\x0d\xaf\x8c\xf0\x1e\xdf8h\xbc\xbb\
0=\xaf\x92\x08f\x94gr\x8b\xff\xb3\xc2m\x0a\xff\
\x12o\xdf\xf8zU\xbc\xc9\x12\xd5\xb4\x8b\xa7\xbd\xdd\x9b\
b\xfcK\xaar\x8b\x22/\xc7O6wN\xcbkC\
&M\xccs\xdb\x18\xde\xca\xd5\xad*r#\xca\xab\xa5\
\x1d\x9bz\xca\x9b\x16\xe1\xf1\xc5\x83\xc6\x07\x174v5\
\xd4oZ<2\xdf&\xe3mU\x9b\x86\xaf\x8a\x9aF\
\xf3\xf3\xea\xb9^\x957KO\xb5\xbcE[\x9ba\xa7\
Z\x9e\xd90\xe0\x8d\xf9Y\xa9]\xf2y+5\xff}\
d|M\xe0\x95\x13\xcb\xb4\xb7\xa7<\xba\x7fZ\xd1\xcd\
*\xf4D\xcfn~\xa7\xa2\xaf\xdc\x8e\xe6ok4\xf0\
u\xc9\xd4^g\xc9\xff\xb7)\xf5\xe5X\x1e\xa2Vk\
\x7fB\xd0fQ\xde\xa6c\xe3\x11T\xa5\xe2%&.\
<\xf0\xdb6q\xeb@\xee3\xf7wG~\xa8\xf4\xff\
\xf2\xc5k\x87x!\xb5/\x8d\x91S\x8e\x87\x0fdm\
!\xf9\x11\x94[\xd4\x98SN\xc2\xef\xa4\xc2\xbeb=\
Tq\xbe\xe7\x7f\x1aX\x83\xf0)\xf3\x99\xae\x92/\xc4\
\x8f\xf1E\x19\xaa\xd8\xab\xc6f\xf1\xe1\xe1\x03Y\x8a\xf1\
\x0f\x1a\xe1\x06T\xcf8[\xfc\xdeHV\xcb2O\x83\
\xaeG%\x96+\x11\xfdi\xd3\xdaS\xf2\x0c\xed\xa0C\
\x86',\xf6\xdbQ\xb6vfh\xd0[\x8c\xf7\x9b\xb0\
\xe6lb\x92\xbd\xa3\x82{\x1b\xb0M\xd4\xef\x7f\xda\x18\
\xb9B\xbd\xff\x98i\xed\x8e|m\xdd\x97&\xa6\x16\x14\
*+\x17\xc8_o\x94\xb5x\xe9K\xf2\xd9\xfd\x97N\
$\x9ft\x7f\xc1\x06f\xb9:\xfda\xd3\xdaU\xf2Q\
\xcd_LL-X\xf6\xf0m\xd3\x80c\xfb\x9b-z\
\x85X\x7f1\xf5\xc6\xae\x98*\xb6\x09(\x9e\xbd;\xad\
\x86K\x10\xee\xb0\x9f\xe9\x89\x5c\xce\xfe\x0d\xed\x97:\x8e\
\x95\xb3\xd1\xdc\xb6;`\xcd\xe2+\x83D\x97\x885\x03\
\xe4\xfbNMh\x9f\xf4\xfcu\x00\x8b\xd4p\x0b\xf7w\
Ed\xc2\x7f\x9c\x94W\xde\xe9\xe7j7,-\xc6I\
#\xd6\x0c\xb1\xb0tq\x9ci_T\xbc\x7f\xf3[\xc6\
\xca|A\xb7\xf8\xd6\x9e\x88\xbeJu\xa2\xf6K\x0e\x02\
$]m\x1eym>Cq\x0dYS`\xe5\xbeh\
DI\xa4Q\x92\xe20\xdf1\xb8\xb9Fd\x93o\xed\
\x8e`x\xcf\xc4\x9c\xe0\xe5o\xa8\x0a\x9f\xed\xaa%\xc9\
[\x16\x95J\x93\xa5\xe8t\xd6\xbfl\x9d\xd4\x1be\xad\
\xbfo\x7f\xc4\xb2\xb5\x9dS\xa6\x16L'\xb3D\xc7\xde\
,\x84\xe2\x0a\xa5\xfa\x86c\x97\x9aJ\x13_\xd8k\x83\
\xda\x1a\xeb\xf5\x0a\xd7\xba\xb7\xc4\xfeso\xf3\xc2\x14\xbc\
\xd6=!I~i\x9az\xd3\x0e\x97j\xf2\x13xq\
\xc6\xed\x0fb\xcd\x06\xc6,I\x1e\xea\x8a8\xd3ul\
\xf2T\xa8\xe5\x84-#\xa9<\xc7\xf1\xa42\xacK\x0d\
s\x0e\x87\x85A[\xc44\xf2\xc0\xdb\x11\x8b\xaf:;\
\xb9\xd7\xeceyi#\xb3\x99S\x88\x85\xc1b-\x0f\
\xffk\x89?\xbei`ro\xedIx\x99\xfc\xd1\x09\
\xf1\x91M\x03\x178=\xbf\x9e\xc6\xbc\xa5uO\x98.\
\xe8.\xc3\x83%\x02E\xbf\xfd\x9a?\x9d\xd0\xbe\x86\x1d\
\x11\x0d\xdb\xe0\xdew\x16e\x83\x9e|t\xfe\xcd\xa3S\
\xbe\xbfn54\xf6,\x14\xf5\xcb5\x1a8\xef\xad\xfc\
\xda\xb8\xb4\x82\xa9\xd9i@\x5c8\x1c\x04\xc9\x92\xe4\x9e\
.\xd2\xd4\x82S\xf0\xee\xee\x5cb\xb3\xe6\xbf\x12d\x1f\
$\x89\xdeu\xaa\xbf\x83\xaa\x94e\x15 \x94j\xea\x8f\
\x85\xc3\x85\x9a\xe9y\xa2\xb4\x93pOO\xbd\x0d|;\
*\x9fE\xd8\xef\x9c\xfb_3\xe7\x8dD\x0fx\x1e\xea\
\xac\xb3\xb1\xf95<\xf7\xa9\xf0\xb6zyt\xf4y/\
\xc3\x1b\x1b\x810\x86g\x12\xf9eT~\x1e\xf4\x1d%\
\xec\x98\x96\xd7\xda\xa9\xb4\xcb\x91\x09\xe1\xa2\x15^\x9a\xba\
\xf4A\xf0w\x0ar\xd8\xa9\xf9\xc2(o\x1b\x80\x94\x86\
\xde8\x11\xe6\xb46\x08\xb2\xcfi\xeb\xbec.k~\
\x89\xf6\xb5\xfd\x93\x1e{\xb4\xee\xa91\xd4|\x1a\xef?\
&\x86#\x0ev\xa6\xbcm\xd0\x95Z\xbf\xc4\xef\xfdK\
\x1d\xec\xfd\x146\xfb\x80\xbd\xaf3r\xde\xfe\x16\xed\x97\
\xc8\x8dv\x14\xda\xd3\xd4\xa5\x83C?\x8b\xfa\x1f\x06\x8e\
yM\xbe\x0e*\xa9l\xde\x06\xaa\xe2?\xf3\xf6\xaf\xdb\
\xd2P3\x22\x9f\xb5\xad]\x91\x0b\xf4wy|\xe3\xe0\
8}Y\xe1\xdd}(g\xb2C\x1f\x07\x7f\x07\xd0\x9b\
\x83o\x0d\x97\x9fW\xc6%\xff\xbf\xaf\xab\xc5\x19\xe9\x00\
]%\xf0\x1d\xc4|\xc5\xe1\xdf`h\xde\x098\x05\xb5\
\xd9\x85V\xfdU\xa2r\xa3\x8a^)\xc8\x910\x91\x1d\
\x85g6\x9c\x1879F\x92\xf5\xef]o\xb0\xff\x1b\
\x95\x15\x22\xfa\x22j\xbe\xee\x02\xd3\x89\xab;\x09\xbd`\
\xb3\xf3\x83\xd8\xac\xf2\xc6\x5c\x9b&\x90\xd7c\xde\xbb?\
\x9b\x90\xec{L\xb2~\xab\xf2\xbb\x8a.\x13\xe5{\x88\
~\xd3\x05\xd2CR8C_IY\xd4\xd8Hb\x96\
\x1b\xf5-\xa8_\x0a\xf4\x96\xf3\x8c\x8eO\xf6]I\x9c\
\xfe\xe9\xfdW\xda\xd0\xfd\x86\xc2\x12Q^E\xe4\x9f\x5c\
)y\x9b\xa1\x81\xb3\xd4DJ0\x7f\x0eb\x9a\xac\x91\
5#\x09\xdf\xc7\xe5\x19\xbd\x84\xf7P\xd7\x15\xb6\xa4\x8f\
`d\xa1x\xd9\x8b\x9a\x7fIt\xe8\x10\xae\xff<\x0d\
\xcb\x94\xc8\xd7#\xc9\x22\xeb\x83+T\x93y\x12\xd8\xb3\
.\xb4/MH\xf6]\xc9Vs\xdf\x81\xe5\xd6\xc4\xad\
\xc0|\xf5\xd2\xed\xc5}\x0f\xafG8~\xec\x02\xf5+\
\x95\x05\xf5\xb5\xb8h^`\xe2\xa5\xea\xa5A\xd4\xf5%\
\xe1\xd9\xbd<~\xc7\xe0\xf8\xe0\xffJ2\xfc\xee&#\
r\x97zm\x14\xc3~o\xcc\xeb8N\xd0\x97\xf4\xd3\
XT\xa0\x06\x9bm\x08\xd5,P\xf55\x22\xf6b|\
\xee\xc2\xc1t\x073Y1\x8b\xbd\x8b\x8d1\x1fC\xa4\
A\xd4\xbf\xe3$\xec\xc2\x96N\xe1J\x834\x0d(g\
\x16\xe6\x88|-\x81m\xc0\x91\xc13\xc8\x0a\xedM\x15\
\xf5d\x95E\xf6-0$\x1f\xc2\x9bZ1\xbc\xebl\
\xf26A\xee,{\x8f\x0f\xb3\xe8v\x85\x972,m\
\xcaR(\xe4)F\x86\xday\xc3\x9c]\xd9?Q\xb0\
\x8dI\xd6\xaf\xc1\xadx\xcd\x8b\xf3'\x92 s\x98\xa1\
\xc2\x05\xa2k\x8a4\xa3tw\x054\x16\x03\x92ZK\
\xd0\xe0hZ\x9a&)\x99\x8a\xf7\xf0\x81\x86 \x8a\xaf\
U\xe7\xb2&\x939\x15\x17M/>\x1c`\xd5\xaa\x12\
\xdbPn\x7f\xde\xb2\xe8\x8c\xb2\xe4\xda\xda JZ\xc4\
\xfb\xc9\x8bOT\xfa\xe6\x93\xaf\xd7\x86u\xe1Z\xf5\xc6\
&$}\x10\x9d\x85\x1b\x86\xe9 uP\xdb\xaa\x96\xf9\
\x07\xe7_\xb6\x98\x05\xa39\x8a\x09\x86\x96\x13\x88 \xd9\
\x8b\xe4O\x0fp\xecXi\xa4\x90J\xe3\xad\xd5\x15\x03\
\x19YHh\x889\xd8\x88O<\xd4\x0f\xd3\xb4\xb4\xc8\
\xf9\xb7\xc2\x91\xf0\x95j\x8b\x8b\x8c5\x15v\xbf\x94\x85\
\x9bK\xb9\x05o/-\x0eG1\xd9b?}7D\
\xd3\xf3\x96\x16&\x0d\xf7h\xd3 <y\xa0E}\xa9\
\xd6\x98\xec\x85\x92\x98\xb3\x93\x15S\x09\x93h\xa1\x8a\xaf\
\x11\x958\xd6h\x90\x1d7\xbc}\xb9\xe4\xfa\x93\x16{\
Y\xd8\x95'\x22c\x02~Bj\x97?\xcb\xc0\x89\xd3\
\xc6\xeaG\xe2'/)\xb6q9\xde\xfe\x03%\x16\xdd\
\xae4\xbc\xb9\xc0\x84\xd9\x9f\x16\xe7~\x81L\xcdu\xc4\
\xc3o\x1bg>\x11\xefX\xbf\xb7z\xde\x85A\x9a\x06\
J\xf4\xae\xac\x0d\x89\xaer\xe8M\xa2\xf2\xb3\xc0\xcd\xe0\
\xdft*\x9fbB\xb1\x8d\xa9\x8b\x09d\x88\x1bK\x85\
\xe2)\xb2\x0d\x1a\xca\xf0*\x87\xd9\x82\xca\xc7AoD\
\xb5\xdbKp?\x1d\xeb\xf7M\xce\xdbS\x13\xc6\xd95\
\x9a\x91\xac*\xffAM\xf8\x86M\xe2\x7f\x8cM\xf1\x10\
\xd9\x06\x0d\x0b\xb2\xc2\x19w\x9d\xe0\x7f\x5c\xd1\x1b\x80\x1e\
/\xfc\xca\x84b\x1b\xe5\x7fg\xee\xeb^\xeb\xac\xddC\
nn=\xc3g\xf7\xa8\xb2\xc3\xaa{1.\xe6\x0e\x93\
u\x8a$\xcb\x8d\x98Mb\xe4\xc3\xaa\xbaYD\x0e8\
k\x7f\x8b'.)\xb6Q\xd1o\xf7t]\xe7\x03\xf9\
KLx\x85\xb8\xd2\xf3^\xcc\x9fx\xef\xbf\x877G\
\xe0\x1c\x98yM\xd6h3\xc8\x1d\x0a\xcd\x02\x07\x9d\xc8\
\x7f\xe7\xa9\x0d\x87'\xe5\xdd\xbbw\xb37\xf6K\x88\x5c\
\xa9\xe8?\xe1\xf5\xcf\xbc\x09^!H\x8e\x953\x02-\
\xb6\xce\xac#\x90[Uu\xad\xa0\x87\x9d\xd5?\xe6\x89\
MG+2^.-\x7f\xc7\x03o\xac\x13\x1f\xfc\xa2\
(\xb7\x22\x92\x01=)\xd0\x8bH\x84j^!+H\
\x9f\xa2{|b\xbe\xc63\x1bNLZ\x9e\xaaR\xf2\
\xeb\xde\xce\xab\xc5\x9a\xfb\x05\xfdw !pZ\xd0S\
i\xd8\x89\xc9\xa2\x9aA\xb9\xa0V^\xf7I\xf2Mv\
l>5y%\x902\xef\xbe}\xabE\xf4n\x11\xbd\
\x0e\x08\x04=\x83\xcai B\xc8x4\x14\x95\x0bb\
\xa4\xdb\x95\x0a/\xf0\xec\xf5g\xa6\xe5\xb5\x1e\x5ci\xb4\
\xf83\x22\xb2\x11\xd4\x82\x9c\x158\xebU# \x04\xb5\
\x18\xb9(\x9e\x03\xce\xeb\xcb\xec\xd8x~\xda\xf2w\xf7\
\xbd\xb1\xdc\x98\xf0\xa3\x82\xae\xc7c\xbc\xe1\x9c\x889\x87\
\x12\xa1.@\x10\xbc\x1d0\xa2\x87\x12\xc9\xbeN\xc7U\
\x17\xa7\xe3\xd5\xb4v7\x15E>\xac^\xaf\x02\x8c\x88\
\x9cG}\x1f\xaa\x11&\x10\xd4\x89\x04\x0c\x883\xc7\x92\
\x84\xfd\xe9np\x9a\xf6=\xf0\xf6\x22\x93D\xb7#\xac\
\xc4\x18P\xbd ^.`\x88FJ\x9b\xc1\xa0\xb5\xe6\
d\xc9\x0d\xbc;u\xf9\xc0r\x9f\xb7\xeeY`\xa9\xb9\
I\xbd_\x8a1*\xe8E\xbc\xef\xc7\x12\x89\xb7\x8a\xaa\
\x17#C1\xd9\xb3d\xc7\x16\xd9\x98\xc2\xf4\xf8\xe0\xde\
F\xeb\xc3k\xd4\xf9Eb\x8dG\xb5_`@ \xc2\
{\x1f\x07&\xc1\xbb\x02\x84\x17iZwa\xda]m\
Ei\x0e\x97\xd6\xab5sQ\xf5\x22\xc1\x80$\x85\xa1\
\xd8\x87\x11\x81M\xc0\xc4\x18_\x84\xc1a\x9an(^\
6\xfd\xe5C\x9duaI\xaePC\x1d8\x978\x19\
\xc2\xca\x109\x1f1d\xe2\xb4\xfaUw\x81\xc6\x8d\x8b\
\x18.\xf5\xa7\x05%\xa6)g\xf6\xc8\x8by\x86\x1b\x17\
\xa3\x92\x03\x13\x93\x0c\x14\xc8\x86\x05rs\x8b$E\x1f\
\x14\xa3\xcd\x881\xc6K\xdf\xb4\xe5\x1c+J}kg\
\x86\xf9\xc9\x5c|\xc6\x12R\x22\x9eS\xa0\xa9/\x09O\
\x99\xb5\xeaL\x1e\xf1\xd5\x95\xafdLb\xfa\x15\xeb\xb3\
D\x87<K\x16\xf80\x8e\x9b)\x01FuF\xe55\
\x19_\xac\x22\x08|3\xea-\x10\xcf\xaa\x5cg\xe5y\
[\xf7\xd4d$\xbf\xcc\xa3\x8d\xd3\x96\x13\x0d\xcc\x85R\
\xa6\xee(\x9f[Y\xb8l\xb9\xbf\xe9\xca\x9d\x8a\x06\xe2\
\xb3\x05o\xdd\xcf\x89\xca\xce\xa4c\xc3\x9eI\xcb9N\
\xc7s&!0\x89W\xbf\x98l\xfd\xb7QE\xe3\xc1\
\xbf\xb1\x98_\x8f;6\xbcY5\xcf\xdb@\xac/h\
B\x9d\x1a\xf92&XN\x90\x87\xa8?\x02\xf9\x9a5\
\xbe\xbd\xf4\xd4\xc6\xee\xe9\xcb/\xa6<\xf5Z\xeb\x03Y\
\x0a|\x15\xd5\x01D\x86@\x1bA\xeaQ=\x0d\xf2\xb7\
N\x92\xffA\xc7\xe6}\xd3\xf2\xda:3\xe6\xa4\xf9\x84\
d\xe7~\x19\x13\xc0\xf0\xd9\x12\xe8QT\x22D\x1bT\
\xa9C8\xad\xca\xb7\xd5\xf0G\x13+]]Z\x11n\
\xeff\x17\x84\xbf'\xde\xff0A\xd6\xe0JgP\x8e\
)\x1a!R_.{zFa\xb7\xc6\xc9S<\xbb\
\xf9\x9dIy\x95\xf2\xae\x0ftotN\xdb\x04\xf9 \
BN\xe18\xe8q\xc4D\xa8\xafC%\x8fp\x0e\xe1\
\x9f\xbd\xd5\xe7\xd2JWS\xf32\x0f\xee\xdf\xe0\x5c\xf2\
\xff\xa8r\x1bB\x16\xb4\x17\xe4\x04\x10\x81\xd4\x009\xd0\
\xf3(\xff\xeac\xff\xe7|~\xd3\xd1\xb1<\x99\xaa\xc0\
z\xf8`\xcf\x0d.\xd6\xdb\xc4p5J=\xe2Kx\
9\xa5F\xf7\x07\xf8\x97G\x0a\x5cOW\xf0y,\xef\
\xfe\xfd\xd78Mn\x11\x95\xd5\xe58\xc1\x92\x18=\xed\
=o\x87\xaa\xafF;\xca\x05\xae\xab-\xb0\xfe\xc0\xeb\
\x1b\x9df\xb7\x18\xdcJEj\xd2\xe2\xd6\xe6\xac\xc2!\
'\xbc9R\xe0\xbaJ^\xa6u\xef\xfaD\xe5Z#\
v)\xaay\x9f\xd6(=/\xd6\x1dq\x91\xec\xe3\xf3\
\x9b\x8e^\x967\xe6]d\x1f\xea\xbc:)I\x8b\x1a\
\xb3\x18|\x0e5\x11\xe2/\x18\xf4x\x829\x98\x96\x08\
\xab\x9eW.\x85\xb76u\xb1'\x83\xba\x92`.\x1a\
+'\xe3b\xe1\xc8h\x81\xeb\xcb\xe4\x9c\xad\xf0\xee;\
\xb0<\x08\xe2\xd5\x9a0\x0f1\x01V#q\x0c\x18\x13\
\x9c)\x99b\xefh\x81\xeb*\xcf\xff\x1e:\xb4$\x88\
\x07W\xa8\x98\x06\x12\xb1b\x89De\xd0\xb8\xb8/\x92\
\xf0\xcc\xb4\xb5\x99'\xe3}\xfa\xd5\x85a6\xb7X\xbd\
\xd6\xe2E\xc4P\x12#C%\xaf\xfd\xd4\xd6]\x98\xb2\
\x12\xd1T\xbc\x07\xf76\xe2r\xf3B\x1f\xe7\xc4\x86Z\
\x8a\xe2\x98l0L.3\xc4\x89\xa1\xe1)+\xf3L\
\xc5\xbb\xa7\xa7\x9e\xb0\xd8@\x9c\x09\xc8zOIK\xd8\
\xda\x22\xd1\x91\x88U\xb7\x97f\x944\x01`\xeb\x91<\
\x0d\xfdyJF0\x91#\xebJ\xf4\xbd\x131\x7f\xed\
||\x12\xa5\xd5X.\xd3\xbf\x97V\xb0Y\xde`I\
\x8a\x9eh\x8d\x0fM\xcf:\x12\xd5\xd8\xe4\x06HJ}\
c\xfa\xa3:\x1e*<r4\x17\x0e\x0c\x5c\x89\x0d\x82\
4\xd4_b\x13\xcbP\x11s~F\xbc65\x1c\xdd\
W\x9b\xc3\xcf\xf3\xa1\xd6j9\xe9\xc9\xacy\xe5\xfe\xa8\
\x8a7]m\xdc\xb1\xbf5\x1d/\x0a\xfb\xf8R\xd9\x1c\
:+^\x98\xf2\x9c+x\xe3?\xae\x98W]G\xf3\
\xb7f\xc53\x92\xf5j\x16\xaa\xf5_F\xecYp\xdf\
\x15\xcfW\x92\xa7\x9b_\x98\x11\xef\x91#y;4p\
\x0b\x12\xfc!\xea\x16\xa0\xc4\xc0\xbb\xc0\xcbb\xdc\xd7\x92\
\xa7\xcay\xc2\xa7\xe5\x8d*a\xdbkoE\xf9\x04\xe2\
\xaf\x03\x99\x0fZ\x12\xf4\x98C\xf7(\xe6o\xa9\xe4\x09\
\x9f\xae\xb6\xf0\x18y\x15|\xa6\xfb6\x15~\x5c\xd0M\
\xaa2OUKb8\xae\xaa\xaf\xd9\xc0~+~\xa2\
\x9c'|\xfaZ\xc5#m\x0f\xee}\xf3V5\xf6#\
\x8a6#2\x17\xa1$^{Ud\xaf\xf5\xfe\xf9\x91\
<\xe1U\xea\xb7\xa0\xb5\xeb&\xaf\xfc{\x81\xb5\x8a\xcc\
\x11\xa1\x84\xeaI\xc5tY\xa7\xdf\x8d\x9f)\xe7\x09\x9f\
\x8e7\xf2\x00c=Z\xdb\xd4\xf0Pg\x1d\x0fu\xd6\
\x8d\xf7\xf4\xaa2\xfe\xe9R\xc7\x9c65\xfc\xea\xeb\xb5\
|\xf2\xf5\xda\xf7\x87\xd7fh=^C\xeb\x9e\x9a\xf1\
\x9e\xc73\x89\xcf\xba\x84\xf7\xc8\x91<\x8f\xbc\x98\x7f_\
x\xaa\xc2\xdd\x87r\xdc\xbd;w\x89\xa7\xb0T\x1f\xaf\
y\x89\xb3\xc5\xc3\x07\xb2\xa9G\xe24\x0eJ3\xe1m\
\xed\xcc\xa4i\xf4t\x16\x81\xf0\x93\xf0Z\xf7\x84\xe9\xb9\
\xf9\xfb\xc4k\xd3\x80\xdbv\x07\xb3\xe71\xfe\xbdoU\
;\xea]\xc9\xec\x02\xf4/\x9d\x88\x13\xbc \xf5\xbd$\
)\x90\xf7\xf6\xfd\xc9\x14\xb2\xda\xf7\x8dy\xdb\xee\xf7\xd0\
\x1f\x93<\xeb\xff\x1fy#\x95\xb5f\xc9\x1bq \x1d\
#'f\xc5+\x97\x16|\xf0\xdd\xc6q\x89:f\xcb\
kS\xc3\x83\xef6\xf2\xe0\xde\xc6qsD+\x0e\xa4\
3\x1dw;-w\x1f\x9a\xcb\xdd\xaf\xcd\x1d?\xe7\xaa\
\xe4\xb5\xa9\x19\xf7\xb9\xad;-\xad\x07\xe7\xd0\xbag\xce\
\x04\xfdQM$\xc6\xa5\xbc65<|\xa0\x81\xbb\x0e\
4\xcc\x9aw\xa9\xbe\xbc\xa7\xa7\x9e{z\xea\xab\xd1o\
\xff\x17\xd1P5\x10\x07\xd93\xa4\x00\x00\x00\x00IE\
ND\xaeB`\x82\
\x00\x007\xda\
\x89\
PNG\x0d\x0a\x1a\x0a\x00\x00\x00\x0dIHDR\x00\
\x00\x01\xe0\x00\x00\x00\x14\x08\x06\x00\x00\x00U\xa0\xee.\
\x00\x007\xa1IDATx\xda\xd5\xbdyt\x5c\xd7\
q\xe7\xff\xad{\xdf\xeb\xd7\x0b\x1a`c#\x00\x82\x14\
\xb5R\x86\x16K\x96F\x9aH\x89A\xc7\x13[\x89m\
\xd9\x96\xd3\xdc)\x90\x94\xd3\x22)S\xb6\xe2\xf1\xccd\
\x9bf'\x93x\x92\xfcb\x8fM\x8b\x94\xf0\xb3(B\
\xdc\xd9\xb1l\xcbv\x22\xdb\x89M8\x91l9\x92%\
k\x81DI\x94(n \xb1\x03\x8d^\xdero\xcd\
\x1f\xdd\x0d6@,\xdd\xa0\xcf\xf9\x9d\xdf;\x87\xe7\x10\
\xe8\xd7\x1f\xbcw\x97\xaa\xbau\xebV\x11\xe6\xbe(\x1a\
\x8d\x8ad2\xa9\xf0\x9b\xb9\xa8\xbd\xbd]\x02@ww\
\xb7\xf7\x1b\xe6)\x00\xfc\xff%/\x1e\x8f\x8b\x9e\x9e\x1e\
*i\xafK\xe6m\xdf\xbe\x9d\x89\x88\x01\x80\x99i\xc5\
\x8a\x15\xa2\xaf\xaf\x8f\xe6\xcbKl\xdf\xce(\xf0\xa2\xd1\
\xa84\xcd\xfa\xea3W7\xa6\xba\x13\x89\x8a\xfb#\x1e\
\x8f\x8bDb;\x03\x93y\xa8\x01\xaenl\x1cM$\
\x12\xfaRyN0\x18^\x80\x05\xc8d\xce\xa6*\x1e\
\x87\xcc\x04\x22\x14\xdb)\x1e\x8f\x8b\x9e\xde\xde0\x00`\
xx\xbc\xc8\x8b\xc7\xe3\x02\x00\xe6~^&`2\xef\
\xed\xb7\x87\xaa\x00\xe0\xaa\xabj\xc7\x8b\xdf/\x9f\x97\x87\
\x95\xf2^<u*T\x8f:,^\x1cLO|\x9f\
\x99\xe2\xdb\xb7\xd3|x==\xfdA4\x00m\x0d\x0d\
\x99\x0b\xdfg\x8a\xc7\xe7\xc7;~\xfcx\x00X\x88+\
\xaf\xac\xca\xfe&x/\xf4\xf6\xfa[\x00477\xe7\
J\xbeO\x88\xc7\x09\x15\xf2\x80\xb8\x88F\xc7,\x00h\
k\xab\xb6'\xf1\xc0(\x8e\xabry\xccL\x1b6l\
\xb0\x00\xa0k\xcf\x1e\xbb8o.\xfe\xbb\xb3\xf2\xb8t\
\xfc\xdc\xb5\xedA\x1f\x00<\xbd\xe3\xebN\xc9\xf3\x94\xcb\
\x9bN>\x9b@\x1b\x92\xc9\x84[\xf2\xfdy\xf3b\xb1\
\x98\x01\x00\x9d\x9d\x9d\xdeo\x82\xd7\xde\x1e\x97X\x0et\
'\x12\xea7\xc0C4\x1a\x95\x00\x90L&\xf5<y\
\x93\xfad\x96\xb9J\xf3\xd4'\xc4`\xd0\xdccm\xe2\
\xa1/\xfa\x83wo\xfaR\xd82\xec\x88\xccyam\
\x18\xb4\xc0\xc8\x1d;iY\x22l\x18\x02\xa7O\xabd\
2\xe9T\xf2\xa2wo\xfaR\xb8\x0a\xe9Z\x97e\x88\
\xc0&\x00\x08\xa5=Ug\xbd\x93\xfc\xeaWs\x956\
\xdct<\x06\xb9&\xa9\xf48BCO-\x0e\xa6\xe7\
\x9a\xbcya\x9f\xbfg\xd3\xa6/\x85s\xb3\xf1v\xff\
}\xaa<\xe5\x91\xe7\xad]\xbb\xad\x9a-\x15)\x837\
c'\x97\xf2V\xde\xbb\xe5# \xfe\x00L\xf9$+\
\x0a\x5c*o\xf5\xc6-\xed\x9a\xf93\x82\xc4\x9d\xcc\x5c\
\xafY\xae!\xcd\xfd\xd2d{>\xbc\x15\x1d\xf7\xdf)\
H|\x12\xc0\xed\xcc|\x19\x00S\x0a9\xa04\xff\xb1\
\xae\xb5\x9eM~\xf5\xab\xd9Jx\xab6n\xbd\x1d\xac\
>\x06\x16\xb7\x02h\x05\xe0\x03x\x90\x89^\x94\x02\xdf\
rS\x8d\xcf$\x93\x09\xa7\x5c\xde\x9a\x8e-\xb7h\xc6\
GX\xe0fb^\xc4 \x1f\x11\x0f1\xe8\x15\xa1\xf0\
\xbd\x83{wu\x97(l\x9e^\x973\x15\x0d\xa1h\
\xc7\xd6\x9b$\xf4r\x06n\x04Q\xb3`\xf8\x18<\xc2\
\xa0\x1e\x86~\xfaH\xd7\xa3\xcfL}\x86\xd9x+6\
m\xbe^jq\xa7\x86\xbe\x0e\xa0&b\xf8@4\xca\
\xcco\x92\xa0\x7f9\xf4\xf8\xce\xe7\xe6\xe2\x95>\xfb\xea\
\x8e\xcf]\xcb\xe4\xdd\xce\x8ce\x00-\x04\xd8G\xc4)\
\x86x[2\xba\x0ft\xedzaN^I\xdbF\xd7\
m\xbd\x0aB}@\x08\xba\x8a\x18\x8d\x00\xfb4\x89q\
\x22~\x97\xc1\xcf\x1ey\xfc\xd1_W\xc2[\xd9q\xff\
RA\xe2\x06f\xbe\x1cD\xf5`\xf8\x18\xc8\x00t\x92\
\x95~\xfe\xc8\xbeG^\xad\x88\xb7a\xcbb\x0d}\xad\
`,\x01\xa8\x16 \x1f\x08Yf>+\xa1_:\xd8\
\xd5\xf9F%\xbcO\xaf\x8d5\xfb}\xc6\x95\x9ay\x91\
\x80^\xc0L\x16\x0b\xca\x81\xf5y\xed\xc9\xd7\x92\xfbv\
\xbe=\xb5\x0fgm\xbf\x8d\xdb\x1aL\xed-\xd1@\x13\
\x13\xd7\x80\x85\x0f\xa4\x1dh\x1a\x00\xe97\x0fw=z\
b\xae\xf1Wz\xadY\xb3%B\x96n\xd6\x10\x0d\x1a\
\x22\xccZY\xa4\xd9\x83\xa4!\xc30\xdf\xdd\xff\xcd\x1d\
\xa7K\x0c\xc69y\x9b6m\x0a\xe7rV\x03LD\
X\xa0J+e\x81\x0c\xc5\xc4c\x01\xa6S]];\
\xcfU\xa2\x94\xa2\xd1\x87\x02^$\xbd \xe8\x89jW\
\xcb\x10X\xf9\x84\x10\xac]\x9df\xd3>\x9f|\xfc\xf1\
\xfe\xcaxQ_0\xd8\x12\xccp.\xa4\x04\x82\x01\xf2\
\x99J)b\xc8\x9c\xf4\xbc\xa1\x03\x07v\x0dW\xc2\x8b\
\xc7\xe3\xe2\xe8\x89\x13\xbee\x96e\x8d)\xbf\x9f\x95\xeb\
\x93\x82\x84\xeb)\xcf6\xdc\xb1\xa7v\xefN\x95\xc1\xbb\
\xd0\xbf\xd1X\x8dg\x09\xcb\xb0\x07\x07\xb3\x91\x88Ug\
\x07|Z{2\xe7\xf31\xc6\x90M&'\xe4\xdf\x8c\
\x0a\x98\x00\xf0\xc7c\xb1`(k\xb6j\x1f-0\x98\
\xa5\xd2\xda\x830\xb3\x9c\x8a\xbc\x99\xcd\xf6\x1a\x91\xcb\xcc\
\x80\x1eq}\x19\x12\xca\xb0\x07G\x0a\x8ax\xba\x87\x9c\
\x91\xc7L\xae\xd6\x9aL\xd3DC\x08=\xe7\xce\x19\xc2\
\xb2\x848u\xaa\xca\xee\xee\x9eq\x156+\x0f\x00\x88\
\xd8$\xc0$\x22\x15\xa4P\xcf\xeeY\x94fq\x22F\
\xa3\x0f\x05D\x8d\xb3X\xf3\xf4<)\x84\x01\x22\x05%\
\x86S\xbe\xdc\x99\xefwvf\xa6{\xdfh4*\x93\
\xc9\xa4Z\xb5\xfe\x81[!\xf5\x0a\xc5t\x00\x92\x024\
\x0d\xcf#R\xc2\xe1\x91t\xc0==\x17o\xcd\x86\xd8\
\x0d\x9a\xe5\xdf\x98>\xf3\xe3 \x82r\x9d\xdf\x03\x8b\xf3\
\xb6R\x86\x94dT\xca[\xbb\xf1\xfe6\x8fE\x9c\x98\
?iZ\x96\xa5<\x0fJ\xab\xd3\x80\xb1\x86\x04\x8d\xb3\
\xf6\x02ZJ\xaf\x5c\xde=\x1d\xb1k}$\xfe\x1b\x83\
>F@#3R \x0c\x03\x1c\x22P\x18B\xde\x03\
\x97\xce2tz6^\xb1?Vo\xb8\xffj\x0d\xf1\
y\x02~\x8f\xc1\x8d`\x1a'`L\x83-AX\xec\
\x0f\x84|\xac5\xec\xac\xbdFe\x1b\xbe5\x93\x12.\
\xf2\xd6l\xdcr\x85b\xbe\x9f\x18\x1f\x02Q\x03\x83\xd3\
\x04J1\xc3\x22\xa0U\x18\xb2Ay\x9e\x16$\xfe\x99\
5\xff\xe9\xa1'v\xbd<\x9d\x90\x9e\xe0m\xdaz\x19\
3w\xb0\xc6\xef0\xa1\x8e\x98\xb3 \x8c3`\x11\xb0\
\x08\xc0\x22\x06\xe5\xc0\xfc\xaf\xac\x908\xb2\xef\x91W\x8b\
m5\x1do\xe5\x86-\x8b\xa1\xb1\x12B\xffgb\xaa\
\x05(\xc7\x84\x0c\x01\x16\x98[\x98\xa8\x99\xc061u\
k\x03\x7f{\xf8\xb1]\xaf\xcf\xc6[\xb5\xe9\x81\x16f\
\xf5Ih\xbe\x15D\x11\x02\xd9\x00g\xc1d1q3\
1\x9a\x008\x80xFI\xfd\xf5\xe4\xeeG\x8eM\xc7\
+*\x96U\xf7=\xb8P\xbb\xeeG\x89\xf8&\x00\x0b\
\x08\xe40k\x9b\x88,&,$F#\x03.\x01\xff\
a\x18\xe2\xd1}\x8f\xed|{:^Q\x11D7n\
l\x90\x08\xb4\x13\xb8Mk^\x00\x12.\x88\x1dbX\
\xcch$\xa0\x81\x01\x0f\xc0\x8b\xda\x94]\xc9o~\xe3\
\xdd\xe9y\xf9>\x8f\xdew_\xad\xd0\xe6\xed`\xbaF\
0j4\xa0\xf2\xcfC\x16\x88\xeb\x89Q\x0f\x82\x02\xe3\
Ue\x99\x87\x92\x9d_?9+/\x16\xab1\x5cy\
\x93\xd6t9\x81\xc3L\x9a\x89\x85\xc7\x04\x8b\xa0\xeb\x98\
e\x1d\x815\xc0oH\xcf\xfc\xee\xfe\xfd;N\xcf\xa0\
\xd4\x09\x00\xdf\xbdiS8\xe8\x1a\xcbH\xf8Z5\xbc\
0\x09b\xd2\x9a\x99\xc8\x02#\x02P-\x03\x1a\xd0\xc7\
\x0d\x8b\x7f\xb8\xbf\xb3\xb3w6\xde\xc7c\xb1`H\xc9\
\xcb\x98\xd1\x04\x8d*\xa1\x99\xc8$f\xad-bZ@\
\xa0\x05\x0a\x00i}\xd2\xd0tt\xdf\xbeG\xfaf3\
:\xee\xda\xb6\xcdj\xb0i\xa1vT\xbd\x07\x15\xd2\x8a\
\x84\x10\x9a\x04\x91\xa5A\xd5\x02\x5c\xc3,\x08\xe0\xb3\xe4\
\xa8\xe7\x0e\x1e\xec\x1c@<.fZ\xdc\xc4\xe3q\xe3\
\xcd\xde\xde\x05:\x87\x1a\xd6\x22`HaxDB*\
\xd7\xd2$\xc3$\xa9Z)\x08A\xd4']\xfd\xeb\x82\
\xe2\x9c\xd5\x88~\xa1\xb7\xd7\x1f\x06\x82Bk?\xc1o\
f<\xd70<\xb2\x84)B\x02\x1cV\x0aB@\x8f\
\x08\xe5{c\xff\xfe\x1dc\xb3\xe9\xa3u\xeb\xbe\x18J\
\x07U\xb51|\xa6\x0fh\x08\xa0\xda\xf6I\x84L\xd3\
\xc9Y\x0ed\x88L\x15\x02\x1b\x12\x0a\xe3*\x8b\xf7\x92\
\xc9\x9d\xe3\xe5\xe8728\xa2\x99\xf5\xd89\xe3\xe5p\
\xd8\x10f}\xce\xafm\x11`O\x04\x04\xb1\xa9\xe1\xe6\
t&x\xbe\xa0\x88'x\x93V\xc0\x1f\x8f\xc5\x82\x01\
\xdb\xb8\x06\x9a\x02\x92x\xcc\xd0\xba\x7f$\xa8\xc7\x03\xc3\
\xc3v2\x99T\xf9\xa5\x7f\xab\xcf\xb2\xb2\xe1\x8c\xe2\x1a\
)=\x0eJ\xeftWWWn\xba\xc6\x9b\x8d\x07\x00\
\xa9\xa6&\xe3\xf6\xdaZ\xb7\xd8\xc02#D0\xa8\x87\
;;;\xdd\xe9\x0c\x85X,\x16\x18\x9e\x85\x97\x8dD\
\xac\x80mT\x0bbS\xa7\x07\xce\x02\xad\xbe)n\xa8\
\xc9\x93m\xdd}W\x99~\xab\xca\xf3\xd8\x14\x06e\x8c\
\xdc\xc5\xbc\x05\x19Qe\x9bf\xbd`o\x01\x93L\x9f\
_R\xf7\xdaTW\xed\x84\xf0[\xbf\xf9fHz:\
T\x15n\x1cO\x8do\xd4\x86\xf5\x14,\xdbA\x7f\x7f\
\xb6\x94\xe7\x09\xd1\xa0\x98\xaa!8\x9b\xb5\xbc7\x0bJ\
\xe9b\xde\xbd[n\x04\xf1\xb7\x0c\x9f\xef*\xd7q_\
\x94\x82\xf6ha\x1fVcc\x03}}}\x14^\xb6\
\xccW\x19o\xebuL\xbc\x97\x087\x80\xf1s\x16|\
\x90Y?\xc7>\x1c\xef;\xd6\x9c\x0e/\xeb\xad\x88\xb7\
\xba\xe3s\xd7jx\x8f\x82\xa8\x8d\x18\xbfd\xe0IV\
\xfay\x0e\xf2\x09\xc7\xb6\xc9'\x03\x0b-\x07\xc3\xb6i\
\xd6\x83t\x0d\xd4\x1c\xbc\x0d\xf7_\xcd,\xbe\x02\xf0\xfb\
\x98\xe8\x05\x22|\x0f\x8a^\x94J\x9erB6\xc16\
.\x97\x02\x1f\x06\xf3\xfb\x95\x94\xdf \xed\xda\x19\x93\xdf\
\x9a\x89\xb7f\xe3\x96+\xb4\xc6_1\xf15\x82\xe9e\
\x16\xf4C\xf6\xf8\x95\x90i\x9f\xb6\xed\x10)\xe9-\x05\
\xe1\x0e\x06\xee\x0b\x04\x83\xb7\xda\xd9lJ+\xba\xf5\xf0\
\xde\x87\xdf,\x152\x13\xca\xb2\xe3\xfe\xa5\x04\xf1?\x18\
\xb8\x12\x84\x1e\xc1\xf8\xa9\xd6\xa2'kf{\x01 \xe8\
\xf9\x97\x90\xe4\xdb\x98q\xaf\x10r\xb9\xd2\xea=O\xf1\
\xa7\xbf\xb5\xf7\x91\x17'\x09\xc1\xc2*g\xe5\x86-\x8b\
\x89\xf9A\x06-%\xe0MM\xfa\x19\xd2|Lg\x8d\
\xf3h\x00\x8c\xb4h\x05\xdc[\x18b\x15\x80\xdf\x05\xf0\
\x0e\x18k\xa71\x12\x08\x00\xaf\xda\xf4@\x0b+u\x1f\
\x81\x96\x80\xf1\x0e\x13\xfd\x12P\xc7\x87T\xba\x7f!\x16\
B\x19\xe3-L\xf2\xfd`\xf5\x19\x86\xf8 1\x9f\x00\
\x8b\xd8\xa1'v\xbe6-\xef\xbe\xfb\x16\x92\xf2\xadb\
\xe6V\x80N2\xf1K\x00\x9dH\x0f\xa8\xc1\x96\x16`\
\xdc\x95MZ\xf1\xf5L\xf4\x09\x00w\x10p\x8a\xa0\xbe\
p\xb0\xab\xf3\x8d\xe9x\xabc\xb1zv\xc4\xdd\xc4\xd4\
\x0c\x81\xb3\x10\xfa5f\xe3\xb4J\xf5\x0dg#\x11\xaa\
\xf6\x8c\x06\xad\xf0>&\xfe(1\xdf\xc6Dg\x04\xf4\
\x9f\x1d\xdc\xf3\xe8[\xd3\xf1\xd6l\xd9\x12QY\xfc\x17\
bnd\xa2>\xc9\xf4\x966\x8c\xde^ot\xb41\
SK\x22\x94\xab\x97\x02W)\x85\xdf%\xe0\x03\x0c}\
N\x0a\xf1\xd7\x07\x1e\xdf\xf5\xcet\xbc\xb5\xdb\xb6U\xeb\
\x94\xfb[\x8a\xb9\x9e\x98\x86\xb4\xe4\xf7\x0c3\xd47|\
\xd2Me\x17\x8eQ\xb3\xac\xaa\x15\x8a.W\xa4~\x9b\
\x187jp\xbf!\xc5W\x0f\xec\xde\xf9\xdet\xbch\
tk\x95\x08\xf1\x8d\xc4\x880\xf1\x18\xb4yVz\xde\
\x90\xeb\x0e\xa4S\xa9&Z\xb0(\xb3@+\xdf\x12\xc1\
|\x1b\x03mD<(\x0d_g~\xf5z\xf1\xca5\
\x1a}(@\xe1\xec\x95P\x5c#4eX\xd2\x80N\
\xab\xb1H\x04\x99\xe1\xe1a2\x22\x91jV\xb2\x854\
nb\x8deL\x186|j\xff\xfe\xce\xce\xde\xe9\x8d\
\xe8\xb8O\x99\xfd\xcd>\xc3\xa9\x22!\x1d\x96\xde\x98\x1a\
\xb3\xd2}m\x0d\xb9e\xbd\xbd4>.\xab\xd8T\x0b\
\x01q\x9d\x06\xae`\xe21!\xbd\xef\x1cz\xec\xb1\xf3\
3\x19\xe5f}}\xb5\x9b\xd6A\x9fbm\x18\x81l\
&#l\xe0\xb4\xd3\xd7\xd7F\xad\xadCA\xf6y\xf5\
J\xe1*\x22\xba\x8cI\xa7\x85\xad\x7ft\xf0`\xe7\xc0\
\x8cF~[\x1b\x7f\xbc\xb7\xd7\xdf\xe8\xd5H\xc3\x18U\
\xc3\xc3\xc3^[[\x9b\xd7\xd3\xd3C\x96\xb5\xc4o\x8b\
\xf1\x05DXJ$Z@\x22+m\xfd\xccLJ\xbd\
\xa8\x8f\x0cI\x01\x11\x12\xaf9\xe7\xce\xa5\xfb\xfa\xfa\xa8\
\xfb\xe8Q\x15\xdf\xbe\x9dN\x9c8\xe1\xcb\x88\xea\xb0T\
^3\x84^(\x84\xb4\xc9\x96/\xcd\xa4\xd4K\xf5\x9b\
\xcf\x10\xa3d\xb9\x03\xf6\xe0\xe0`\xc1\xb8\xa3X,f\
\x0c\x03A\x91C=\x19f\x04P\xcapBo\xee\xdb\
\xf7\x0f\xe9\x22\x8f&\x06\xcbC\x0f\x05h\xc4\xbdF@\
\xfb\x1d\xc29\x99\xea?=\xd3~[<\x1e\x17/\x1f\
?_oY\xd4\xa4\x995\xd7\x04\x8e\x17\x5c\x8c\x13~\
\xf8h\xf4\xa1\x00U\x95\xc7\x033\xad]\xf7`8\xcb\
\xe9H\xa8\xaa\x8a\xfbO\xf2\xf9\xa7\x9f\xdeaO]\xe6\
\xaf\xd8\xf8\xb9\xf7\x97\xc5\xcb+ks\x18\x08\x9a\xe3R\
\x94\xeeo\x16&\x0a\xaf\xd8\xb4\xf9:\x13F\xb7\xd2\xea\
E\xe9\xb3\xd6;\xc3g\xfaf\xe2E\xa3Q)\x82\xb5\
\x8b\xc9\xb0\xb2\xcbZ#\xfd\xa5\xfb\x05\xc5=\xd5U\x1d\
\x0f\xb41\xe9\x1f\x18\x86q\x99Rj\x97b\xfa\xcb\xe4\
\x05\xb7\xcdE<\x15nh\xf51\x9a4D\x8e\xc7\xf5\
\xf1\xa2\xa5\x15\x8f\xc7)\x91\xd8\xce+\xd7o\xbd\x96\x04\
\x0e\x03\xbc\x8c\x09\x0fg\x85\x13/q\x8b\xcc\xc13\xdf\
,ZZy^\x82W\xae\xff\xec\xd5$\x8c\xc7At\
\x15\x18\xdfT!\xfarr\xe7\xce\xf1y\xf3\xee\xddv\
\x05\xc8{\x18\xc0\x15D\xfc\x84J\x8b\xffSx\x87y\
\xf1\xa2\xeb>\xbbT\x18\xe6\xdf\x82y)\x88\x8e\x98^\
pWa\xa0N\xef\x92Z\xff\xe0\x12ix\xcd3\xf2\
\xd6\xc7\x16\x0b!\xe3\x80^B\xa0\xef\x8c[\xfa\xf1\xa9\
\x8a\xbax\xad]\xbb\xadZ\x9b\xde\xd7\x98\xd1\xaa@_\
\xb2\xd4\xd8[\xfb\xf6\xed\xcb\x14\xfa\x97\x12\x89\x04\x7fz\
\xedg\x17\xf9L\xf3\x8b`n%\x12\xff\xac\xd2\xd6\xc1\
\x99\xdcJwo\xda\x14\x0e*\xdf_I\xc3\xfc\xbcR\
\xaaW\xb3\xbe\xe7H\xd7#\xcf\xc5\xe3q*\xec\xe7c\
\xed\xdaX\x932\xe5\x16f4\x83\xf8\xa7~\xce>9\
\x93!\x1b\xdd\xba\xb5Jf\xf8\xcf\x00\xfec0N\xc2\
\x14\x9f:\xf4\xcd\x87{\xe2\xf1\xedT\xd8\xcf\xc7\xbau\
\x9b\x1b\x5c\x83\xee%\xe2\x85P\xfclC\x8d\xef\x9fv\
\xec\x98\x98C\x93\xaeu\xeb\xbe\x18R2\xf3EMx\
\x00\x8c3\xd0X{x\xef\xae7\x8ac\x0f ^\x1d\
\x8b\xd5+\x87>#@\x0d\xac\xf1\xc2h\x8d\xf9\x93\xa7\
g\xe4\xad\x0b92\xfc\x80\x00\xdf\xc7@/L\x19;\
\xfc\xcd\x87\xdf*\xb6]\xc1e\xba@[t\x97\xd6\x5c\
O\xd0\xaf\xe8L\xd3\xb3\x05\xef\xc5\xb4\x86{\x95-\xef\
c\xf0z\x02\x9dW\x06=\x94|l\xe7\xf1\x12\x1e\xaf\
]\xbb\xad\xda\x13\xee\x07!\x10!\xa1\xdf\xac6\xf1\xab\
i\x0c\xf7\x09\xc5e\x84\xb2k\x99y% \xfa\x0c%\
\xff|\xdf\xbeo\x9c(\xe5E\xa3[\xab(\x80\x0fH\
\xc15\xac\xf1^\xef\xe5\x8d=3\xc5Dttt\xf8\
3\x22\xf8\x87B\xf3'\x094\xe8\xb8\xf6\x97\x9f<\xb0\
\xfb\xe4d\xdeC\x01\x19\xf6\xae\xd5\x9e\x1d&6\xcf\x9d\
;\xf9\xea;3\xc5\xbcl\xdb\xb6\xcd\x1a\x18s?\xce\
\x82\xee\x02c\xd8v\x8d\xaf\x7f{\xff\x8e3\x05\x9e.\
*K\x11\xe8]L\x90!\x16\x18\xd6\xe9\x81\xb33\xc9\
\xab\xbb\xee\xdafE\x9a\x9c\x0f3\xc9\x0f\xb1\xc6\x98\xe1\
y\xdf\xdc\xbf\xbf\xf3\x1c3\xa3\xe8.ooo7\x16\
/~_mF\x8b\x80\xb4\xb2\x99\xb6%K\x06gZ\
%G\xa3Q\x9f\x19\xae\xbfSk\xbe\x13\x8cq\x18\xee\
\xc1C\x8f=\xd6\x07f\x94\xba\xcb\xa3\xd1h\x00\x91\x88\
\x0f\xc3\x86J&\x1fN\xcf\xe4\xfa\x8e\xc5b\xe6p\xd6\
\xbc\x95\x84\xbeU\x10\xa7\xc9\xd6O\x1d<\xd89X\xd8\
\xa3\x9f\xd0\x1f\x08\xda\xcb\xa4a\xf7.km\xed/\xb6\
\xebL\xab\xee\xb7N\xf4_\xaf\xa0o\x00QN\x06\xf0\
/\x07vM(\xe1i\xf5Q\xbd\xe1\x9d\x9di\xbc\xb4\
\xb7\xb7\x1buKo\xb8\xca\x22u5\xc0\x8e\xe7\xd3\xbf\
Hvv\x8e\xceW\xbfE\xa3Qi\x86\x1bZ=\xcf\
\xbb\x8c\x84\xf4t\x9a^.\xca{\xa3x\x93\x1a\xce\xb4\
Je\x04\x1d\x13g\x9f\xdc\xbd\xf3\xbd\xd9\xfc\xdf\x85\x8e\
\xea[\xb9a\x8b\x05\xe6%b \xb7\x14\xc0\xeb\xc5\x87\
\x8b\xc7\xe3\xe2\x8dw\xce,\xd6\x9eU\x16\x0fD\xbc\x1f\
\x18[\x1d\x8b\xf9\xdc\x9c\xb70\xdc\xe0\x01\xc0\xc9\x0b/\
\x1b\x95\x08\xd4\xae\x90\x02\xc7=\xc7\xeb}ro\xe7\xc9\
Yx\x04\x80;;;\xddht\xabr\x03\xaa\xaa\xe5\
\xcd^\x09`\xa0T\xe5C\xf1\x97\xcd\xa0U\xebe2\
\xa7O\x1f\xab\xe9_\xbe\xbc\x86g\xe2\x15\x1a\xf6\x04\x00\
\xfax,\x16\x08\x0c\x87\x18@\xb6\xf4\xf9\xd1\xb1\xf9/\
\xa4a\x5c\xe6z\xde\xd7\x8et=\xf2\x85\xd9\x9e\xaf\xc0\
{\xef\x9eM[!\xc1-\x9e\xcf\x0b\x03\x18\x9f\xb4\x87\
/\xb6\xfcW\x10\xae\x04\xe8+\x87\xf7\xec\xfa\x13\x00h\
\x8f\xc7\x8d)\x81\x0c\x17\xf3\x5cnQ\xa1L+\x80\xb7\
&\xf9\xff\x84\xb1\x8d\x89.\x07\xe3\xe1\xc3]\xbb\xfe\xb2\
\xc8[\x0e\xe8)\x83\xbb,\x1e\xe0\xc6\x08\xb4\x18\xd0\xdf\
<\xb4\xe7\xd1\xbf\xcb\x0f\xdc\xb8\xb1|\xf9\x04oBy\
\x95\xc33\xa4\xb9\x9e\x99\x17i\xd0\xde#{v\xed(\
N\x84\xe5\xcb\x97O\xe2\x1d=\x0a\xd1\xbd\x1c:\x99H\
\x9c\xbcg\xd3V\x9a\x89'\x88V\x00\xdc$\xc88|\
p\xcf\xc3\xdf,N\x84\xb6\xb66\x9e\xc4\x03\xc4\xfeD\
b\x0c\xc0\xc6U\x9b\x1eh!\xad\x17e\x8cPK\x81\
\x97Wp\x89\x04\xfb\xa4\xf1\x09b4B\xd0w\x0f=\
\xbes\xdf\x8c\xbc\xa3\x10O\xedN\xa4\x00|a\xe5\x86\
\xcdVUU\xf5\xe6\xf1\xf1\xb1O\x03\xf8E\xcfu\xd7\
\x89B$\x10+S|\x04\xccu\x02x\xfa\xe0\x9eG\
\xbe53\xef\xa8(\x18J\x7f\xb2\xb2c\xb3e\xfa|\
\x0f9\x8e\xfd7\x00}\x12\x88SA$\xb0g\x8a\x0f\
\x92\xe6\x08A\xfc\xf4\xe0\x13;\xffib\x05q\xe4\x88\
.\x04\xa1M\xf0\x0a\x86\xcd_\xae\xea\xd8b\x81\xf0\xdf\
Y\xe2/\x00\xac\xc9\x8f\xd7\x82\x8cq\xe86\xc9T\xcd\
\x84g\x0f?\xf1\xc8O\xa6\x04\xc8M\xf0zzzh\
\xdf\xbe}i\x00\x7f\xb7j\xc3f\x1f\x80/\x90\xd2_\
\x02\xf0G\xa5\x02\x8b-\xdc\x08\xad\xaa\xa4\xe4\xe7\x0f\xee\
\xee\xfcy\xa91\x5cb\x88#\xbab\x85H\xe6\x0d\xa5\
\x1d\xab6n\xf5\x81\xf5f\xe1b\x1b\x80\xcf\x97z\xec\
\x5c\xd3[F\xa0\x00)~\xf5PW\xe7\x8b\xd3\xf2\xc0\
\x88FW\x88\x82\xa1\xf4\xcdU\x1d\x9b-&\xbdQ\x99\
\xf4G\x00\xfe\xb4\x94\xe7\xabRK\x1c\x86e3\xbf\xf5\
\xe4\x13\x93\xf6\x8b\x8bs\x83\x0am*\x0a\x86\xd2\xbe\xfc\
\xfb\xf2\x1a\xc3\xe7[\x0f\xe0\x7f\x95\xf2D0\xb3Pk\
a\x18\x86\xf1\xde\x81\xdd\x0f\xbf7]\x00_\x89\xc1h\
\x03\xf8\xd6\xca\x0d\x9b-h\xba\xc7'\xbc\x15\x00\xbe\xb2\
}\xfbv$\x12\x89\xfc\x9dUC5Z\x18d\xd9\xfa\
\xdc\xbe'\x1e\xe9\x9b!\xf0\xa8\x94\xf7O\xab6\xdeo\
\x11\xc4\x1fh\x93\xee\x06\xf0(\xd1\xc4\xfd\xb4x\xf1\xad\
\x96m\x0eq\xc0\xa9\x1a\xde\xff\xf8\xe3cs\xf0\x1c\x00\
?]\xd5\xb1\xd5\x02\xf4\x87\xd93?\x02`/\xa80\
\xb0\xc0t\xf7\xa6\xfb\xaa\xfa\x8e\x1f\xcf\x8eG\x22\xde\x0b\
\xc9\x9d.\xb0s:\xf9G\x00\xa3\xb3\x93\x5c\x00?_\
\xd9q\xbf\xc5,\xeedK~\x10\xc0\x93(\x0eT\x00\
*\x94i\xb5\x84\x11\xd0\x9e\x11\x98#\xb0\x8f\x12yC\
\xe9\xa5U\x1b\xb7Z\xd0\xfaV\x9d\xd1\xb7\x03x\xba\xf4\
&\x15\xca\xb4J\xef\x22\xfd6-\xaf\xbb\xbb\xdbCw\
\xf7\x1b\xab\xee\xdd\xe2\xd3\xc47\x08G\xdc\x08\xe0\xdf\xca\
\xe0\xcd*\xefW\xae\xff\xacE,\xaf6\x83\xbc\x0c\xc0\
\x0b\x13\x0d\x1e\xdd\xba\xb5\x0a\xb6h\xd3\xaeN_\x7fy\
\xc3\xeb\x85\x17\x9ek3\x9b\xa2\xd1\xa8\x90\xfe\xba\x1b\x85\
I\x0b\xd2\xca\xf7\xe2w\xbb\xbe6R\xb4p\xc6<q\
\xbdb\xd3n[R\xfbF\x99<\xc4\xe3q\xf1\xe6{\
\xe7\xaeT\xe00\x07\x8d7\x8b+\xb4\x15\xf7n\xfd\xa0\
?`u\xdb\xb6\xfd\xc4\xe1=;;\xa6L\x8cY\x02\
`\x99\xd6\xad\xbb\xbf\xc9\x93\x08\xeal\xe8l2\x99\x0f\
\xf6Z\xb9a\xcb\x1d\x82\xe8'\x9a\xf9U?g~\xbb\
0\xa1\xca\xd9\xbc\xa7M\x9b6Ue\x0d\xc3\x0a\x03\xa3\
\xcd\xcd\xcd*\x91H\xe8U\x1b\xb7\xde\x0e\xcd\xff\x04\xc2\
\xcb*\xed\xff\x83\xb6\xb6j{\x8e\x08X*\x1a\x16\xbe\
\xa6\xa6\x90s\xee\x5c\xba\xad\xad\x8d\x8b\xdfY\xd3\xb1\xe5\
\x16EH\x12\xf0\x9a\xc5\x99\xe8\xd2\xa5K\x9drx\xf1\
x\x5c\xbc\xfan\xff\xfbL\x89*\xe9\xc8\xd7\x0b\xae\x13\
D;\xb6\xde$H?N\xa07z9\xb3qy\x85\
<)8\xc8Az}\xa2?6m\xbe\x9e\x14\xbeA\
\xa0\xb7F\xaa\x8d\xcf\xdd^[\xeb^\x0ao\xe5\xfa-\
\xef#\x81/3\xe1\xdd\xd1s\xc6\xff\xb8\xfd\xf6K\xe3\
\xad\xde\xf0\xe0\xd5\x0c\xe7\xcf\x99\xe9\xa4\xce\x0c\xfcU\xf2\
\xc8\x11w\x8e\x08\xe2\x09\xe1*k\x1a\xae\xd5\xded\xde\
\x9a5[\xaeP>\xfe\x02@gj|\xea+\x9d\x9d\
\x8fz\xb3E\xfc\x16\xc7g4\x16\xab\x96\x8e\xf9)\xc5\
\xfck[\xe6\x8e\x17=\x18\xd1\xf5\xb1%B\xc8?\x22\
\xf0\xb9jKwvvvz\xa5\xab\x9d\xe9x\x00\xf0\
Bo\xaf?\xe4\xc8\x7f7M\xf3&\xcf\xb5?zh\
\xcf\xa3?\x06\x80\xe8\xbd\xf7/\x12\x10\xabIp\xff\xb2\
\xcb\x16\xeeO$\x12j\xea\xead:^O\xcf\x98%\
\x83\xb9\x1f\x82\xe8\x16\xcd\xea#\xc5\xc0\xb1U\xf7=\xb8\
\x90\x94\xf3\x090\x86\xcf\x9eX\xf8\xdd\xee\xee\x84\x9a-\
\x82x\x0a\xef[\x0c|\x80\x04}\xb2\x188\xb6~\xfd\
\x03u.y\x1f\xd6\x82F9=\xf8/\x85\xe8U\xcc\
\xb6\xef\x07\x00'N\x9c\xf0\xd9\x14|\x02\xc0\x8d\x82\xb1\
\xb6\x188\xf6\xc9\x8e\xcf/\xf0\xb3s\x1b\x93Nsf\
\xe8\x17\x95\xf0r\x08\xec$\xe0z\x05\x11Kv\xed|\
i\xc2\xc3\x90\xc5uP\x9c]vy\xe3\xabs\xc9\xab\
\x22\xef\xb9\xa1!\xb3&\xe5\xfe=\x88\xaee\xe2?>\
\xb2;\x1f8\xd6\xd1\x11\xf7;\x18\x5cJB9\x07v\
\xef|\xb7\xd0\x0f3\xf2\x98\x99\x00`\xc5\x8a\xed\xa6\x08\
\x9e\xdf\x0e\xd0\xd5\xd0\xf8\x9f\x87\xf7\xeez\xbd\xe8\xca\xec\
O\xa3>\x14\x16j\xdf#\x8f\xf4\x97#\xf7\x08@t\
\xc5\x0aS\x84\xea\xfe+\x01W\x10\xf8o\x0f\xeey\xf4\
\xad\xe2\xde~GG\x87\x7f\xd0\xb2\xc4L^\xa1\x8b\xf7\
\xef\x81X\xec~c\xcc\x96\x9b\x01^*\x04=|\xe0\
\xf1]\xef\x94\xb6\x9f\xf2\xbc\xde\xe4\x85\xc5\xd1\x9c\xc1\xbf\
\xb1X\xcc\x18q\xe5:\x09,\xf6<\xb5\xa7\xf8\xdd\xe8\
\xd6\xadU\x94\xe1\xf71\xe9t\xdb\x92\xa67\xca\x8d\xac\
o\x8f\xc7\xe5\xa2\xf7\xfa>\xad\x80\x16\xad\xf5?&\x9f\
x\xf4L)Oi\xca\x94\xa9\xdf&\xe4\x81\x08\xd4}\
\x04\xc4\x0b\xc9\xf0\xfe\xb9\xe0z\x9f\x0foB_\x8aP\
\xdd\x1d\xa4\xb9\xded\xe3g{\xf7><(\x00@\xe5\
PG\x9ek\x0a)\xfb\xcaU\x96\x850p%\xb5\xd7\
\xefiT\xf9D\xae\xa5\xf8\xfbQ\xdb\xbc\x130Z\x00\
\xf4W\xc0\xa3D\x22\xa1\xa5G\xa3\x04\x11\xb2\xc6D\xc3\
\x85\xd6\xe0\x15R\x08\x10\xeb\x97\x01\xe0( \xca\xe1\x11\
\x11\x8f\x1b\x81\xac\x16\x08z\xbe\xf4\x82\x0b\xebK\xfe\xb4\
\x10\xc2\x02\xeb]]]]\xb9\xf6\xf6\xb8Qf\x146\
\xf7\x19\x86\x12\xda\xf2\x9f\xb7\x03\xa1\x92\x11\xff1&\x0e\
\x82\xf0X2\xf9\xd5\xec\xd1\xa3\x10s\x0c\x1a.\xb6\xdf\
\xfe\x1d;R@C`hh\xc8\x9c\xb0\xae\x88?\x0a\
\xc0\x0f\xa2\xbd]]]\xb9\x9e\x9e\x1e*\x83G\x89D\
B\x0b)\xfb4\xb3\xce\x90\xeb/~(\x05>D\x10\
\x16\xb4>\xd2=\x0f\x9e\x14\xc2\x80\xe7\xd5N\xb4\x9f\x87\
\xdf\x01\xe0S\xc0w\x9e\xde\xb1\xc3\x9e\x1f\xcf\x98\xe0A\
\xd0\xed \xf8X\xe1\x07O?}\xe9<\x0d\xf7\x03`\
2\x98\xd5\x8f\x93\xc9\xa4\x13]\xb1\xa2\xec\xfePj\x1a\
\x9e\x9f\xaf'&\x83\x99\xbb;;;\xdd\xb9\x8e\xdb\x14\
?Kvv\x8e\x0ez\xa3\xff(\x88\x83\x96Q\x15\xb9\
\xf0\xba\xf2Z\x02\x84&\xf9\xf3</>'\xef( \
\xbe\xdf\xd9\x99!\xe6\xc7\x0c\xc3\xcc\x02\xe2\xd6\x09\x9e\xa0\
+\x041i\x0f/$\x12\x09/\x1e\x8f\xcf\x1aI[\
\xe4%\x93_\xcd\x12\x8b'|>3H,VL\xbc\
\xaf\xca.af\xd2Z\xbe\xd2\xdd]\xe0a\x0e\xde\xd1\
\x02O\xe0\x10\x11\x162\xeb{\x8a\x9f\xdb\xa6j\x86\x94\
\x9a\x98\x8f\xe5W\x03<\xebq\x91<\xef\xa8\xe8\xea\xea\
\xca\x11\xf3\x93\x00/\xf4\x88\xef.~\xee\xe7l\x9d\x94\
\xd0B\x1a\xef\x96\xb8\xfdf\xe5\xf5\xf4\xf4PWWW\
N\x12}\x1fD\x0d\x02\xfa\xae\x89\xf9\x91\xa3j\x90\xa7\
\xc8Ug\xcb\x91WE\xde\xd3;v\xd8 \xfc\x08\xcc\
\x0d\xa4\xe9\xc3\xc5\xe9\x911N\x07=\xa5=r\x8c\x81\
\xb9\x94oAP\xf1\x8a\x15+D2\x99p\xc0t\x94\
\x88\xeb\x99\xf4\x07\x0b\xda\x9e\x86C!\xc3\x1f\x82+\xb3\
\xd9\xb1r\xe4\x14\x11qt\xc5\x0a\x91L&\x1d0?\
\xcb\xa0Zh\xf1[\xa5.y\x00\xb8\xa5\xb99W\xee\
\xa9\x9ax|;uvv\xbaLx\x81\x09\x11\xc5\xb8\
e\xe2c\xcf\xab%\x22\x01a83\x9c\xae\xb9h\xbe\
\xc5\xe3q\xea\xec\xect\x05\x89W\xb4\xe6\x05$\xe5\xfb\
/\xf0\x8cZ)\x84\x01\xf8J\xf5\xc7\x9c\xbc\xeeD\xc2\
\xd3\x1a\xc7\xc0\xa8!)\xde7\x95W\x81~\xe3x<\
N\xc9dR\x09\xd2\xef\x12DX{\xc6U\x97\xc0\x03\
\x98\xf3\xfa\x92\xe8\x0c\x93\xac\xb2%.\x03\xf2\x8a\x8c$\
\xb4_H_\x06\x0b\x8c\xf1\xca\x8f<\x05\xc6$\x00\xa1\
\xd1\x08\x80\xee\xda\xb6\xcd\x22R\x8fJ`\xbf\x90:R\
tU\x95\xcf\x0b\xa5Y\x0b\xf2|\x5cW\xdc\xcf\x80\xc0\
\x7f\xcaf3Y\xb0x\x1a\x00\x96\x03e\x9f-]\x80\
\x91\x1cXK\x9fP\x0b\x00p4\x1e\xf7\x81\xe8f\xe5\
y\xfd\x86\xf0\xfd\x1c\x00-_^>/0<\xec9\
\xb9\xacYe\xea\xaa|\x14u\xd4\x07\xc6\x8d`:E\
Z=_)/\x1a=\x22Pm\xf9\xc6\xc6D\xa0\xc8\
#P\x1b\xa0\xcf\x12\xab\x17\x01Pqu<\xd7 \x04\
\x80\xb6%\xb5\x83|Y\xe3\xaf\x0d{p\xb0`=\x9b\
\xacy\x193\xf72\xf8\xe5\x0ax\x85\x064\xc6\x95\xd6\
\x1ey\xa2\xba\xe8\xdd\x10\x82\xae\x04\xd19\x01\xfd\xda|\
x\x0c\xb82\xe7\x85\x01P{<n\x00\xbc\x14\xe0\xf3\
$q\xec\x92yycj1\xc0\xfd\xc20\xdf\xbeT\
^4zDBQ\x0b\x88\xfb\x19\xe2\x04\x00l\xdf\xbe\
\xbd\x5c\x1e-\xa8\xae&\x06\x5c\x9d\xf3\xc2\x00S4\x1a\
\x95$\xd1\x08\xf0\x10\x938\x05\x00\x892x\x85\xad\x07\
\xcaiy(\x9d\x1d\xff\x94\x12\xfc$8\xcf\x13Lu\
\x8a1\xccV\xe0lAA\xcc\xc9+\xcc!b\xe8_\
z\x9e\xa7 \xf8\xc3\xdb\xb6m\xb3\x00\xc0 \xa3\x86I\
\x8c\xe4\xc4x_\xd9\xbc\xe5\x05\x9e\xa2\x17\x00\x8c\x12\xe3\
\xb7\x8b<(T\xb1\xe2\xb1\xact\x07\xcb\x93\xcf\xc0\xf2\
\xe5\xcb\x0b\x82M\xbf\x04FJ0\xfes4\x1e\xf7\xe5\
\xf7+D@\x83R\xd5\x86;Rn\xb7\x16\xc6\x00)\
%^\x05c\x9c\x88n\x8dF\x0b<\xe5\xf9Ha\xbc\
\xbe\xdeJ\x95{\x96\xb4\xc8\x83\xd2\xaf\x13(\x0d\xc2\xcd\
\x05\x1e\x1bR\x0a\xe9\xcbeB!;[)Ok\xf7\
-0eH\x88\x1b\xa2\xd1\xa8\x0f\x89\x84Ny\x9eN\
\x01\x99\xa2'\xac\x82\xf7\x85\xd6\xfc\x0e\xc09&\xb4\xc5\
b1\x93\x88\x98\xac\xec\x95\x19\x84\xae}\xae\xc4\xe8/\
\xf7\xb2\xb4~\x0f\x80M\xe0e\xf1x\xdc\xc8\x1b0F\
\x98\x01\x17\xb5\xd6h\xa5<\xa5\xf84\x08\xae`\xbe2\
/\x0b@2\xe7\xe5y\x15\xe8\xa3\xe2\x1c\xb25\x9f\x03\
\xb1\x07\xe6\xa5\xd1\xe8\x119o^a\xcc\x1b\xda\xec\x07\
X\x03\xb48\x1f\x84\xcc\xa4\xe7\xc1+z\xd7M\xed\x1b\
\x22\xc1,X7G\xa3Q)\xda\xdb\xdb%\x91Q\xcf\
\xda\xad\xea\xfb\xd5\xaf\xdc\x0a\x0e33\x00L\x0c2\x92\
5\x00P7\x04\x0b\x8c\x88\xa7=7\xe7\x96?\x81\x8b\
\xbcS\xa7\xaal)\x99\x94\xa3\xaa\x91\x07Z\x04\xd41\
\xe3t\xd0\x08\x9d\xac\x94\x97\xc9d\x5c\x22KH\xe1\x0b\
\x02\x80}\xea\x94\x05p\x1d\x938\xe9\x04\xd4I\x00\x5c\
&\xaf8\xb0=\xc0'=\xe8`\xfe7\x0d>\x80#\
\xc48#\xeb\xc3\xa7*\xe5%\x8fD\xb5\xc4\x98\xe9y\
\xd9@q;\x0a@\x0d\x803a_\xd3\x99Jy\x89\
DB\xa3gLZ\x96\xe5\x07\xc0\x99L\xc6\x07B5\
\x08\xbd5~\xf4V\xc0\xcb\xdfs\xfa\xb4\x03\xc1Y\xd6\
\x92\x00\xe0\xecY\x98\x8a\x11&\xc69]\x1b<?\x1f\
\x9efr\x15\xc1\x04\x80\xc6\x9e\x1e\x93\xc0!\xd2\xe8\xf3\
sc\xff|xJ\xb1W\xe4\x05n\x1c\x92`\x0a\x80\
0`\xa9\xf1\xa1K\xe5\x01\xafI\x0d\xf6\x83\xc5`\xaa\
Z\x0e\x17V\x18(\x93\xc7\xe8\xef\xcf2\x93+\x08&\
\x18\x88D\x22\x02\xcc>\xcd4\x84\xf1\xda\xd1\x89\x18\x82\
2y\xdf\xd9\xfb\xf0\x10y\xd4\xab]\x04\xe3\xdb\xb7S\
$\x12\x11\x9a`J\xc2pD\xa6\xcbV \xc5-\x9c\
\x8ca\xbf\xab\x95:\x0bP\xed\xd0\x10\xac\xbc\xd0V\x06\
\x04FoZ\xbat\xbcR^p$t\x12\xe0a&\
\xba\xac\xc8#\x22\xc1\xc4cV*\x95\xa9\x94\x17\x90\xde\
\x19\x10\x8d\x02X\x9cz\xfbm\x7f^(j\x82\xc2\xf8\
p\xe1\xb4B%<\x1d\xe6\xb3\x00\x8f\x11\xa3\xd5\x0e\x9f\
\xb2\x00@J\xc9\x9eF\xa6\xb6\xb0\x95R\x81\x80fS\
\x87\xcf\x811N\x1a\x8b\x80~\x1f\x00\xd0\xb8TV8\
\x9c)$\xb2\xa8\x88\x17\x09\x8a\xf3\x0c\xce0ss^\
\xb6\x00\xe1s\xe780<\xecU\x92\xd4\xa68\xe6\xb3\
\x01\x0c\x80)\xcb@\xd3\xf0p\xc8\x00\x00\x96\xc2\xd0Z\
S\xf8\xdc9\xafb^68D\x0c\x9b\x80\xc6\x9e\x9e\
\x1e3\xef\xb1\x83\xa9\x14{8}\xda\xa9\xb0?\x10D\
z\x84\xc06\xc0\x0dKO\x9c0\xe6\xcb+*\xb8\xd6\
\x889\x0a\x86K\xa0\xbaT\xd3\xbf\xcd\x9fW\xb8'\x97\
\xabO\x01\xa4\x88\x11\x01 \xf3\x1e,\x98\xae\xab\xd4|\
x\x99\xcc\xd9L\xfe\x18\x1a\xd7\x00mR,]zS\
\x95\xf0\xbc\x83`\x1c\xa8\xb9\xf2\xca\x00\xca5Q'/\
\xaf}\x00\xfb\xf2\x7fc\x08L\xe4\x100^7\xdcX\
q\xf6\xac\xe5\xcb\x01M\xb0\xa4\xd4>\x00\xe4\xb3,f\
\xcd.\x11l`\x10\xf3\xbaX\xf9\x14\xe5\x85\x01\x06\x00\
b\xb2\x89\xb5=\x1fTOO\x0fI\x01Kz\xaeU\
\xd2\xf9\x0e\x086\xceW\xce\x8bo\xdfN\xca\x91\x96\x08\
\xf9M\x00\xb0,\x8b5\xb3\x03&\x07\xe8\x9d\xcf#R\
\xb0E[Z\x87}\x00\xf2\x8f\xc4p\xc0\xb0\xcf\xce\x03\
\x96L&\x15\xa7\x06\xdfD\xba\xefXI\xcc\x99\x0d\xb0\
\x83\xd3\xf3\xeb\x0e\xe5y\xa2\xf8\xff`0\xc8\x00;,\
\xd8\xce\xc7\xb9\xfd\x06.b\x87\x19vuu\xf5%f\
Ec\x00= \x86\x0d\xb0\x13>W\xcb\xf3\xcd\xde3\
\xe9\xfd59$\xd8\x06z0\x8f,@B\x11L!\
\x04\x03\xc0\xb1\xe6f&\xc16\x88\x9cy\xbc\x1cF\x8f\
\x1f\xcf2a\xad&Z\xe18\xe7\xd2\xd1hTj\x96\
\xb6`\xd8G\x8fV\xfen\x83\x91>\xc9@\x151\xfb\
\x1c\xc7&\xe4\x97\x9d\x0eH:\xf3k\xad:0\xc3\x02\
\x91\xaf\xae\xd8~\x86i+\x0d\xbb\x22\xcf\xc6\xe4\x88D\
\x8b\x89'\xe6/\xd9\x9e#}\xcaN\x94\xef\xd9\xb8p\
-\x04\xc0\xb0\x00\xf6\xd9\xe1\x1c\xe5\xb7\x04RN\xe6\xac\
\xb0\xe77N\x9a\x01b\x1f\x11,\xcb\x1a\xcb\x7f?\xd4\
\xb8\x8c\xc2u\xd7\x143@Ur\xb5\xe4\xa5\xb9\x05\x82\
/\x1bIO\xc8ui\x18z^\xdd\xd1\x0a\x00\xe4S\
LV6\x1b\xa1K\x9f\xacKA\x9a,\x80|\x99L\
\xe6\x92ycccD\x04\x0bL\xbeK\x95\x22\x00\x90\
j\x1a\x22\x80|L\xb0\x806\x00\x04\xad5I\x86[\
\x12{P\xc1\xd5\x06\xc5\xc2'\x99}\xa9\xd4\x10\x09`\
A\x0e\xa0!)eK\xd0\xb3.G!\xf2\xad\xdc\x07\
\x1cV\xa1\xb0bD\x84\x80\x0b\x06\x06kkmb~\
\x0f\xa0HfAzI\xa5\xbc\x97N\x9c\xa8\x82F\x8d\
\x10\xd2\x03\x00+\xb5\xd8&\xc2I0\xd7d\x95\xb1\xa8\
R\x9e\x1d\x0e\x07\x89\xa9\x9a\x99u^\xc1-\xb6\x99p\
\x1a\xa0j\x91\xa2\x96Jy\x91H\xc4\x82D\x95W\x10\
\x80@\xbf\xc3\x8c3 T\xb9\x22\xd5T\x01\x0f\x000\
44d\x1a\x02A\xc7\xb6EA!9D\xd4K\xa0\
\xe0pF/\xac\x94\x17\x8b\xc5\x0c;\x95\x0ar\x95\x92\
\x00py0\xe8\x10p\x0e\xc4\x81@\x16\xf5\x95n\x09\
\xc4\xe3q\x91\x8dD\x8cTS\x13\x01@K/\x5c\x02\
\xfa\x98`\x05\x02\x99\xdaJy\xa9\xa6&C\x08\xc1\xa4\
\xb4\x07\x80O,]\xea\x01\xd4\xcf +\x83\xd0\x82\x0a\
x\x05\x93\xb7\xd5'%\x19\x92\xe1\xe6W\x0b\xbf\xe31\
x\x10\x04\xf3\xf4\xb0[S\xdc\x7f\xa9\x94\xa7\x0b<\x00\
\x8a\xf3\x89E\xa4\xdf?\x10\xae\xc0@\xbd\x98G\xc0\xf0\
\xf0\xb0\x16\x92G\x88H\x04\x83-\xc1\xf9\xf0LSJ\
\xcdp\x13\xdb\xb7\xf3r@\xb3\xe21\x00H\xa7\xad@\
\xa5\xbc\xc6\x0f|\xc0$\x81q\xa5\xbd\x81d2\xa9\xdb\
\xda\xdaX\xb0H)E\xbcx\xf1\xb8U.\xaf\xd8g\
~\xb3\xaa\xd1\x10\x86\x09\xc2pS\x93\x95+\x1c9H\
3\xdb:\x18\x0c\x9a\x95\xf22^z\x09\x11Z\xf3\xa2\
\xa5\xd6\x06\x00\x03\x22\x038\xaa\xa7\xa7\xc7\xa8`\x1c\x13\
\x00\xf2e\xe5\x12b\xbd\x04\xa0A\xe7l\xc8\x01\x00\xc3\
\x08d\x15\xaa\xdd\xe8\x8a\xa4\xa8\x94\xa7\x06R\x8b\x99\xb0\
\x08\xa0a+\xb5\xd8\x06@\xb6m\xe7\xd0V\xad\x8a\xc1\
Z\x95\xf0R\xce\xb9E\x00\x16\x11h\xc4\xb6\xed|\x02\
\x1f\xa1\x18\x9a\x02hm\xf5U\xd8~4\x9aC3\x18\
\xcd`\x8c\xb5 ?\xa6%\xc3\x15\xc4\xe6|xb(\
\xb3\x90\x09M\x92\x90ji\xb9\xc0\x93\x92\x8c\xf9\xf0r\
\xd4\xd7\xc0\x02\x8d\x0cJ\xf7\xb5\xb5]2\xcf\x96U\xb5\
`\xd4\x838\x9b}\xb9V\x15yDl\xa2\xa1!P\
`\xd1\xdck\xca\xbc\xcc\x08\x8f\xa9\x08H\xd7\x09P\x0e\
\xb8N\xe5\xc782lp\xf3\xa7\xd6?P[.\x0f\
\x85@;T\x0d\xd5\x08\xe2Z\x0fp\xb3\xd9\x97\x95\xe8\
\xeaJ\xe4\x98\xf0\x13\xc30\x05A\xdc\x06\x80\x8f\xe6\xf7\
\x86\xcb\x9a dg[$!\xa25\x0f\x82\x88\x9f\xde\
\xb1\xc3f\xc2\xbf\x03\xa8!\xc9\xb7\x00\xe0\xa3G\xcb\xe7\
\xf9uU#\xb1^\xe0\xb17\x0a\x80\x93\xc9\x84\xa3\x09\
\xbf\x00!\x0c\x88\x9b\xf2\xbc\xa3\xa2\x5c\x8fb@\x99u\
$\xa9\x1a2\x7f\xcc'\x99L8\xcc\xfc<\x08UR\
\xea\xeb\x01pOOO\xd9\x0ad\xcc3\x17\x08p\x98\
<\x9d-\xac\x10\x1d\x10^dp\x08\xf9\x8d\xffry\
\x04\x00\x03\x03v\x98%\xaaH\xe6\x03\x18:;;]\
\xd6\xfa\x15\x10\x07\x850\xaf\xae\x94\x97N[\x01\xe5\xf8\
\x83\x9eR\xba\xc8#F\x0f@~!\xe8\x8a\xe2*\xbe\
\xdc\xf7=q\xe2\x84/\x0c\x04\x0d\xdb\x96\x00\xa8\xf3\x85\
N\x97A\xc7\x00X\xb6\x10\x97Uj\xff\xdd^[\xeb\
\x06\x91~\x83\xed\xc0qf\xce\x07N\x10\x1d\x07\xc3\x94\
\x92Z+6(\x87\xec\x1a\x02L\xe5\xf7R\xf9\xf1\xb2\
B\x81\xe8\x04\x98\x0cKPS\xd1\xcbP6o\xc4\xab\
\x22\xc0\x14~#\x05P\xe1\x08\x15\x9f\x02Hx\xc2m\
\xa88\xa6a\x1a\x9e\xd4\xd4\xcb\x9a\xc9\x15Nm\x05\x06\
\xc2\xc5<\x22N$\x12Z\x0b\xf4\xe5]M\xd9\xea\x8a\
\xdbo\xc4\xabbM\x01H#[p\xd7k\x83i\x90\
\x84f \x1d\xaa\xd4E\xa9\x95\x18V\xc0Zfy\x7f\
\xf1\x1c\xb2\xa3\xe5\x08H\xa8\x11,\xf0\x97\xcb\x9b\x90A\
\xa4\xef\x0a\x04\x82\x01h\xfc\xc7\x8e\x1d;\xecx<.\
\xc6]1\xee\xf3\x07\xdcl$R\xb6\x02.\xc8 \xf6\
\xb4\xf3[\xd20\x1a\xc0\xfc\xe2\xd3O\xef\xb0\xa3\xd1\xa8\
\xac\xae\xd6Y\x8c\xd9N2\xb9BW\xcac!o\x05\
\xf1b\x10^.\x9ckf\xcf\xaa\xab\xa3\xf7\xfa\xde\xdf\
sr\xa8\xae\x5c\x05R\x98\x93\xcc$o\x06D\x0b\x83\
{\x8a\xe9~\xd9\xd0cR\x08\x03#^U%\x9e\xba\
|\xf82\xddHD\xcd$\xe8X\xf1\xdc\xab\xf2\x1b)\
\x02\xcc\xf9\xf04\xc4u`n\xd2\x9a\x8f\xff&x\xac\
\x8a\xa9R\xe9D\xe1\xdc5_\xd2\xf3y\xeeU\x005\
\x008U\xc8\xaa8\xc1\x1b\x19\x1b\xe3r\xbd\x12\xdb\x0b\
2\x83\xa0\x97\x82\xa9\x01\x92\xcf&\x93+\x14\x00V\x9a\
\xee\x09\x05\xaa\xbe\xe3\x17j\x15\x00n\x8f\xc7e9\x9e\
\xce\xbcsN/f\xa0N\x10\xfa\xba\xbb\xbb'\x5c\x81\
\xff\xe8\xbaN\x86I\xdf\x1b\x8d>\x14X\x0e\xe8Y\xad\
7fJ$\x12\x1c\x8f\xc7\x0da\xe0\x16\xcd\xc4\xf9\xcd\
\xfe\xa2\x8bR<\xc9\x8c\xf3\xac\xb1*\x1a}(\xb0|\
\xf9\x1c<\xe4y\xed\xedqC\x08u\x03\x11\xb1\x90\x81\
\x89pv\x83\xe9)\x80\xce3\xd1=\x1d\x1d\x1d\xfe\xe5\
\xcb\x97\xcf\xc1\xcb\x9fg\x8cF\xa3\x92\x89\x96A)a\
\xb9\xb2\xf7B\x94\xacx\x1a\xcc\xfd\x8a\xf9\xe3\x1d\x1d\x1d\
\xfe\xb6\xb66\x9e\x9b\x97?W\xa9\x95w\xb9R\x109\
\x0a\x0c^8t\xca\xff\x0a\xa2~0>r\xd7\xb6m\
V\x99<\x8e\xc7\xe3\x82M\xd9\x026\xa4\xf2\xf3\xd8\x05\
\x0f\xaa\xf8\x193\x0d\x80xy4\x1a\xf7\x1d9rD\
\x17\x8f*\xcc\x9a\x93\x94\x99\xd8\xe7\xd5\x1bR\x18A\xaf\
\xf5\xc2\xf1\x02\xa1\x7fN\xe0!\x10\xdd\x11\x8dF}\xc9\
\xb9y\x13\x5c\x15\x08T\xe7\xd20\x0b\xd63\x03\x80$\
\xbc@\x8cab\xdc\x12\x8b\xc5\xcc\xfc\xd9\xd0\xb2xx\
\xa1\xb7\xd7\x9f7\x5c\xbe\x9a-\xee\xa5\xb2R\xbf\x16\x82\
F4\xeb\x1b\xf2\xbc\x04\x97\x13\xf9\x98\xefL\xcf\xc7\xcc\
\x1a\x861ta\xc7A\xbf\x0e\xc2\xa8\x10X\xd6\x1e\x8f\
\x1b\xe5\xf2\xf2}\xe64(\xad=\x18\xde\x04O\x18\xde\
\xdb\x0c\x9d\xd2,.\x8fF\xa3\xb2\x0c\xdeD\xffj\xa5\
\x1a\xa7\xf2\xa4\x16'\x04(\xa5\x98\x17E\xa3Q\x89\xb9\
\xf7\x94g\xe59\xda\x7f\xd6\x10\x18W\xc2h(\xd3M\
9\x89\xc7\x80+\xfd\x17\xf6w\xecj\xdd\xcf\xd0ie\
pMa\x1cs\xb9<\x00\x0d\x80w\xb6\xc6r\x9f\x99\
\x98\xbfNhDhd\xaa\xbcl\xa00\xee\xe6\xe4\x15\
\x03-\x99\xc4\x8dJk0\xe8\xc8\x84\xd7\xd7\xca\xa6\xb5\
\xb0s\x8d\x9e'\xcb]\xedww'\xbc\x8e\x8e\x0e?\
Hl\xd1Z\xdbL\xf4\xedb\xb0R~\xef\xb7?\xbb\
v\xdb\xb6pI\xfb\xd1l^\xa1\xe5\xcb\xa1\xa3\xd1\x87\
\x02`\xdcGL\x19\x10\xfd`b[\x85\xcd\x9c \x12\
Z\xa9\xc6\x92\xf6\x9b\x95\xd7\xd6\xd6\xc6\x1d\x1d\x1d~0\
\xaf\x07\x90\x93L?\x9c\xb8\xc10\x86\x94\xd6^\xa5\xbc\
\xf6\x8e\x0e?\x84X\xc1\xd0\xb6\xd2\xf8\xe9\x05\x9e7/\
\xde]\xdb\xb6Y\x12\xf8\x14\x00\x87\x8d\x92s\xb1\xf3\xe5\
\xdd\xb5\xcd\x22\x89\x8f\x81\xe1@\xf3sSyR\xaa\xc6\
r\xfb#y\xe4H>\x80\x95\xe4\xef\x81\xd8\x130\x7f\
51\x9e\xbd\xf1a\xcd\x94\xa93j\xfe0\x1a\x8b\xd5\
\x94\x1e%\x9b\xad L!h\xad\x9d\x89=\x91\xa3W\
/\xdc\xa1\x9f\xf7<7\xc0D\xf7}<\x16\x0b\xce\xa5\
/\x8b\xc7\x12c\xb1\x98)X\xfd\x16@J)>\x06\
\x00\x22\x1e\x8f\x8b\xc3{v=\xab\x99\x9f\x02\xe1\x0e\x19\
\xcc\xfdy\x22\x91\xd0\x89DB\xb7\xb7\xb7\x1b\x05p~\
\x99]\x88\xba,\x04\x8d\xf0\x9b\xef\xf5\x7f\x04L\xd7\x90\
\xa4\x13\x853W\x14\x8f\xc7\xc5\xa1\xc7w>G\x02\xdf\
c\xe2\xdbd(\xfb\xc5\x22/\x1a\x8d\xcaI<0\xe5\
\x7f\xce\xf3\x9a/?\xffA\x00W\x00|\xf6\xd0c_\
?_\xe4\x1d\xe8\xda\xf5\x02k\xfc\x10\xe0\x9bm\x11z\
\xa0\x94WX\xdaO\xfc+\x19\x00l\x84#\xb7\x09\xe6\
%$\xc5\xf9\xbd{\x1f\x1e,~\x9e\xec\xda\xf9\x12\x09\
\xf1/ \xbe\xd1F\xe0\xbeI<\xcc\xcc\x93\xfe\xba\x1b\
\x89D\x0b\x0b\x0c\x17\xce<S<\x1e\x17Gv?\xf2\
*3\xff\x8c\x80\xb6\x05)w\xedd\xde$\x17E)\
\x0f\xaf\x9c\xe8\xbdF\x09\xbdPB\xa5\x0agN\x89\x99\
\xe9\xf0\xde]\xafC\xe3\xe7`\xbaF\x84\xce\xff!\x11\
1\x11qI\xdb\x95\x1el\x9f\x10hk\xee{`\x89\
\xc7\xa8\xd3ps]]\x89\x5c\xb1\xcf\x0e\xeey\xf4-\
\x02\xff\x071].\xabj?\x86Yy\x17~^\xb7\
ns\x83\xed\x8aj\xc3gy%Yc\xe8\xc0\xe3\xbb\
\xdea\xe0%\x80\x97\x8c\xd9\xc6\x87\xf3\xfd77o\xed\
\xdam\xd5\x01\xd7\x0d)U/KB\xf7)\xb9\xb7\xf3\
\xa4f\xbcJ\x1a-\xa36\xdd9\x11\xc0t\xa1/\xa6\
\xcd_~K,f\xf6\x9d<v6C\xb9\x9e\xe4\xce\
\x87\xd3\x13\x07\xdf\x9fx\xf4\x0c\xb1:\xa6\x99\x1b\x9bO\
\xf6\xdfr\x817\xbb\xb0~\xe3\xc4\xb9%\x06\x195\x1e\
\xf4H\xb1?\x00\xd0\xa1\xc7\x1e;\x0f\xa2\xe3L\x5c+\
\x03\xf5\xd7\x95\xc1\xcb\xf7\xef\xa9\xfe\xc5\x82\xa9z*o\
\xef\xde\x87\x07=\xe0\x141U\x0b\x7f\xcd\x95\xd3Tt\
\x996\xe1\xfb4<\x00\xa0\xefv}mD\xb98\xa7\
\x05\x07E\xa8\xbee\xae\xf3\x88s\xf0\x90\xdc\xb9s\x9c\
\x15\x06XK\xdf\x9b\xbd\xbd\xb5\xe5\x16Hy\xe5T\xff\
bx\xba\x86]/\xdd\xdc\xdc\xac.\xc4\x11|5+\
\x5c\x8c:\x92\xc4\x8a\x15\x0f\x84f)\x063\xc1K$\
\x12:\xba>\xb6DH\xf1p6\x9bY\xc3\xd9\xfeg\
\x8aA\x86\x9d\x9d\x9d\xae7\x1cJ\xf7\x19\x86\xc2\xec\xc5\
e&\x92I\xb4\xb7\xc7\x8d\x1c\x82\x8f\x04\x02\xc1[\x94\
V?>\xbcg\xd7\xb3E\xc1\x98H$\xb4\xe7\x8b4\
:i}\x9d\x0a7\xb4\x96\x1eu\xc3\x0c\xc7%\x13\x89\
\x84\xa6`\xf6\xcbB\xca\xe5\x00\xff\xf8\xd0\xe3;\x9f+\
\x8e\xff\xfd\xfbw\x8c9\xac\x86\x04S\xf5+\xa7\xfa\x17\
\xcf\xc2\xa3\x82\x81\xa8\x13\x89\x84\xb6)\x18\x07\xf0\xbb`\
\xfc\xf4@\xd7\xae\x17\x8a\xbc\xe4\xce\x9d\xe3\x1e\xf4\xc8\x1c\
<\x8a\xc7\xe3\xa2\x94\xd7\x84\xe0\x7fc\xa0\x9d\x18\xff\x9e\
\xec\xda\xf9R9\xbcR\xf9\x1c\x8f\xc7E{\xfb\x05\xde\
\x821\xe7\xf3\x00\xee\x00\xe3\xb9#\xbb\x1fyuV^\
\xa1\xcd/\xe6\xb5O\xf0\xaa\x17z1b\xbe\x8d\x80_\
\x1d\xde\xbb\xeb\xf5\xa9<\xedqP\x86\x1b\x17\x16\xe7[\
{\xfcb^\xc1 \xd6 b#\xd4x/\xc0\x1f`\
\xcd\xaf\x1c\xdc\xf3\xf5\xb7\xe2\xf1\xb8\x88\x1e9\x22\x9f\xda\
\xbd;%H\xaf\x0eU\x85\xf6\x08G\xfc\xef\xe2\xf8\x9a\
\xee\xf9&x \x1es\xe5Jb\xdc\x08\x8d\xd7\x0f\x1c\
\xd8\xf5\x0es^_\x1d\xda\xf3\xe8\x8f\x1d\xc7\xfe\x9ei\
\x9a7\x87l\xf1\xbff\xd2\x97\x93y\xe0\x94-\xeeF\
>\xe5\xe8\xdb\xc9\xbd\x9d'\xc1<\x91\x09\x8b\xa0\xf0\x97\
,\xb0\x0c\x84\xcf\xae\xee\xd8bK\x15\xfc\x87}\xfb\xfe\
!\xdd\xdd\xdd=)\xd2,\x09\xa8m\xdb\xb6Y\xfd\xa3\
\xce\x1f0\xe9;\x18t\xdet\xf5\xcf\x0a\xc2\x1e\xd8\xbe\
=\xbf\x88\x93\xe2\xef\xe1\xaa\xab\x01\xac_\xd1\xb1\xc5\xf1\
\xa9\xd4\xc3\x85\x8c9\x93\xe6K\x22\x01\xbek\xdb6\xab\
f\xd4\xfd]\x00\xb7(\xe2~\xe9\xe3_^\x18\x13y\
\x9e6i\x87\xf4p\x05\xb3^\xb9\xaac\x8b3n\xa9\
\xc7\x92\x9d\x9d\x99\xa9\xab\x87D\x22\xc1\xd1h\xdc'\x82\
\xe7\xeePJ\xdc \x04\x0d\x90\x9d?~S\xfa\x87\xa5\
+\xfe_\x96|\x19\xa0?\xb5z\xc3f\xdbK\x07\xf6\
\xe73\xe6\x5c\xcc\x8b\xc5b\xe6\x98\x8b\x0f\xb0\xc65P\
<lj\xf3\xd8\xd4\x89\xe49\xce^\x9fi\xb52\xf8\
\xf7\xa3\x1b\xb78A\x9d\xf9\xc7iR\x0br\x22\x91\xe0\
\xf6x\xdch~\xb7\xaf\x8d\x08\x97)M\xa3Nv\x22\
\xeb\xd7\x84\xeb\xc3\xd1\xc6\x11\xcb\xf4\x9a@\xf4\xa1\xd5\x1d\
\x9b\xed\xfaj\xf3\xfb\x85\x0c7S\x04=\xa1\xbd\xbd\xdd\
hZr\xfd\x15\x9e\xe76\x09\xc3J\xa9\x94q\x1e\x93\
g)\x09\x97\x9f\xf2\x0cj$\xc8;Vo\xb8\xdf\x1e\
>\xe7\xfb\xd7\xe9y\x85\xd4\x9b\xa1\xfa\x16O#\x22\x5c\
/\xad\xb3\x0d\xa3\xa5\xe7\xd9@Dd\xb8?\x82g\xd6\
\x81\xf4\xadk6m\xb1\xdd\xd4\xc03\x85\x8c9\x17\xf1\
\xe2\xf1\xb8\xe89y\xb2.k\xab`\xd0\xb5\xb2\xa7N\
=_\x12\xa0\xc2y\x9f\x89\xad~\xc6\x96X\xa0Y\xdc\
\x10]\xff\x80\x1d\x09\xb8\xcf\x172\xe6L\xa3\xdc\x98\xa2\
\xd1\x07B\x80'\xd1\xd8\xe8$w\xefN\x01\xbb'\xdd\
$\x82\xf29\x95E\x18Z_\xb3\xa6c\xab}\xf5\xd2\
\x86W\x133\x97[\xa4x<N\xc7N\x9f\xcez\x9e\
\xcc\xcaL\xf0\xa2\xf02\xed\xd3/\x1b\x8e\x08\x82p\xd9\
=\x1d\x9fs\x06O\xbc\xf2\xf6L\xa9\x05c\xb1\x989\
\xe0\x19->F\x936(#\xc7/\xe6!C\xc78\
\xc4\x16\x93hZ\xb3i\xab\xed\xce\x9c\xca\x8e'\xa5\xf2\
\x9c\xcc\x9b\x18\xac\xba\xde\x7f\x82F\xb3\x92\x08\x91O\xaf\
\xdbl\xdfx\xe5\xc2\x81\x19\xa2f\xe7\xe21\x00\xa4\xfa\
\xad\xf3\x0dK\x08\xe9\xf1\x5ch\xed\xdam\xce\xfe}_\
O\xcd\x10\xad}\x11O\x8f\x87OM=\x1fy\xf6\x9a\
\xe6\x91Eo\xf5\x85\xdd\x88'c\xb1\x98Y0\xe8f\
\xe5IF\x93\xd2\xc8%\x9fx\xf4\xe0\xd4\xe7\xcb'\xbb\
\xa9F\xd5}\x0f6\xb2g\x07tf\xe8\xd4L\xed\xd7\
\xd3\xd3#Z\x97-jP\x0eZ]\xdb\x1e\x82\xa4?\
\x99\x9a\xf5\xc9p\x8c\x14\xf9(\xe3\x037\xdd\xb3i+\
\xe4l\xfd\xd1\xb1\xb5I\x12\xffO)\xe5\x16\xcf\xf3\xde\
#\x16\x7f\x05f*\xc8\xbe\xbc\x97#\x1d<MUn\
\xd0\xc7\xb3\xf2\xb8;\x91\xf0\xee\xde\xb4)\x1c\xd0\xbe\x04\
\x98\x1f\x00\xe8\x184\xfe\x9f\xbc\xf1Y\x11\xaf\x18\xed\xaf\
\xa3[\xb7V\xc94\xff\x09\x08\x9f\x05\xf3\xdb\xac\xbd\x1d\
S\x95\xffL\xbc\xd2\x13\x03\x13\xbc\xe8\xd6*\x19\xd2_\
`\xa6{\x01\xbc\x03\x98\x9d\xb3\xf1\xa2\xeb\x1f\xe4d\x22\
q\xb2\x1b\xd0\xa5\xea\xa3\xc8[\xb7\xee\x8b!\xd7\xc8l\
\x01\xf3\x0a&:\xa1<w\xefT\xf9\x1c\xf4\xd2gm\
Y\x1d\x82\xd2]\xab7l9-\x5c\xe3\xf3\xfb\x13\x89\
\xb1\xeei\xb6=\xf2\xa9K\xc5F\xcd\xde\xa7\x00qR\
\xb3>R\xe4\xb5\xbd\xf6Z>\x83\x0c\xe3\xdb\xe9\xf1\xf1\
\xf5\x8647\xaf\xea\xd8lg\xa4\xf3\x17O\xedN\xa4\
\xa6y>D\xa3\x0f\x05d\xc8^\xcdZ\xff>\x88N\
;\x9e\xf7=\x00\xb4}b+\x8bI\x98\x0f\xfc\xa9\xe7\
8mDx`\xd5\x86-\xb6\x0a\xd2_'w\xee\x1c\
/\xd5\x97E^GG\x87?G\x81{4\xd3\x87\x88\
\xd0+]\xf5\xa3bV\x1b\x9a\x9a\xac\x1f\xa4;\x99h\
)A\xff\x0c$\xbfE\xac~-\xbd\xaa\xb3\xe7q\x1e\
\xb52\xd4\x00\xc8+\x89\xf96\x10\xae`\xf0I\x92\xf2\
\xb1C\xbb\x1f>[:9.$\xeb\x8f]\xcb\x90\xff\
\x87\x81\xc5\x00\x9e%\xe6\xef\x09I\xafV\x99\xea\xdc\xd9\
\xb3@\xa8^\xd6\x01\xbc\x94\x98n\x02x\x09\x11\x9df\
\xe9\x1c\x9a\x9a\xec{J\xa5\x9c\xbf&\xe6EL\xf4K\
b\xfa\xa1\x90x}\xcc\xf0\xfa\x03\xc3\xc3,\xc3\x8d\x11\
\x22\xaf\x15Z\x5c\x07\x8d\x16&\xee%\x9f~\xea`\xe7\
\xe4d\xdf\x93*\xe5h\xfdg\x04\xd1\xc4\xc0\xaf\xa4\xc4\
O\x94\xc6\xdb:\xed\x1f\xe8\x0b\x0eq\xb3QS#<\
\xafY\x11_=\x91\xf0}r\x9eQ\x9eZ)\xc7S\
\xfa!\x01j`\xc2\xcb\x92\xe5\xbfk\xc9\xef\xf6\xaa\xf1\
\xa1\xc0\xf9j\x8e,1\xc3\x9e\x9bn\x14\x8a.c\xe2\
ZI4 \xc2\xe6\xcf\xf7\xef\x98\x9a\xec;\x9f\x88}\
\xedg\xb7\xb5*\xcf\x891S\x1d\x01=\x9a\xe8\x97B\
:'G\xce\x04G\xc2\xe1sl\x9a\xf5!e\x18\xb5\
\x10n\x0b\xe5\xd3\x06\x0e\x97\xe6\x19\x9d\xb2\xb2\xe2\xb5\xb1\
X\xb3\xe7\xc8\xb5\xc4\x88\x90\xc01\x16x\x89\xa4:\xeb\
\x0d\x0f\x8fE\x22\x11\x1e\x1eFP\x84d5)\xae\xd7\
\x82\x83\x904\xca\xa9\xc0\xf1ir\x1eO$\xeb\xd7\xca\
\xf8\x141U\x0b\xe0\x1d@\xbfF\xae<_U\xa5\xc6\
\x8f57scO\xbf_V\xdb!RF5k\xe5\
s<\xdf\xb8t\x1bz\xa7\xc9\x01\x9cO\xd6\xbf:V\
\xaf-\xf1\x11b\x11b\xe6\xf7\xa4\xc4\xdb\xe4\x18\x03\xa7\
O\xd7f\x1a\x1b{\x18h\xf5\x05\x83\xda\xf2\xbcl\xc0\
\x91$\xcc\x90\xc8\xb8\x03\x03c3U\xb6Y\xb3fK\
DY\xe2N\xb0\x0e0\xeb\xb3\xcc8a\xe9\xaa\x11\xdb\
>\x99kkk\xe3\x9e\x9e\x1e#\x12\x89\x18\x9eW#\
\xfb\x8cQ\xf5\xfd\xe6\xe6\x5ctr-\xe7I\xbcB\x89\
\xc9\x9b\xb4V\x16\xb48\xaf\xa4\xd1\x1b\xd4c\xa9\xa5K\
\x97:\x89\xed\xdb\xb9}\xf9r\xd9\xd8\xd8\xc8\xbe\xa6\xa6\
\x90N\xeb\xeb\xbc\x19\x8aO\x94Vf\xf1|\xe9k\x00\
)\xd9s\x87\xb5\x1f\x03\x11\xa0x|\x85\xa3\xd1\xa8\xb4\
\xea\xea\xea\xd86\xeb\x1dO\xd7\xccT\x1c\x03\xa59\x8a\
\x95\xd1\xaa\x94AAI\xa3\xb6\x1dH\x01\xa7\x9db!\
\x95r\x8b\x81\x94\x1a\x12\x99\x8c\x88\xa8\xa0\xd6) s\
Kss\xee\xb9\xa1!\xb3x|\xa5R^\xbe6\xf1\
\x98\x05\x9cvD\xa8\xbeE3\xb9Y\xcb\x1b\x9bZ\xfc\
\xa4\x94\x17\xb1\xbc7;;;\xa7=O\xdb\x1e\x8f\x1b\
\x0bO\x0e^G\xacB\x9a\x8c\x11\xcbu\x07\xa6+\xa6\
\xe2\xf9E\x83\xf68h\x18\xe4\xba9{<\xb9\xef\xb1\
\xb7\xe7J\xae?]\xb1\x1744\x04`[>\xe1\xd9\
wW\x85\xab\x1eO\x8f\xa7\xfa\xa0\xf8\xaeCS\x8bm\
\xcc\xc1K\x1d;\xe6466\xb2\xac\xae\xae\x17\xdaZ\
\xa94o0}\xe6\xcd\x9e\xe3\xbc\x0d\xa6\xcf\xccT\x91\
kf^\xb3\xd3\xb8\xac7D\x0e\xae$\x12\xb7\x93\xa6\
\xd5 \xfc\x163^!\xa6\xf5\xd3\x14\xdb\x98\xcc\x93\x14\
\x00\x8bQ\xcbu\x07l\x1f\x22\x8e\xca\x9e\xf7Y\x16S\
\x86\x96\x92\x14\xb7\x12p\x0f\x13n\x03s\x8f\x80q\xff\
\xc1\xaeo\xbc1\x13/\xe8\xd2\xd5,LK*\xf59\
\x10\xfdZi\xfc+,\xef]_\xdab%\xd5bH\
\xbe\x99\x19\x9f \xe6[\x00z\x9dH\xff\xf1E\xc56\
\x0a\x85PV\xae\x7f\xe0\x1a!\xf9y+\x10\x08g3\
\x99\xe7\x09x\x0c\x8cg\xa52NXV\x9a\xd3\xae\xd5\
J\x06\xdd@\x9a?\xaa\x89o$\xa67\x85\xc0_L\
-\xb6Q\xfc\xffg\xd6o\xbe\xd9\x90\xf4m)\xe4e\
Z\xab\xa3Dx\x82\x15\xfd2c\xe4N\x02@\xc0\x0d\
4\x0b\xa1\xdb4\xe1C`\xb4\x11p\x9c\xa1\xff\xf7\xe1\
\xaeGOL\xc7\xcb\x17\xcb\xc1\xfe\xbc\xd7\x16?!\xe8\
C\x80\xf9\x82\x17\xd2\xa7\xd1\x0f\x88\x80\xb7\x90\x05-\x13\
,\xeed\xe0\x1a\x02\x9f`\xa2\xaf\x1f\xde\xb3\xebTQ\
\xc6\xd3\xd4\xf2r\xd1M\x9b\x97I%\x1e\x04\xf4\x9d\x00\
|L8GL\xbd \xb6\x01\x0a0\xd8\x02\xf30\x04\
=O$\xbf{h\xf7\xc3g\xa7\xeb\x8c\x22o\xdd}\
[\xaf\xf2<}?\x03\xff\x89\x00\x93\x09}\xc48\xcf\
\xcc6\x91\xb0\x18\xec\x030\xc2L/\x09\xd3\xfc\xe1\xa1\
\xc7\xbe~~\xba\x1a\x9b\x13\xcf\xf7\xd9\xcf].\x5c\xd5\
\x01\xe0f\x02\x0c\x06\xfa\x89\xd0\xc7\x04\x1bL>\xb06\
\x85\xa0\x11\x06\xf5(d\xbb\xf3u'\xa7\xab,R\xe0\
\xc5\x1e\x5c\x22mw\x15\x08\xd7\x83!\x990\x00\xa6\x01\
\x06\xdb\x04\x98\x02\x90\x9a0\x0a\xe27\xb5p\x9fK>\
\xf6\xd8\xd0l\xe5\xef\xd6\xae\xdd\xd6\xaa\x0c\xf7\x93\x00]\
\xcb A\xa4\x06\x19b\x90\x186\x936\x88\x051(\
%\x04\xbf\xeb\x99\xea\xa5\x92$\xdf\xd3\xf3b\xb1f\xcf\
\xa6\x8f\x02\xe2J\x02\x04\xc0C \x0c\x13\xb3\xcdB\x10\
k&\x01#\xc5\xda9\x9d1\xbdc\x85t\x873\xf2\
\xd6\xad\xdb\xdc\xe8\x09^\xceB,\x91\xf9\x8d\xe3\x11&\
\x1e!!lv\x99\xb4 \x86\xc08\x11\xce\xa5\xa5z\
o\xa6\xf2\x81\xc5I\xb2zu\xac\x9e}\xf2v\x80Z\
\x884k\xd0\xa8\x00\x8fif[k\xc1B\xb26 \
\xd3\xc2'\x07\xfa->?SB\xffIJ\xd3\x14\xef\
\xd7\xcc\x8dR\xe6#|\x05\xab\x94\x92\xa6m0kO\
i\x8f\x84\xce\x0a?F\xafin\x1e\x99mU[T\
\x9aZ:\xd7j\x88\x05RBkPJ\xbb:\xed\x19\
l\x07\x0d\xd3c\xe4\x5c-D\xae\xa8`\xe6N\x1f\xba\
\xb5J\x06p\x19$\xaa@\x9ebW\xa6}Pi\xd7\
\xe7\xb7\x15\xd2.\xc6,\x07\xe8\xcfz\x91E\x8d\xa1\x8c\
\x1c+\xad|2=\xef\xa1\x80\x08f\x16\x0a\x98~\xcd\
\xe4\x92\xa1\xb3\xc2\xd2Yw\xc0\x9fK\xa5<]\xdd\xe4\
\xdd(\x88\x04{4<[9\xc7\x92\xf4\xa6>\xcf\xaa\
[\x10d-\xc5\x02\xd3\x19~\xcf\xcd\x06\x02\xcd\x1e\x85\
\x87\xaf\x81v\x03\xe5\x96\xaf\xbc\x90\x98>n,^<\
n\xd9\xb6\xd6MM\x9e\xeeO\xa3\xcdu]\x08!\xb8\
\x92\xf2\x9a\x98T{\xf6K\xe1\x0c\xa7\xdb\x98Y2\xe0\
\xce\xa7\x5cgi9\xb8\xb0\xe3_\x04\xa9#\x98\xa1\x9c\
\xa8G\xa4\x04\xf1\x88\x1e\xf5\x9dJ&\xbf\x9a\x9d\xb3\xdc\
\xdf,\xe5NY\x08\x03\x8a\xb3\x92x\x0d\x948rh\
\xef\xc3\xcf\xcfV\xdep:\x9eR\xecYRz \xbd\
P\x9a\xbe\x1f\x83\x19\xae\xe3~_\x90\xfa\xd3\x03{:\
_)\x97'\x942H\x18Y\xd6\x5c\x05x\x07\xa4\x90\
\xad\xd20\xe0\xda\xb6\xcdD\xdf5H'\xf6?\xfeh\
O9<\x82\x08\xc1\xe4\x16h\xf5$\x83S\x00\xa5\xc1\
\x88\x10!\xcc@\x1f\x81\x7f\xe0\xb0\xfe\xbb'\xbb:\xdf\
\x98\xb5\x9cc4\xee\x93\x81\xfe\xcfX\x01\xeb\x00\x09\x81\
\x5c6\xedh\xc6)\x01\xb2\x19\xa8\x06q\x15\x81\xfa\x18\
\xf8\xb1\x80\xfe\xda4\x95\xae.\xaa\x08G\x82\xfeF\xb3\
\xfe}i\x18B{\xaa\x9f\x81\xd3D\xb0\x19\x1c&P\
\x08\xcc\xfdL\xf8\xa9$zt\x9aJW\x93\xe4\xfd\x8a\
u\x9b\xaf'\x898\x88>L`?\x803\x0c\x9c!\
\xc0\x06\xa3\x8a\x89\x02\xc4\x18$\x81\x7f#\xa2\xaei*\
]M\xe2\xad\xbco\xcb\xfb\x84\x87\xff\xce\xc4\xed\x0c\xb2\
\x88\xb9\x17Dg\x19\xb0\x89\x11\x04\xd8\xcf\xc4C\xd0\xe2\
\x17\x108|x\xcf\xaeS\xa5<\x9a\xad\x80\xb9\x22\xb4\
\x13\xf4U\xcc\x14\x06\xc8\x01\xf8<\x11\x8e\x11\x1b\xcf\x1d\
\xec\xfa\xc6\x1bs\x15\x90\x9eT\xb0}\xe3\xfd\xef'\xd0\
\x1d\xcct\xb9`]\x05\x90\xc3\x84>\xad\xf9mh\xf9\
\xabb\x81\xeb\xb2\x0b\xc0\xaf\xdb|=Iq+\xc0K\
\x08\x08\x82\xe0\x80y\x80\x88\xde\xd5\xac_\x99(p]\
n\x81\xfa\x8e\xd8\xb5\x0a\xe2&\x22j\x01#\x00\xb0\x03\
\xf0\x90&\x9c\x14\x10o\xe4\xad\x96\xd9y\x93\x0a\xb6\xaf\
\xdbz\x950\xd4u \xb1\x904\xfb\x89\xd8\xd6\x10#\
\x82\xe8L\xce\xf1\x8e\x7f{\x7fg\xef\x9c\x05\x9fK\xda\
ve\xc7\xfdK\xc1\xe2\x1a\x08\xae/\x16\xf3&\xa6Q\
\x01\x9cs\x85q2\xf9\xf8\x8e2\x0a\x5c_0D\xd6\
~v[\xab\xe7\xb9\x97Cq-\x0b2HH[@\
\xa7\x04t?\xdb\xa2\xb7\xa4\xc0uY\xfb\x7f\x1d\x1d[\
\x9b\xb2\xc4\x8b\x89\xa9\x1a\xecI!\xa5M\x1a\xe3p1\
\xec\xf7\xdb\xfd\xbbg\xa8\xe44s\x01\xf3\x8d\x0d\xe4Z\
\x0b\x85)BZk\x02I\xc7\x14*\x9d1\xf4\x981\
\x1c\x1a\x99\xa9\x12\xd1L\xbc5k\xb6D\x94a\xd4\x12\
\x94_J\xc9Yv\x5c\xa9\x91\x09\x92?\x9d\xc9\x9c\xcd\
\x14#N\xcb\xe5\xdd\xbdiS\xd8\xf2\xccj\xd3\x90\x86\
\xd2\xacI\x9aN\xb5\xcc\xe5\x8e\xd9\xb6\xbd|\xe9R\xa7\
\x92\xa4\x09\x13\xe9\x01\xab\x11\xf0;\x0e\x09a\xa8A+\
\xeb\x04\x86\x87m\xcf\xaa\xab3lm'\x93\x9d\xa3\x95\
\x160Gk\xabLy\x9e^b\xdbz\xc4\xf3/\x13\
\x9e\xc7\xcao\xa4l\xcf\x1a~\xeaB\xadl*32\
\x94\xa2\x0f=\xe4\x97\x83\xf6\x15Z\x8a|B\x07\x90k\
\x92J\x8f#4T\x11/\x1e\x17w\x9f\xca\x84\xaa\x90\
\xaeuY\x86\x08l^\x12\x0f\xc0\xdd\x9b\xbe\x14\x9e\x89\
\xe7Gh\xa8X\x1b|\xb6\xda\xb8\x93\xfbwf\x1e\xd9\
r\xb8\x98g\xfdRx$9\x0bW\xdd\x03\xa6_\x1d\
~b\xd7\x8f\xe6\xc3S.Y,\xa8A\x90:@D\
\x03\x9a\xf53\x82\xe8[\x07\x1f\xdf\xd5]\x09/\xfa\xd0\
C\x011d\xdf!\x05}EiU\x0f\xc0%\xa2\xf7\
\x00<\xa7Y\x7f\xb7\x98'\xbc\x1c^4\x1a\xf7\x99\xe1\
\xbe;\x95\xc6g\x88\xf9f\x80\xea\xf25\xa8q\x1a\xa4\
\x9f\x07\xc9\x1f\x14\xf3\x84\xcf\xca+\x91\x7f\xab\xd7oi\
\xd7\x12\x9f \xf0\x0d\xccTK`\x87\x89\xce\x90\xc6\x8b\
\x82\xf0\xa3b\x9e\xf0\xd9x\x93\xf4G\xc7\xfdw\x12\xc4\
]\x04n#\xd0\x02\x9d\xd7\x1f\xbd\x04\xbc\xac \x8e\x16\
\xf3\x84O\xb7\x18\x9c\x8e\xb7j\xe3\xd6\xdbY\xf3\x7f!\
\xa2k\xc0\x5c\xc3\x04\x07\xe0s\x02\xe25%\xf43\xc5\
<\xe1Sy4S\x04XQP\xc7\xe3q\xd1\xd3\xdf\
\x1fD?\xd0\xd6\xd6\x90\x99R\xf3\x12\xe5\x14X\x98\xca\
;~|<\x00\x9c\xc7\x95W^\x99\xad\x94WXy\
q\xa9\xfb\xb7\xb7\xb7\xd7\x7f\xb6\x90\xdb\xb4b\xde\x94\x0a\
%\x17\xdcd@2Ym\x03\x95\xf2\xa6\xdc\xc7L\x1d\
\x1b6X\x00\xb0g\xcf\x1e\xbb\xa4\xf1\xe7\xc7\x03\xd3]\
\xdb\x1e\xf4\x01\xc0\xd3;\xbe\xeeLY\xd9S\xe5<P\
4\x1a7\x81\x1e$\x93Iw\x1e\xc9\x03.\xe2\xc5b\
1\x03\x00\x8a\xae\xd4K\xe5\xb5\xc7\xe3\x12G\x81|Q\
\x80K\xe7E\xa3QQL2\x02\xcc\xeb\x80>O\x97\
\x9c\x7f\xca\xc4\xa7\xf9&\xec`p\xb1p\xcd%&\x12\
\xb9\xc8b\xd7\xbf\x09f{{\xbb\x01\x00\xdd\xdd\xdd\xea\
7\xc0\xa3\xf6\xf6v\xf9\xff7^I\xe5*=\x1f^\
cc#\x1f9rD\x17\xe5\x013\xd3\xf6\xd9\x0b\x86\
\xcc\xdc\x1f\xf1\xb8\xb1\xe8\xad\xbe\xb0\xeb\x96l\xc70S\
|\x1e\xbcx<.\xde\xea\xeb\xab\xc1(0\x89\x07\xa6\
\xb9r\xa0\xcf4\xee\x82\xc1\x96\xf0\x08F\xe0\xcbdR\
\x95\xf2\xa6\xce\xadh4*\x11\x89T\x01@[ss\
j\x92\xbc\x9f\xa5\x00\xc9L\xbcx<.\xde~{\xa8\
\x0a\x00\xae\xba\xaav|\xb2\xfe\x98\xb9\x00\xc9$\xfd\x96\
/\x09:\xa1?N\x9d\xca\x84\x060\x88\x9b\x17/N\
\xcf\xa5\x8f\xfe/B]\xaf\xa7B\x16\x06\xdf\x00\x00\x00\
\x00IEND\xaeB`\x82\
\x00\x00@\x08\
\x89\
PNG\x0d\x0a\x1a\x0a\x00\x00\x00\x0dIHDR\x00\
\x00\x03\xc0\x00\x00\x00(\x08\x06\x00\x00\x001)\x93\xe9\
\x00\x00?\xcfIDATx\xda\xed\xbd{t[\xd7\
u\xe7\xff\xdd\xe7\xdc\x07\x00\x02 \xc0\x97$\xea\xad\xd8\
r\x22\xd9N\x1c\xba\xb2,K\x82\x1c\xc7\x89\xa6\xcd\xab\
I\xa9\xb4\xc9Jg\xba2c\xb7+\xe9\xcf\xed8\x8e\
$;)\x88$\xb6$+nG\x93d\xf5\xe7L\xb3\
:m&mC6i\x9b\xa4\x1d'NbQ\x96m\
\xd9\xb5b\xc7\xb1\x94X\xb6\xf5\x16)\xf1\x05\x10\x00\x09\
\xe0\xde{\xce\xfe\xfd\x01B\xa6dQ\x22\x15\x00\xe4\xcc\
\xef~\xd7\xd2\x1f\xa2H\xe2\xa3s\xcf\xd9g\xefs\xf6\
\xdd\x1b\xf0\xe5\xcb\x97/_\xbe|\xf9\xf2\xe5\xcb\x97/\
_\xbe|\xf9\xf2\xe5\xcb\x97/_\xbe|\xf9\xf2\xe5\xcb\
\x97/_\xbe|\xf9\xf2\xe5\xcb\x97/_\xbe|\xf9\xf2\
\xe5\xcb\x97/_\xbe|\xf9\xf2\xe5\xcb\x97/_\xbe|\
\xf9\xf2\xe5\xcb\x97/_\xbe|\xf9\xf2\xe5\xcb\x97/_\
\xbe|\xf9\xf2\xe5\xcb\x97/_\xbe|\xf9\xf2\xe5\xcb\x97\
/_\xbe|\xf9\xf2\xe5\xcb\x97/_\xbe|\xf9\xf2\xe5\
\xcb\x97/_\xbe|\xf9\xf2\xe5\xcb\x97/_\xbe|\xf9\
\xf2\xe5\xcb\x97/_\xbe|M%\xf2\x87\xc0\x97/_\
\x0c\x10\x18 \x02\xcfe\xbe\x8a\xd5\x22\xcc-\xce\xb9\xce\
\x07\x00\xcc\x13\xf6~\xae\xf2M\xecGt\xfe\xafs\x96\
o\xee\xae\x11\x9f\xcf\xe7\x9bE\x7f\x92\xe76\x9f/_\
\xbe|U\xd7(\xf3\x1c\x0e\xa4\xffO\xe5\x9b+\xdc>\
\xdf\xaf\xc9\xd7\xdd)\xb9\xbbS\xceU\xbe\xee\xce\xb9\xcd\
\xc7\xc9\xa4\xb8$\x1f\xcf\x8d5=%_w\xa7\xe4\xce\
7\x7f}V\xf8:/\xcd\xd7='\xf8 \xba\xa7\xe0\
\xe3dR\xcc\x05\xbeKqp\xe7\xdc\xe6\xeb\x9e+|\
\x0c\xe2$\xc4%\xe7\xe5%\xbe\xee\xf3\xbd\x99/yI\
>\xcc\x9d\xf1\xbb\x84-\xe6$Dr.\xf0aj\xbe\
\xb9\xb0\x87L\xe9\xbfL1\xae\xb3t\xa81\x97\xf90\
%\x9f\x1f\x97\xfc\x1f\xcf7\xd7\xc7\xe9B\xd0\xee\xd9w\
\xa8\xae\xc47W\x19'\xf3\xcd\xc5\x07>\xd7\xf8.\x0e\
<\xe6\x1e\xdf\x85\x1b,\xf3\x1c\xe7\xeb\xee\x94\xe9\xbfH\
\xc4\x9eH&\x8c\xb9\x11X^\xc4\xd7\xd9)\xd3\xc9D\
,\xfd\x17\x89\xd8\x5ct\xfc\xba;;\xe5\xc8\xcew7\
\x8e\xec|w\xe3\x9c\x08,/\xe2\xe3dR\x0c%\xd7\
D\x87\xf6l\x8eN\x0e\x8c\xa6\x0a\x00f\x83op\xd7\
\xba\x08\xefZ\x17\x99\x9b|\x10\xe7\x92\x890\x7f5\x11\
\x9e\xcc3\xab|\xb8p\xfc\xfaw\xdf\xd9\xc0\xbb\xefl\
\x98\x13\xe3\x87\x8b\xf9 \xce$;B\xfd\xbb\xeflx\
\xd3\xf8\xcd\x82#})>~dm\xf0L\xb2#4\
'\xf9\x18\xc4\xc9D\xe0\xe4#k\x83o\xdaWf\x89\
\xefM\xf3q\xcff\xfbX2\x11\xb8\x80\x0fs#P\
*\x8f\xdf*\xeb\xc8\x9e\xcd\xf6\x9c\xe5{\xb4\xc3|9\
\xb9\xcaz\x13\xdf\x5c\x09D\x92\x09\x83\x1f\xed0/\x98\
\x97s\x89\xaf\xbbSr2a\xccE\xbe\x8b|V\xba\
R\x00?\x1bk89\xf5\xa1\xda\x9c9\xe8\xa8\xf6Z\
\xa5_\xe3\xe7\x18\x00\x86\x92k\xa2\x22,\xe3\xacD\x98\
 E<>\xf6+\xbc\xdc*\xb0,#\x0ee\xb3\xea\
\xfa\xd4ag\x96R\xbb\xcf\xf3\x85\xc2\x0d\xf1\x82r\xc2\
B\x18&\x00\x18\xdas\xb3\x85\xe2\xb1\xf6\xd4\xc1\xc2,\
\xa5\xeb\x5c\x96Ok\xcf\x0dJ+?\x9e\x1fK7\xe3\
\xb9<\xa5\xa0\xeb\x1d|T>\xf3J|-\xa9\xe7\xb2\
\xb3\x11\x1cM\xe6\x93\x81`\x93&\xaf\xe1\x0a|T\xaf\
\xb4JN&\x05\xa5R\x1a\x00\xf2;7\xbc\xd7a\xee\
\x90B\x7fG\x13\x82\x809\xa7\xf8\xd2;\x12\x9b\x00\xdd\
)\x85X\xaf5\xb7\x08R\x1fe\xe2A\xad\xcd\x92*\
\x16Ff\x87\xef\x8d\xe7;\xb23\xb1^\xb0\xfem\x06\
\xaf%\xd0\x12\x10Y\x92hHi\xdc\xd3h\x95\x9e\xa2\
{\x0f\x14f\x93otgb\xadf\xfd>\x80~\x83\
\xc0\x8b\x99\xc8\x22`\x88\x81\x17\x0c\xc9=\xe1\xfc\xfc\xfd\
\x94\xeaq\xca\xd9\xe5\xf5\xe7\xcb\xecJ\xdc\x0c\xe6\xf7\x02\
\xb8\x09\xc0\x22\x80-0\x8d\x80\xf8%f\xfd\xbd\xf8\xf6\
\xa7\xf6V\x1c\xb0z\xa5\xbf'\x93\x10\xa9\x09\xbe\xfc\xc3\
\x89w\xb8\x9a\xdfE\x84\x1b\xb5\xe6\x85T\x1e\xbf43\
\x0e3\xd1\xbf5m\xeb\xdd\x7f\xf1\x9c\xad\x873Z\x19\
\x8b\x91\x9d\x1bo\x10\xa0\xf5\x04^\xcd\xcc\x0b@\xb0\x08\
4\xaa\xc0\xafH\x88\xc7\x1b\xb7\xf5\x1e\x98M\xbe\xa1\x9d\
\x1b\xdf&\xb5^KD\xd7\x81h\x1e3\xdb\x02\x94\xd5\
\xc4\xaf\x11\x89\xbd\xb1\xad\xbd\xcf\xcf&\xdf\xe8\xae\x8d\xd7\
\x0a\xf0;\x95\xc6\xb5Lh#\x86\x0dF\x0e\x84c,\
\xc5S\xf1\xcf\xf6\xbex\xf1\x9c\xad'_z\xf7\x86\xe5\
\xec\xe1F\x22,\x17\x84\x16\xa5\xc9&\xf0\x18@'\x0d\
\x83\x9e\x8b\xdc\xd7\xfbr\xdd\xf9&\xd9\x8a\xe1/oX\
,\x1d\xbc\x8d\x09K\x08\xd4\xac\x99,\x12\xba@$\xce\
\x08\x0f/D\x1f\xe8\xfd\xd5l\xf2\xe5\xbf\xb4a\x81C\
t\x8d\x90\xb4\x10@\x9c\x88-\x06\x97\x04\xf8l\xb1$\
\x0e\xb5\xfd\xd9\xbeW\xebm_&\xf3e\x1f\x5c\xdf\xaa\
\x0d\xb9\x94\x94\x9a\xcf\x92\x1aY\x93-\xa0\x1d\x8f1$\
\x14\xbd\x12\xff\xfc\x93\xc7\xea\xcd7Y\x99\x1d\xeb\xe3\x92\
\xccv\x8f\x9dV\x162j\xb0\xb6\x14IOj=\xe2\
z8\xd6\xfc\xf9'O\xcd&\x1f\xefZ\x17\x19\xd5\xa2\
\x15B6\xb1\xf6\xc2D\xc2\x06\xb3\x02Q\xd6\xf0p*\
\xfc\xb9'\xfbg\x93\xefL\xb2#\xd4h\x86\x1a\x0b$\
\x1aM\xa1\x1a\x88\x85\xe5\x0ab\x01\x1e3\x94>\x1b}\
`\xff\xe0\xac\x8e_r\x95\x05\xb4\x86\x86\x83\x08\x9b\xc4\
A\x8f\xa5\x05U$IV\x11\xa4\x86c\xdb\xf7\xa7/\
\x9e\xb3\xf5\xf6\xa5\x8f#a\xc5\x80\x80\x11\x97\xb6[,\
\xd9\xc4\x86\xb0\x94t\xc7\xcdb\xb6u\xeb\xd3\xb9Y\xe0\
;\xef\xcb\x8d\xec|w\xa3)\xc7\xec\xf0\xd2g\x86\xfb\
\x0eu\xd8\xa1X\xd8\x92\x19\x18:j\xebFd\x0b\x93\
\xfc\xbf\xfa\x04\xc0\x95\x81\xe0G\xd6\x06\xb3\x9e\xb5\xc8e\
\x8e\x93 )\x09\x9e\x84[\x08\xe7G\x8f\xf4!h\x84\
[b\xc1\xd2\xa8c)\xd7S\xf31\x9a\xa1\xd4\xe1\xba\
8\x81\x97\xe23\x05Ifr\x99\x5c\xcf\x04\xe0*\xa6\
X\xa8\xf1\xf0\xa9\xe3\x19a\xb6G\xc4\xaf\xf2N\xe9\xf6\
T\xafWO\xe3<\x15_9\xe7\xc44\x88\xd8t=\
\xad\x9b\xa5>L\x13\x93\xb0\x9e\xce\xf3\xc9G\xd6\x06\x1b\
\xd9X\xcc,\x1a\x89a\x5c\x92O\xb32\x89\xd2\xf9\xf1\
\xb13\x0bS\x07\xc7\xeb\x95RL[zTf\xd7\xba\
\x9b\xb52\xb6\x90A\x7f'\xb4\x17`2\xbc\xa9\xf8\xa2\
\x86s\x9a\xee=P\xa8\xcb\xfc\x9b\xe0+;\xce\xfc`\
\x83e\xbc\x9f\x08\xc8\x17\xdd;\xa5!\xcfz\x9ec\x92\
\xb0\xe4\xac\xf1uvJ\xea\xe9Q\xd9\x07\xd7\xafb)\
\xfeL\x83?\x18\x0d\x18\x81\x82\xa3\xe1i>%\xa0>\
\xa6X\x8ei\xe2 \x03\xdel\xf1\x8d\xee\xba\xfd:\xa5\
\xbd\xadD\xf8M0\xb5\x11!\x07p\x9a\x19\x0d\x00\x22\
\x82\xf0\x11\xcd\xd4'L=\x16%\xefT\xdd\xf8&\x02\
\x89\xc2C\x89k\x8a\x92\xef\x01\xe3=\x04\xb42#\x0f\
\xe6,\x13l\x02\x16\xc7\x22\x96\x0d\xc5\x18\x19s>\xd6\
T\x1a\xf9N\xdd\xec\xdf\x04_f\xc7\xfa\x15\x1at\xb7\
\x04mb\xa0\x95\x89\xc7\xc0\xc8\x11\xd8\x06\xc4\x22\xcb\x10\
m%O)\x22zL+}\x7f\xd3\x03\xfb_\xaaG\
\x90T\xb1/\xe3\xbbo]\xeax\xe6\x7f$\xf0z\xc5\
h\x11\x82\xc6\x89\x91\xd7@\x00\xc4\x0b\x09\xd4\xce\x8c\x22\
\x11\xffD)\xef\x0b\xcd\x0f<\xf3rem\xd5\x83o\
\xf8\x8b\x1b\x16\x1b\x16ma\xcdk5\xd0,\x80\x02@\
\xe3 \xb6\xc1hg\xd0\x02\x02J\x0c\xec\x93\x84]\xd1\
m\xfb~YO\xbe\xc1]\xeb\xdaM\x16\x1f\x04\x8b\x0e\
\x80\xe3DTR\xc4E\xa9\xc9b\xc2\x02\x06\xe63\xb3\
C\xc0\xd3\x82yO\xe3\xfd\xfb\x8f\xd4\x85o\xc2\xd1\xcc\
=\xf8\xaeyZx\xefU\xe0\xb7\x0bB\x8c\x99\x5c\x22\
.\x12\xd8f\xd0<f\x9a\x07\xb0KD\xcfA\xd3\xd7\
c\xf7\xf7\xbeVY\xfb\xf5\xe0\xcb~9\xd1\x02\xad\x13\
\x9e\xe2\xd5\x02\xd4\xa8\x01\x8f\x88\x1c\xd6\xda\x16B\xb42\
s\x1b\x11\xb9\xcc\xfc\x22\x0c\xfcM\xfc\xbe'\x8f\xd5\x93\
/\xf3\xc8\xda&\xe5Z\xb7\x10c\xa5 \x8ajV\x8a\
\x04\xb9\xa4a\x83\xd0B\xa0\x16\x0dV\x82\xc4\xcb&{\
\xdf\x0em{\xeadw'\xe4\x96\x1e\xd4\x85od\xe7\
\xbb\x1b\xc1\xa5\xb7K\xc2r\x06\x22`0\x84PZ\xb3\
-\x89\x9b4\xa8\x19\x80&\xe6W<\x12\xff\xd2\xb2\xad\
\xf7t=\x82\xf4\x8a\x8d\x1d\xdc\xb5.b\xc2\xbcN@\
-\xf2\x94\x8cHR\xcc$4\x83l07Ap\x1c\
L\x0c\xe6\xd7M\x85\x1f\x86?\xf7d\x7f=\xf9\xce$\
;B\x91`\xc3RE\x98\xcfZ\x85%$\x14\x00\x22\
m\x83)\x06BL\x101k:)\x0d\xa77r\xdf\
3\x03u=\xe4\xd8\xb3\xd9.\x14r\xf3J$Z$\
\x8b\x10X\x0b\x08&\xa1\xc8\xf6\x0c\xd1\xc8J7J!\
\xe0\xb1\xee/\x14\xc4\xb3\x0bS\xbdCu\xe5K&\x8c\
\x1c\x10\xd3\x0d\xa2Q\xba:\xe81\x0c\x98Zh\xa5l\
i\xc8\x08k\x11%V\xc4\x90\x83\x04\xf5\xf3\xd8\xf6\xfd\
\xe9\xba\x1e\xc2$!\x0e\xa2#\xb02\x12\x0eI\x0f\x01\
\xc7\xd5&\x85\x84\x94\xe4\xd9\xbah\x86\x99\xbc\x08\x98\x04\
@i\xafT|\xa5%\xf5\x5c\xb6\x1e|\x95\xf9\xd7\xbf\
\xfb\xc6\x06Yj\x8c\xb6\xae\x9c?0ph hG\
K\x96,\x86LW\x0a\xdbPn\xa8d l)%\
=\xc1y\xaf`\x9c\x98\x97\xea\xcd\xcfJ\xfc\xa6t\x93\
!\xa5\x1a\x08\x9c\xf9E\xc0k\x11Q\xc7\x08\xb8B\x07\
M\xb2\x83\xc2\xd5\xa6)P\x1c\xb4J\xe7\x96\x5c\xa5\xff\
wU7\xc0\xfchG(3j\xaf\xd40\x82\xd0*\
k\xc9\xd0`8?\x92\xc7\xea\x15%\xda\xd2\xa3\xba;\
!\xd7\xae]k\xc5u$R\xd0\xa5FK9\xdcX\
\xb2OS\xaa\xb7X\x97\xc9\xf7&>=\x18\xce;y\
\xac^Q\x02\x00\xf4\xe7\x0c\x8c\xdc\xe2\x02\x07\x03\xb9H\
.D9G\x84\xdb\x9d4\xdd}\xd0E=R\x0e\x1e\
}_03:2%_\xdf\xa1\xa3vcC8*\
\x846\x83K\x9e\xec;\xf5\xccZkq\xf4\xbd\xa5\x9a\
;\xa7\x13\x0b\xf0\xe4Ck\xaf\x89\x18\x22\xecy\x86)\
\x84\x1a\x7f\xd3\xf8\x1d:j\xe7\xc3V\x98![\x5cE\
1\xdb\xd4c\x0dY\xe3\x10\xd5\xf8\x10\xa1\xe2\xa0\xa7w\
l\xbc\x89\x08\x8f5\xc6\x03m\x99\x91\xc2\x1f\x90\xe5~\
\xaf\x94\xb5\x9d\xb6\xd5m\x85\xc9|\x8e\x12\xad\x102*\
\xe0\x15b\x8d\xa5#twm\x83\xf4\x0a\xdf\xc8\xc3\xeb\
o$M\xdf\x09\xdb\xc65c%\xef\x05)\xe9\x7f\x8e\
9\xc6\xb7\xe7]\xdb<\xb4\xf7\xd0\x00mB\xde\x9a\x1d\
\xbe\xf2\x06\x95\xdby\xdbj\x05\xf1M\x0070\xe3\x19\
\x22\xf1\xf7\xec\xe9g\xd9\xb0_\x8f\x17\xdc1\xcc2_\
\xf6\xcb\x89\xb7*\x8f\x1f%\xe6U <\xc7\xc0w\x99\
\xf5\xf3\xa0\xe2q*\x84I\x84\xdcyBp\x9a![\
\x5c\x16\x8d\xf5\xe6\x1b\xdd\xb5\xf1Z\xad\xf9\xcf\x01\xbc\x0d\
\xc0A\x01\xfe\xbe \xf3\x85Ra\xec\x94\x08F\x89<\
w\xb9a\xf2\x1d\x9e\xe6\xb7\x13\xe1\xab\x9au\xa9\xd0T\
|ua\x9d\xf82;\xeeXA\xe4|Q3V\x12\
\xe1%\x80~\xe8\x01\xbfh&\xef\xf4\xf0\xb8G\xa2\xc1\
Z\xc6\x1e\xad\x13\x84O\xc6\x22\xf6\xcd\xb9\xbc\x9bc\xad\
nn\xbc\x7f\xff\x91Z:1\x95\x9b\xdf\xf4\x8e\xc42\
\x80\xb7\x11\xe1- >\xcc\x1e?!\x08\x87\x1d\xa9\xfb\
\x01 \xc0\xf6\x12O\xbbkH\xd0\xef[Rnr<\
u\x82A\xbf\x1d\xdf\xbe\xef\x85Z\x06\xe9\x15\xfb7\xfc\
\xc5\x0d\x8b\xc9\xa0\xffG\x80\x97\x11\xe1\x88\xa7\xe9)i\
\xc8WJc\xfa\x5c\x1b\x80\x9c\x85E\x9e\xa1;H\xd3\
\xef\x82\xf0.b>\xaa%\x7f\xbc\xe9\xb3\xb5=D\xa8\
\xf0\x8d\xedZ\xd7\xee\xb2\xfc$@K\x00:\xca\xa4\x9e\
\x83\x96\xaf\x17\x8d\xf4\xe0|\xccCV\x97\xda\x89\xf5\xdb\
\x15\x8b\x8f\x00\xbc\x91@\xc7\x15\xa9\xbb\x9a\xb7=u\xa8\
\x96\xcf\xf7\xa2\xe0\xf7w\x19X\x04\xe8\x93Z\x88\x17Y\
\xf2\xf1bn|\xb8\x1d\xc0h 8\x9f\x84\xb8^)\
\xfd~!\xc4:f\x9c\xf24\xfdI\xeb\x03\xbd\xbf\xaa\
)\xdf\x84\x83\x94\xfdr\xa2E\xb9\xfc\x01\x22,`P\
\x1fA\x1f2I\x9d\x1e6tZf]\x8a\x87\xa3\xad\
\x8e\xab\xdf\xa6\x89\xdf+\x805 :C\xc4\x0f4n\
\xdd\xf7j=\xf82;\xd6\xc7\x01\xbc[\x83\xda\x04\xc4\
\x00K\xbcj\xb8\xb2\x7f\xc8Q\xa32[\xa2\x86&\xb3\
\xc5\xb2\xe8\x1a\x8f\xf1.\x02\xbfS\x03g\x05[\x0f\xc6\
\xb6\xff\xe4h=\xf8\x86\xf6\xac\x89\x1a\x05\xfbVMh\
\x91L#\xa4\xf4\x09\xd8r r\x22\x98;\xdeT\xa0\
p\xc8m\xb2I,\xd7J\xacg\xe2\x1b\x01\x0c\xb24\
\xfe\xa2\xe9\xbe'NL\xce\xfe\xa8\x15\xdf\xb9d\x22l\
\x04\xf5\x8d\x04\xc4\x0dEYm\xca>(w\xa4\xb18\
2\xf6\xea\xc8\x12\x8a\xcewb\x01\xf2\x96h\xe25\x04\
\xac\x12\xa0a\x83\xe8\xeb\x0d\xdbzO\xd7#\x089\xf9\
\xc8\xda`\x83\xb6\xdf\x02V\x8dB\x89q\xed\xf1\x10\x99\
v6\x1eO\x8f\x1f\xea+\xd0\x92Hk\x94\xb4j\xd7\
J\xbc\xc3c\xbe\xce\x10HK\x0f\xdf\x0a\x7f\xee\xc9\xfe\
\xba\x04I\xc9UV:<o\x81\xa9\x9c\xb0&\xe9\x08\
\xcf\xc8\x8e;j\xac\x0d(\x1e\xec\xcf\xd35\xcb\x83a\
\xa1\xe5<%\xf4j\x00+\x88\x90-*\xf3\x9f\xe7?\
\xf0\xd3su\xe1\xeb\xee\x94\xa3\xaf\xf7G=e\x854\
\x5cm6\x88BN\x97J\x8b\x17/vph\x80\x86\
\x9b\x0a!c\xdcj\x81\xa4kX\x8b\xa5\x0c\x1e3\x0a\
\xf4\xa3h\xaaw\xa8^\x97 8\xb4\x8a\xfb\xf0\x83\x80\
\x15\xb2eK\xac\xa4\x0e\xf5\x15\xbc\xd5\xe8\xf4\xb0\xfa0\
\xe1D&0.T\xacXt\x96I\x81v-P\x10\
\x1aO\xc5\xb6\xefO\xd7\x85o\x22>\x120\x82Q\xbb\
x\x08\x0b\x96\x8e\xed=4@\x9b\xbaz\x15\xba@@\
\xc2\xcaY*B\xa6\xb5\xa0\xa4\xbdy\x16\xcb\x92\x13\x1a\
{\xb1\xe5\x9e\xe7\xb2\xf5\xe4\xd30\x82&\xe9QBp\
(\xbc46L[z\x143\x08_\xef0\xd2\xe9x\
\xc8u\xc7[l\xcb\x8c\x1b\x9aU\xce\xb0\x8f,\xb8\xef\
\xf1\xb1\x99\xf2\xd1\xd5D\xe6i\xc8\x95ZS@@\x9d\
\x8d/]tz\xaaSeN&E>\xfct\x0b\xb8\
0\xdfq\xa5n\x0a\x94^\xaf\xd5M\xcdU\xf11h\
\xb8kMD\x182\x1e\x884\xf0i2\xce\xad\xbc\xe7\
\xb1R\xad\xd3rF\x1e\xb9\xed\xedRS@]\x81\x0f\
\x00\xf8\xae\x0e3\xbd\x22\x1e\x12\xd1\xa2h<'s\xb5\
\x0a29\x99\x14\xe8Jq\xfe\xcb\x89\xd5&Qo\xd1\
\xd5/\x186\x7f\xa2a\xd1\xfc\x81\xa9\xf8\xba;;\xe5\
\x9d\xef\x1cX\x5c\x0a\x16\x0b\xf3\xd2\xcf\x0ev\x01\xa8\xd9\
\xe6V\xe1\xdbu\xfb*\x8f\xbd\x7f\x0dZri\xc9\xd5\
\x7fY,\xd0\x17\xe6\xa5z\xcfNe\x88\xd2'N/\
\xd2\x90\xf3\x03\x82\x8bcY\xe3\xf5y\xa9\xde|-\xf9\
\x86wm|\xab\x01\xfe6\x83\xaec\xe0k\x8a\xbcd\
\xeb\x147\xf8\x93\xf9\x84\xe0b\x1c\xeaH\xcd\xd6G2\
)\x90Jq\xf6\xa1\xf5\xd72\x89\xbff\xe0\x1a\x10\xff\
U,,v\xd0\xa7/=&u\xe7\xebJqq\xf7\
\xed+\x8aJ}\x8d\xc1+\x04\xf0\xb7\xa5\xa2\xf8oS\
=3\xee\xee\x94\xe9WN/\xd2\x81\xfa\x8d_\xe6\x8b\
\x1b\x96\x91\x81]LX\x06\x8d\xee\xa2\x19\xf8\xcb\x05\xf7\
=>6\xd5\xcf\x8d\xef\xbcm\x89+i\x81\x14\x5cl\
\xa8)\x1f\x04\xba\xc0\xe9]\xb7-\x86\x16I\x10\x96\x08\
\xe0\x9f\xc7\x8a\xe3\x7f=Uv\xc6PrM\xd4\x0a\x05\
\xf6h\xe6E,\xd4}Ejxu\xfe}\x8f\x8f\xd7\
\xa2\xd2l2\x09\xd1\x95\x02\x0f\xefL,4\x98\xef\x05\
\xb0\x88\x80\xff=j9\x7f\xbfd\x8a4\xa6\xc1]\xeb\
\x22\x06\xcb/\x06My\x8f\xe3q\xbf\xc3\xde\x87\x9b\xb7\
>\xf5,\xba\x92T\xed \x93\x19\x04\x02\x06\xbf\xb4a\
\xbe)\xe9\x8f\x88\xb0\x00\xc0\x13\x8d\x05\xfa\xeeT\x07\xb7\
\xe7\x92\x89\xb0\x15\xe4\x07\x00\xfe\xaf\x00N\x1a0>\x14\
\xde\xfa\xc4\xe1Z\xf1\x11\x01\xb9\xdd\xb7\xb6je\xfc>\
1\xcdS\xc0\xd3\xb1P\xe8\xdfh\x8a=\x8bw\xdf\xd9\
0\xaa\x0b\xf72\x8bO\x91\xe63\x9e\xa0\x8f7o\xdd\
\xf7\xab\x1a\xf2\xf1\x99d\xa2\xa5!\xa8?\xa2\x19\xadL\
\xfa\xe0p0\xf2\xd3\xa9\xf6\xd4\xfe\xddw6\x04T\xe1\
S\x80\xf8$1\xfa\x89\xf5]\xd1\xed\xfb_\xad\xe5\xf8\
ev\xac\x8fA\xc8\xcdZ\xab\x16\x82\xfcE\xac\xd8\xf6\
4\xa5z\x9c\xa9\xd2+\x1b\x02\xc1O2\xd1'\xc08\
G,\xfe\xb4q{\xef\xeb5\xe1\xab\xf8/{\xd6D\
\xd3Ek# \xe3R\xa9#\xd1\xe6\xc2\xcf\xa6:\x98\
\xe7G\xd6\x063\x9e\xf9qf|T\x02\x03\xda\xc5\xe7\
b\x9f{\xf2x-\xf9\xce%\x13\xe1`@\xbf\x93A\
\x8dB\xea\x13\xe11yx*\x9f\x84\x93\x89@:\xa0\
~G\x80>\xc8\xa0\xe1\x82\xe7\xeeX\xf0\xf9gN\x22\
\x09\xaav\x90^\xe1;\xf9\xc8\xda`\xc4\xb1\xde\xca\xe0\
\x88d>\xfb\xb3\x92<:Uv\x1f\xef\xd9lg\xc6\
\xc7\xdeGD\x9b\x01\xa4=\xd0\x7fo\xde\xd6{\xa6+\
\x09\xaa\x99\x1f\xd3\xddi\x15\x8f\x9fY\x5cpE\x03\xdb\
\x94nzv~\xdfTY\x05G\xf6l\xb6\xe7\x15\xc7\
\xef`\x8d\xdb5s\xd6\xd2\xf8\xab\x86\xcf=y\xb6\x96\
\xdd\x1a8\x990\xf2a\xa7\xc9-\x06\x82E\xe1\x8e/\
p\xf6\x0fO\xf5\xac^N\xae\xb2\x96\x86ZnS\x9a\
o\xf3\x18y\x8f\x9d\xbf\x9f\xf7\xc0\xb3\x03\xb5\xee&q\
\xf2O\xd7\x06\xc3\xf3\xc2\x96[pU[W\xef\xd8T\
\x9f\xc5\x8fv\x98\xd9\xe1\x86\x9b\x15\xe9\x9b\x09bL\x9a\
\xf4\xbd\xc8gz\x87k\xc1w\xc1\xfc+\x88\xeb\x8cp\
\xa0?\x9c\xfe\xe9 R\xe0\xa9\xf6RN&\x8cL\x03\
\xaegO\xdd H\x16\x01\xf5\xe3Z\xddTO\x19\x1f\
E\x9d\xbe\xa9\xec\xcb\x13\xc9\x84q\xbd\x85k,\xc1\xd7\
2\xb1\xa3a\x1fh\xda\xf6\xe3\xd19\x13\xbfuv\xca\
\xf4\x9a\xd3\x8bP4\x96\xb2\x09\xcf+\x88\x97fzS\
m\xcc Rf\x00\xc8z\xd6\x22&\x84\x04\xb9}M\
\xf7=s\xe2r\xf9\xe1\x13Fx`\xf8\x8b\x1bl\x08\
\xb5d\xd8\xb5\x96\x01\xf8%\xd5&i\x9c9\x09\x91e\
c1k1=>\x02\x03\xcfe\xb3_NX\x85b\
a^\xcb\xc4\xfaB\xad\xf8:;\xe5\xe0\x8d\xfd[\x84\
K\xaf+\xe8\xfe\xa6m\xcf\x9c\x9c\x8a\xaf\xf25\xfa\xfa\
A\xf7\x5c2\xa1\xa4g\x85\xfb\xa0$\x80\xa1Z\x19\x16\
\x22pz\x87\xde\x11\x8e\xdaM\x05\xd79\xdd0*\x06\
1\xba\x8a/\xb5 \x19 \xea\xe9Q\xe8\xc1\xf1\x89S\
\x99`W\xde\xe4\x14~\xbd\x9c\xfc+\xf2\xedT\x9f\xb7\
M\xb9\xb4\xe0\xaa=\xf1mO\xfe\xc9T\xefw0@\
\x13\x0b\xe7\xc4\xc8\xee[\xa1\x94\xd9N\xa6\x8e\x00\xa8Q\
*G\x0aD\xe0\xccN\xfe\x0c@o\x01\xf0\xe7M\xdb\
\xf6m\xaf\x18:\xa4z\xd5\xe4\xcf\xbc\x98\x8f\x95\xd9>\
\xc8r\x11\x80Wks\xc2\x96\x02\x01\x9c&\xf1\xc7\x00\
\x96\x13\xf0\xb5\xd8\xb6'\xbfp\x9e\x0f\x9b4\xbaR\x5c\
\x19\xc7K\xf1ek\xcdG\xe0\x91\x1d\xde]\x82h1\
@\x7f\x15\xdb\xb6\xef\xe17\xf8z5\xba&>\xb7+\
IH\xa5\xb8\xee|\x00g\x0c\xfa\x04\x80\x85\xcc\xf4\xcd\
\xa6\xfb{\xbf2%\x1f\xf6\x0a\xa0W\xd3\xb6\xa7N\x8e\
\xec\xbe\x95<e\xb6\xabZ\xf2u\x81\x89\xc0\xe9\x87\xc4\
\x16\x12\x98/\x08\xdf\x8en}\xf2\xaf\xde8\x91\xeea\
\xa4\xc0``\xe2\x94WP\xaa7\x0b\xe0\x0f\x06w\xad\
k7=caH\x96\xda\x09x\xb5\x16k\xb7\xab\x0b\
L)p\x06x?\x13\xb71\xf3\xbf4m\xdf\xff\xbf\
\xde\xc4\x07\x00\xc9\x09\xbe\xad\xbd9\x00\x7f\x92\xde\xb9\xd1\
\x8e\xc5\x03\x7f\x98\x1e\xd1\xbfM\x84\x03\xdc}X\xd4\xca\
F\x8f\x08\xbc\x07\xe0ff<\x16\xdf\xfe\xe4w*|\
]\x87z\xb8\xebb\xbe\xf2\xc1\xcc\xf6\x91\x9d\x1b\xec\xa8\
m\xfcin\xdc}\x88\x08\x1f\xe4d\xcd\x8a\x86\xb0\xa7\
\xe4Fh\xc4\x85\xc4\x13\xf1\xad\xfb\xfe\xad\xe2\x08\xa0\xbb\
G\x9f\xff\xd4$h/\x12\x82\xca\x073_H\xefL\
\xd8L\xbcU\x82?O\x84\x8f\xd5\x90\x0f\x01\x9b\xd70\
#J\xc0\xd3M\xdb\x9e\xfa\xe9\xe4\xc3\xad\xca\xa7v%\
A]\xab;\x89\xb6\xf4\x8c\x01x8\xb3c\x83\xc5\x84\
?\x01\x89\xfb\x88\xf0_8\x99\xa2\x1a5|d-p\
#\xb1\x0aK)\x9eo\xfcl\xef3\x93\x0f\x8f\xce\x8f\
\x0a\x03\xd8\xd2)(\xd53\x0e\xe0+\xa3;6Z \
\xfeC\x0d\xfd\xc7D\xb8\xa7&|\x13\x1a\x1d\x0b\x5c'\
H\x07\x1d\xf0\xcbM\xf7\xef\x7f\xe1\xb2|\xf7\xf6\x14\x00\
\xfcUf\xc7\x06[\x01\x7f@\x16\xfd\x17\x22\xdc_K\
\xbe\xa0\xa5\x96h-l\x17\xf4j\xeb\xf6\xfd\xe7\xdf?\
\x9e\xe4\xe8\x133\xd0S\x1e\xbf\x22\x80\xff\x95\xde\xb1\xd1\
b\xf0\xc7B\x86\xf1\x09\x02\xbe\x94\xacAQ\x9d\x8aM\
\x8d8\xf6<\x8f\xd9\x90\xa6q\xa2\xf1\xbe'NL>\
\xdc\xaa|\x0f3\x08]\xa0\x89\x83\xa3\xef\x8c\xec\xdch\
\x03\xfa\xc3Rc\x0b\x01\x7f\xce]@*U\x9b\xf1\xcb\
\xbd\xda\xdf\xa8\x03&\x99d\x9d\x8d|\xe6\xf1\x81K\xf2\
\x01\x84\xe4y\xbe\x7fK\xef\xd8h\x0bA\xbf\xe9\x09\xfe\
\x00\x01\x8f\xd6\xb0h\x12!l\xd99G\xb1\xe5\x8d\xa5\
\xdb'\xea\x7f\x5c\xdc~\x8b\x01\xeaJ\x82&\xea\xfb<\
\x91y(a\x1b\xc4w\x982\xf0\x1e\x02\xbeY+>\
f\xd0\xd0\xc3\xeb\xc2-\xe3f\x01\xf1\xb4G\xdb\x0e\xba\
H\xbd\xd9\x7f~\xa3\xa5\xe3A\x17\xc03\xe9\x1d\x09\x9b\
\x88oS\x1eo$\xe0\xbb\x5c\xc3\xf9\xd7\xe8Y\x8b`\
!\xe8\x15T\xf0r\x87<e\x9f\xb5\xd7\x03\xf0\xe2\xe8\
C\xebm\x86\xbeY1n\x01\xf0X-F\xefr\xf1\
\xdb\x94\x01i\xf9\xe0\xe8W\xb9\x87\xd7[.\xd3\x0d\x06\
\x9c\x1b\x01<Y\xab\xbdw&\xf1\xe5\xa4\xf8\xe3\xc4\xc0\
C\xebm\x03t\xad\x1dP\xd7\x0188\x93\xcf\x153\
I\xdd\xe5\xaf&\xc2\x86@\x0cZe\xe3\xf9\xf7\x9c\x9a\
\xce\xcb\xd1\x0c\xd0O^\x9a\xdf'\x84\x18\x97\x84\xf9\xe9\
d\x22V~\xfe\xd5{\xcc\xe7\x7fW{\x87\xd4\x10\x0d\
&\xe9\xd1\xe9\xf2\x01@$\xd7;b\x90t\x88D\xcb\
\xb9\xaf&\xc2\xd5\xae\xccV\xa9V\x9c{\xe7\xd9\xdb\x9a\
\x1b\xed\xbf\x03\xf0\xa9\xa6mO\x9d\xe4dRL\x19\x9c\
O\xfaZ[W\xefX\x00\xa6nh\x10\x8d'\x1fY\
\x1b\xac\xc9{\x97\xa9\x94\x1e\xdd\xb9a\x9d!\xc4\x9d\xe9\
\xacs0S\xa4?\xa4T\xaf79(\x9a\x8a\x0f\x04\
\x0cel\x99c\xbb\x81\x1f\xed0Q\x83V=\x94J\
\xe9\xa1\x87\xd6\xdf\x02\xc6\x9d\xae\xa7\xf7\xe6Lw{\xb9\
UERL\xc5Wy\x86\xf1\xa5\x8bNG\xed\xe2\xa1\
\xd6\x95\xf3\xcb\xef\xd1\xd4\xe0v\x90R\xd0\x99/\xaf\xef\
\x00\xd3\xed\x00~\x1a+P\xaa\xd2\xa2\x84R\xbd\xde\xc5\
\x9fy\x01_\xfe=\xa7\xa0U\xd6\x16\xbaih\xcf\xe6\
h\xd5\xe7\xdf\x04_\xfa\xe1\xc4;\x08\xbc\x1e\xe0\xdet\
\x91\x1e\xbe\x80/\x95\xd2\x93\xc7\xf1R|\x86@\x8ck\
\xb1>&\xf8r\x0f&\xae'\xd0-\x00\x9e\x8e\x05C\
{.\xe4\x83&*\x07y\x94J\xe9\xfa\xf2\x95\xd3\x0a\
\x87vn|\x1b\x08\xef\x84\xc0sC}\xc1\xaf'/\
\xc7\x97\xea\xf5*\x01]]\xf8\x08<\xbak\xe3\xb5\x10\
\xb8\x81A?\x8b\x8c\xcf\xff\xdbJ\x05`\xda\xd2\xa3(\
\x05M\xa8\xf0AS\xaa\xd7\xabT\x12nY\xbe\xf0\x9c\
\x0c\xc8q\xae1_f\xc7\xfa\x15\x0c~\x1b1\xbd\x14\
o*|\xfb\x92|\x98\xc47a\x1f\x19c\xdb\xb2Y\
\xe7?\x91\x14\x7f?\xb8k]\x84\xb6\xf4\xa8\xaa\xf2\x9d\
\x7f\xaf\xf1\xb6%R\xd05\x04\x1c\x8e\x1d\x1b\xff^\xa5\
\x05\x0dm\xe9Q\xa9\xa9\xf8\x92IQ(4~._\
\xf2^\x08\x86\xcc\xf7gvn\xbc\x93R)]\xcdn\
\x03\x15\xbe\xa1/\xbdk!@\xcb\x188\x12\x1d\xa7\x1f\
U*\x00SO\x8f\x22\x9a`\x9b\xe0\xbb}\x12_\xcc\
,}\x89\x08OK\xa2\x0f\x0e?\xb8\xfe6J\xa5t\
5[t\xbd\x91\xfa|\xcb<SR\xbb\x02\x8e\xbeX\
\x14\xfb*U;+\xb6\xa5\xc2\x97JA\xd3\x96\x1eU\
i5\x94\xb5\xdcG\xc0x\x0e\xe0\xf7\x0f=\xb4\xfe\x16\
JAwW\x9b\x0f\xe0\xd1\xaf\xdc\xd1\xcc,\xe6\x11\xe8\
dt\xd9\xbc\xe7\xde\xe0\xc3\x05|D`\xeay\x83/\
Z\xa4\xaf1\xf0\x02\x81\xde\x9b\xd9\xb1\xbe\x83R\xd0\xd5\
l1U\xf1\x01\xca\xbe\x11\xc7\x95F\xdf\xde\x9f\xcd{\
\xa9R\xc1vj\xber\xd5\xd6tQ|\x03\xc0K`\
~w\xfa\xe1\xc4;j\xc5\xc7_M\x84\x99\x10\x91\xa6\
q\xae\xc5\xd9t\xe4\x0dG\xb9\xbc6*\xdfN\x04\xde\
2\x89o0\x14\xfa\x16\x11\x1d&\x88\x8d\xb9\xdd\x89\xeb\
SU\xe6;\xcf\xf9\xd7\x89\x80\xd4\x08\x98\xa4\x87\xe3\x9f\
y\xe2\xe4\xf9ss\xba\xf0\x16\xaeb\x03+\xeb'^\
\x18\xfaGb\x1c!\x12\xb7\x0e\xed\xdc\xf86\xa2\xf2e\
\x0a\xaa\x9f\xdai\x16\x99\x0c\xa9\x9dl\xf8\xbe\xc7\x07/\
\xe0\xc1\x85{\xefd\xbe3\xc5\xa1\x7f\x05\xebc`\xfa\
\x8d\xd1]\x1b\xaf\xad\x15\x1f\x00F\xdeQ\xec\xc4\xc6&\
\x177\xad\xcc\xbb\xc9\x7fOM\xe2kl\xce\xff\x04\xa0\
\x93\xac\xf5;2;\xd6\xaf\xa86\xdfy[\xff\xb5D\
\x83\xa5\xc4\xaat\xd0k\x9f|ky)\xdf\x8a\x08\x5c\
\xe1\x8b5\xe5\x9f\x22P\x1f3\xae\x1f\xd9y\xdb\x92\xca\
\xbfU\x9b\xaf\x12\x1f\x11\xe9\xd1X\xb1\xf7\xe4\x95.s\
*\xf6'Z\x92\x07!\xc5\x80A\xe2\xba\xa1/\xad]\
H\xa8-\xdf\xc5\xf1\xdb\x94\x17v\x13\xf6'\xbcl\xc1\
!\xc94\xa24\xbf\xe5\xec\x83\xb7\xcc\xab7\xdf\xe5\xe2\
#\x06\xa8\xf5\x9a\x05\xaf\x1bDY!\xb0x\xf4\xa1;\
\x9ai\x06\xf1\xe5\x8c&i\xa1 \x9a=\xc5\xa6\x19\xa4\
\x01J\xa5\xf4\xb4n\xd2\x18\xd8\xd2\xd3\xa3\x14\xd1 k\
\x84\xa5\xa5\xda\xcf\x9fbVY\xf9\x91\xf0m\xc2\x13\xed\
p08]\xbe\x8a\x01\x17\xc2\x1de\x8f\x1a\xa2\x05\xdd\
Z\xab\xd3SE\xb4EH\x02\x11\xbdT\xfe\xca^1\
->\x02\xbbn\xb1\xa0\xb5\x0a5)\xbb\xb1\xea\xa5\xd3\
;+\x8e\x02\xfd\xb6!\xc9&\xe2\xbf\x5c\x9e\xea-r\
2aL'\x15\x83\x00v\xc6K\xca\xf1\x10\xc8\xf4\x85\
\x1b\xaa=n\x9d\x13|\xa6\x14\xbf\x05\xe2\x10\x98\xbe\xb1\
\xe4\xde\x03\x85\xbd\xd8{\xd9\xf7\xed*cK[z\x14\
\xeey.7ph \x88\xa6k\xaa\x1e\xa0c\xf5\xe1\
\xf2\xb3p\xc5{A\x08H\xe0\x9b\x94\xea-bu'\
]\x89\xaf<\xffR\xdaT4\xe0\xb8B\xdb\x8e\x0a\xd4\
\x8cO\xa9\xdb\x01\xd8\x80\xee^>S\xbe \x0dx\x0c\
\xa3\x907\x9bj\xc5\xe7J\xb5\x01`K{\xfc\xcft\
\xcfc\xa5\xab\xe2\xf3j\xc0\x87dy\xfe1\xdf\xc2\xcc\
\x16\x88\xfeu\xe5W\x1e+u\x1d\x9e[|\xac\xf8\x9d\
\x020$\xf3\xe3\x94\xeaq\xca\xb70S\x9fBW\xd6\
6m\xe9Q,\xdd\x01\xaa1\x9f\x06\xdd\xc0\x9a\x0d\x22\
\xea\xa5\xbb\x0f\xba\xe5T\xcd\xcb\xf0M\x8cm\xd3\xb6\x83\
\xa3\xe30\xffQk\x1dj\xb0CqT\xff\xf6\x9c\x00\
@h\xf1V\x0d\x16,\xf0\x0c}\xfd\xa0\x8b\xae\xcb\xa7\
B\x96\xf9\xf6\x8a\x85\xa9\x1f\x8ck\xc67\x0cK\x16\x00\
\xbe\x19\x00\xd0S\x03>\xf2V\x80A\xa6)\x0e\x96\x0f\
'/\x9f*W\xe1\xa3{\x0f\x14\x98\xf1\xb7\x11\xdb\x08\
IA[&\xdb\xfc\xea\xeeo\xf6\x12\xe5)2\x99\x7f\
q{\xaa\xd7\xebJN\x87/!\x96\xdc{\xa0 @\
\xff\x00\xd0<\x83\xe8\xc3\x93m~5%\x8a\xde\x02\x13\
\xa4\x99\xc5+\xb4\xa5G])\x15\x92R)\xbd\xb7|\
\xd3_\x04\xc4w\x01\x9e\xc7D\x1f\xb8\xc0\xa6V\xc9\x03\
\x04\x00j\x10\xcd \xd6\xda\xd0\xc7\xb6\xf4L\xf0\xe1r\
|\xd0X\xddI\xcbS\xbdE\x83\xe8\x07\x04\xb4\x92\xd6\
\x9b\xab\xce7\xa1\xe1L\xa9\x91\xa5V,T\xdft\xfc\
\xab\x0a\xdf\xca{\x1e+\x09\xa2\x1f)\xe8V\xd7\xe3;\
j\xc0G\x000:R\x0a\x15\x08\x9eW\x0c\x0fU\x02\
\x8c\xcby\x9aD`\xf4t\x0aJ\x1dv\x88i\xaf&\
n!\xf0F\x00\xe8Y\xddY\xfd{\xb8\xbci\xb8\xae\
p\x87\xf2Vv:\x87\xf0D\xe0\x9e-\x9d\xe2\xfa\xd4\
a\x87\xc1O\x83\xb8\x09\x1a\xb7N\xb6\xa9U\x8d~\x1f\
Y\x1b<\x0e\xa0\x1d\x1d\xc5\xe9f\xe4\xa1+It\xf7\
A\x97H\x1f\x04\x10\x07dG\xad\xf8\x0a\x9e\xd9\x04C\
\x08W\x18\xcet|\xe0\xc9|L\xf8\x85 \x8e\x81\xe5\
\xdb\xdf\xc8\xd2\xaa>\x9f\xc70`a\x90R\xd0W\xe4\
\x03\x18]\xe5\x9bV\x0d\xf5\x8a\x82n4,\xfbm\x93\
m~-\xf8\xa6\x1b\xbf\x11\xc0]\xc9r& \x19t\
\x8c\xc0\x91\x90i^3W\xf8\xce\x07H[z\x94\xd6\
\xfa\x8c\x07\x19q\xa8\xb4l&\xf1\xa5\x98v\xfa.\x83\
\x5c]\x0ah\x83\x0a\x11\xcf\xcb\xcf\xb8\xccV\xa1\x90\x95\
\x00\x94\xe0\xb6\xee\xeeNY\xad\x1cw\xe6r\xba\xc3\xb1\
d\x22\xe0\x82\x1f5\x0d|\x8b\x09\xf17R\xd5\xa6i\
\x9b\x10\x1e3\x04SI\xabfN&\xabvK\xc8\x0c\
\xc2\x96\x1e\xcd\xe5\xfes\xbf\x91\xcb9\x05\x8f\xd5c\xe5\
I\xb4IOw\xf8b\xcbP$\xcf\x93\x05\x17\xb1Z\
\xf0\x1d\xd9\xb3\xd9\x06pS\xc1U\x83R\xf23\xe5\xc5\
\xbbi\xda\xef\xc1\xa4Q\xf0\xa4\xabM\x15D\x98\x99\xab\
{:\xb4\xa5Gs\xb2\xd3b\xc6\x8d\x04\x9c\x22\x8d\xe7\
\x19\xa0M3\xe0Cw\xa7\xb0\xa3%+3\xb20X\
\xcd\xa5;\x99\x8f\x08\xab\xc0\xdc\xa7\x09/0@8\xb4\
\x8a\xa7\x9f\xba\xb5\x7f\xb8\xe5\x9a\xa1\x9f\x87\x97\xc6\x86\xab\
\xf9\x0ef\x85\xef\xe5d\xa7\x05\x88\xeb\xc0\xd4\xefx\xd6\
K\xd3\xe5\xab(\xe2yy&x\x059\x16\xad\xea\xfc\
+\xa7Zk~\xb4\xc3\x14\xa0\xb70\xe1,I\xe7P\
\x99\xafgf|\x86\xe7\x16\x8a\x85H\xd5\xf9R)\xfd\
\xfc]\x1d\xa6\x06\x96\x11\xd19U\xd2\xaf0@X5\
\xfb|\x98\xe0\xe3d\xc2`\x81\xc5\x0c\x0cJ\xa1^c\
\x80:\xe7\x18\x9f`,\x90B\x0c\x16\x05\x8e\x97\xed_\
\x8a\xa7k\xa3D\xd0!)k\xc2\x07JAsw\xa7\
$\x12m`\x1a)x|\xaa\x92V~\xc5\x1fN\xf5\
*\x06H\xb2\xf5\x0f\xf9\x5c\xe1CD\xea\xbb\x9cL\x8a\
jV\x0b>\xcfg\xe8f\x00i%J}\xd3\xe6\xeb\
\xda\xa4\x19 C\xf3s\xe3\xaeR\x00\xee8\x96L\x04\
\xb0\xa5GW\xeb\x14\x9f\x08\xdc\xdd\xd9)A\xba\x91\x04\
2\xba$\x07*i\xefW\xfe\xe92\x9f u\x10\xe0\
Q\x06\xad\xe7=\x9b\xedj\xf3q2)J\x0aa\xad\
u\xd6\x13\xee\xf0t+\xa0l\xaa\xf0\x19x\x91\x89r\
`\xba\xe5H\x8d\xf8\x94\xab\x83\xc4\xc8\xb5\xc4J\x99i\
Wh9\xb4\xaa|S\xa3\xf5\xcb\x0c\xe4\x01\xba\x99\xbb\
;-l\xe9\xd1\xd5:$\xaf\xf8\x7fR\xda\xa6\xf0\xcc\
|\xc4\x0c\xe6\xa6\xbdGU\xf8H\xfc\x92\x801\x01\xdc\
\xc4\xc9\xea\xf2\x01\xe5\xf4p\x91\xb5\x85\x90\xee\xf8\xf1\xf6\
\xc1\xc2\xf4\xf9z\xcai\xdb\x0a\xaf\x0a\xc6\xb8\x01\xba\xe1\
\xe5d\xa7\xd5Y]\xbe\xb2\x8c\x98\x06\xf2\xe3\xcb\xb0i\
\xda\xadA+6\x9c\x09G\x09(2x\x15?\xdaa\
V\x02\x84jfa\xe5I\xaehmp\xdf\x8a\xa6g\
\xcd\x99\xbc\x1a\x04\x00\xaeg\x9e \xa2\x12\xa0\xaf{\xbe\
\xca|\xe5\xd7\x1b\x93\xa2P,D\xd8\xf0\xdc\x92,\x8d\
N\xff\xec\xb0\xccg\x10Nk\x86K\xc4o\xe1d\xc2\
\xa8%\xdf\x8c\xe2\xa3\x09\x1bY\x22u\x16\x10\x1e+,\
+\xf3Ac\x0e\xf0Ul8;\xc6 @Zk,\
\xe6\xeeNY\xcdw\xf8\x7f\xad\xf1\xab\xcc\xdf\x80\x1c\x91\
Z\xb1%\xb0`&\xf1\xe5\xf4o\x80\xbb\x12\x92$\xb5\
\xb2\xf2\xc2\xc8\xda\xeet\x0dL\xe5{\x9a\xdbUAA\
\x81\x85\x8cv\xa6\x8f\x8aj\xbf\x1b\x1a\x03\x02\x82\x10+\
\xb9\xca\xd5\xc1\xf2\x06<\x1d\x07\xa1\xc27?\xef\x94<\
\xcd\xc4\x9e\x11)\xbf\xbfW\xdd\xfc\xf6t\xdf`\x80\xc0\
\xcd\x8a\xf9\xb4&\x9eH\x8f\x98\x96\x03X\xfe\x9e\x866\
\x17\xa6\x14\xa6P\x0d\xd5>\xdd%\x80\x9bFFl\x0d\
n\x16D'\x0bAy\xb2|:\x95\x9a\xb6\x93\xb9\x1a\
\x9d\x1eI!M\xe2 \xba\xba\xaa\xce7\x14:c\x03\
\x88k\xd0\x99\x88e\x9d\x22\x80\x91\x9a>\x1f:{\xb4\
,\x86L\x07\x08$\xff\x0cU\x7f\xbe\x03\x18\xb0\x98\xd1\
\x08\xe0L4\x16=3S>JA\x9f:\x15\x95}\
\x87\x8e\xda\xd5\xdex\x09\xe0\xd5\xe1\x8c\x09\xe2(\x0b\xf4\
{^C\xfft\xf9\xce\xaf\xf1\xc5\x8b\x1d\x05\xb7@\x8a\
\xa9\x06\xb7\x0b\x8c>\x98\xc4\x14\x96\xc0\xd9\x9cE\xe7\xca\
|\x98\x11\x9ffr\x85`\xb3\x16\xb7\x1fm\xd7\x99\x06\
\x83\x1b\xc0<\xd0\xb4H\x0c^\x0d\x1f{\xf0\xaa\xcdW\
\x018\x95-\x99\x0c\x045ch`\xdc\x1c\x99+|\
\xe7\xd5\x14\x94Dd+\xf0\xf0\xa8\x1dLO\xd8\xedi\
\xcd]\x22p[[[\x81k\xf8|q\x08RO\xf4\
H^\xe0,\x18\x9d|C~E>\x80\xa3\xdb\x7f<\
\xa2\xa4\xee\xd7\x9aC5\xe1K\x1f\x15\x92\xa5\x01 \xdd\
\x18vs\xd3\xe5\x03RL\x00\x17\x8d\xa6c\x8e\xc7}\
L\xd4\xd4\x184\xedj\xbf\x06\xb2\x22~T\x80H\x82\
i4\x06\xe4\xa7\xcd\xd75\xc1W\xde\x13\xd3\x00/E\
\xc1\x0bT\x9bo/\xf6\x0aS3\x91\xd0\xd9\x96\xe5\x0b\
\xa7_\xe8m\x82\xaf\xa4\xdc3`\x1e%\xf0\x92kG\
F\xaa>~8|\x98,\xe9\xb1'8\x8f\x1f\x97\xbb\
-L\xeb3Re\xbehT\xf6\x11Q\x16\xc0\xa2\xe1\
C'\xaa>~\xe8\x021\x99\xda\x93\xe68F\x1e\x9b\
~\xb7\x8c\x09\xbe\x02\x19g\x01\xca\x03X84~\xa6\
\xea\xe3\xc7\x1a\xa4b\xf0\x0c\xcb\x1c\xef\xb8\xeb\xa07\x83\
\xf8\x8d\x01p\xac\xad\xf1\x1c@\xe3\xcc\xbc\xa0\x15\x03V\
M\xea4\x04\x06u;\x0a\xde\x8c\x0a\x94M\xd8\xf0B\
\xa18\xc4@\x81A\xf3\xcf\x1eq-\xd4 \x0b\xcb\xf3\
\xd8t\x15\x13\x16Df:~\x18\x0f\x8e\x8fhp\x89\
\x09m\x1dy\xd3\xa8\x05\x9f\x10l\xb2\x07o\xf1\xe2\xc5\
\xcet\xd7G\xa5nC\xc3\x182RpI\x10ZN\
EKf-\xf90\x03\xbe\x8a\xa77\xdfj\x1c%\x90\
K\x82\x9b\x8fO\xd4f\xe29\xc0W\xb1\xe1\xd1k\x9a\
r`\xa1\x00\x19\x7f\xb5?W\xbb\xe7[bu5|\
g2\x83\xe3\x13m\xce\x1a;\x0f\x1d\x92U{\x07\xb8\
r\xca\x99\x0e\x9a\x0d\xca\x93\xdd\xa4\x8do\x0d\x85\x1a\x83\
\x93\xffm\xfa\x8e\xb8\xb0\x0c\xa6\xea/^\x00\xb1\xa0\xc9\
\xcc\xec\x12!\xef9\xeeU\x9d\xbe\x0b\x22\x9b$[\x07\
\xfb\xf3Uw`\xe2\x01\xc9\x048\x00\xae\xba\xca\xb4`\
m\x11\x0bk\xef\xa1\x01\xaarq\x90\xca\xff\xbf\x04B\
\xa9\xedj\x9ad\x1d>LJx\xb6`e\xe1p\x0d\
\x1c\xc0!\x00\x0c\x87\x18\xa5\xb3W\xb9\x81\xbbR\xd8f\
\xd0\xb4\xbaP+\xb1\x03\x90s\xb57\xf1\x11a\xdb\xa1\
X\xd8\xaa\xc5\xeb\x01g\xcf\x9e\x03\x98\x1c\x02\x97\x80\xfe\
\x99O\x93-=\xaa)?z$\x1ew\x7fU\x93^\
\xa2Q\x935\xb1\xa3\xcbk\xe4\xea\xa6\xb2\xa3\x05j(\
)\xa8D\x82K\x13\xf7\x97sJ*j\xb3 r\x08\
\xa2\xb4\xac)\xc8s\x08\x8d\x81re-&r\x84&\
\xe7\xda\x05\x11\xbe(~\x9f\x03:\x04\x12\x5c\x22\xc1\xa5\
C84\xf3\x1f\xef\xd9\x22\x84\x07\x13\x92j\xf6\x7f\xf2\
\x88\x1d\x86vfz8\x0c\x00-\xe3\xa3\x05\x16\xde\xc7\
\xa5\xa1\xb6\x94[\x9dU\xb7\x12j\xc7\x820\xb3\x22G\
3_\xd5\xfefX\xa6dF\x98\x88\xccL\xc1\xad\xfa\
\xfe\xb1iu\x1b3iG\x93p~\x8d_c3`\
\xa5\x8b\xaa\xfa\xfb\xdb\xaaU\xacI:R\x1b%\xac\x9a\
~fN\xe5\x09\x96\xab)\xc1\xd6\xcc\xf6\x9bN\xc7\xaa\
\x12\xff\x02n\xc1uL\xa5K\xd3\xca<\xb8H\xf3\xcb\
\xb7\x986\x08\x16ZP\x93*:\xe3\x99\xbc\x93\xd3\xa5\
\xd2\xd5\xcfk\xb6\x80\xda\xf8\xa7\xdc\xdd)\xd3i\xf3\xad\
#\xe1\xc6\x95WW\x1f`\x01\x18d\x83\xd8\x9a?\x7f\
^\xed\x8c\xb5%\xae\xfafO\x00\x96`\xb2\x90uk\
V\x84\xed\xaa\xb5\x0c`M\xb6\xd2\x93\xd6\xc7\x1c\xd2\xf1\
\x91\x021\xb4\xad\x99-\x99-\xcd\xa5\xf1#\x00x\xb5\
?GZ\xb0E\xcc\xd6\xb5\xbff\x1b\xdd\xa9\x9d\x18&\
m\xc0Eg\xf7\x8c\xe7\xe0j\xac\x06k\xb2Y\x93\x0d\
\xac\xae~\x11\xac\xd1\x82[\x22\xe6\x11\xcb\xa0\xf6\x807\
\xb2\xbc|Ku\xe5<\xfaJ\x90<\x9a7#\x00\xe2\
\x8a\x94\x87\xf8\x8a\xaa\x97\xc0G\xd0(\x02t\x02@<\
\xc0\xb4\x84\x01\x9aN\x9e\x7f\x85/\x03\x84A\xdc\x08f\
u4]}\xbeW\x9b\x9aJ\x0c:\x09\xa2F[\x9a\
\x0b\xa7\xcd71\xc9\x86\x8e\x9d\x09\xb1\x16QW\x10\xcf\
(\xf5w\x9a|\xcd\xab\x97\x16\x01\x9cf\xe6h6\xab\
\xda\xcb\x95\x08\xa7\xcf\x87w\x1f\xb5\x0dMaG\x194\
\xa3\x0d|\x9a|-\xa1\x85%\x00g\x00\x0e\x07\xd9\x9b\
?]\xbe\xf3j\xdal\x1a\xca\x0d\x11\xbb\xe2j6\xf0\
+\xf1\x0d\xa2\xcd!\xa2~\x80C\x99\x81\xd1y\x98\xa8\
\xe48\xdd\xdfq\xf0\xeb\x1d\x86\xe7\xb8!\x99\x81A\xa2\
\xfa\x81\xc1\xfc\x95\xa6C\xe0\xb3\x04\x04\x83\xc1@\xcbL\
_\x11\xe0dR\xf4!h\xa0\xd8Z\x93 \xf3`\xd8\
\xf5\x881 @v\xa8\x10j\x9a)\x1f\xfas\x86)\
\x89\x0d\x83\xdc\x99\xa4vOW\x8b\xb3\xb6\xab\x19CJ\
\x93=\xd6\x80X\xa5\x9a\xedt\xd7\xc7\xa9S\xa7,2\
`h]]>zc\x7f\xf7X\xd30\x83\xcd\xb3\xce\
h\xe3t\x1d\xe0\xf3\xeb\xb7F|\x15]\xbb \xe2\x01\
*\x0d\xd22\xfb\xdaHd\xba\x07\xa8\xf5\xe2\xebY\xbd\
Z\x11x\x94X\x8b\x85\xb1\xd6\xd0U\xf1\xd9$k\xc6\
\x17_\xa1I\xab\xac\x84\xc4p\x9f\x0cN\xb7\x0e\xc4\xf9\
\xef\x89\x96L\x92F\x9e\x15\x0f\xa2\xab\xb7\xfa\x07X\xd8\
\xa4\xc9\xf0r\x86 >\x1b\xb6\xeci\xd7\xa9\xa8\xbc\xdf\
\x5cPm\xb6)M\xcd\xc8d\x80b5\x8b\xacTR\
q]-\xc7\xe0*\x8d\xb1\x01s\xfa\x0e\x5cy\x8f\x11\
LK$\xd1\x22\x06\x0d\xc7\xdb[\x8bUO\x8f\xed\xea\
b\x97\xa9\xc0J\xabC\xe8\x99\xfe\x0dKW\x92\x18\xa0\
`A-\xd1\xccK\x04hx\xa4\xa9\xa9Tm\xbe\xd4\
\x17\xa0-\xa0\xa8\x02\xe3.z:\xc5\x0c\xfa\x9f\x11\x03\
\x94s\x9c\xc5\x02\xbc\x10@\xbae|a\xa9\x16YN\
\xed\xabW\x94\x16/\xce\xaa\x19\x15`\x9a\xe0\xcbf\xb2\
\x0b\x01,$\xc2h\x1b\xda\x9c\xaa?\xdfC\xab\x98%\
\xb1\x84\x19\xc4\xa9S\xd6\xb4\xd7\xc7\x04\x9fa\x8c- \
\x8d\x05`\xca\x1e\xca\xc7\xdcZ\xf0iM\xae 6g\
\xc6W.\x94\x14qx\x9e\x02\xe63q\x1e\xedpQ\
#>2`\x5c\x0d\xdf\xc8i\xdd\x0a\xa26\x02\x8d\x0d\
\xbc\xe2V\xbf\x95\xe8\xaf\xc9\xd7\x16r\x9b\x04\xa1\x85\x80\
\xc2\xe2\xe8\xf9\x0c\xdb\xea\xf3\x11\x9b\x03\x03\x03\xc1J\x01\
\xcci\xc4G\x00\x80\xc6R!.A\xcd\xcc\x5c\xc2H\
A\xd5b\xfc\x84\xa0q\xa9\xc4\x82\xec\x8ew7U\x0a\
pM7~\xeb\xb7\xfa\x1bA\xdc$@\x0eVCU\
-\x00&\x02\xa3\xbbS,/\xf7B\xfcI\xc8\x94\xd2\
\x13\xb4\xa6\x9c\x22;\x8dT\xe1\x89\x0dNj\xbb\x1d@\
\x9c=Qnh\x5c\xa5*q\x15>\xba\xe7\xb1\x12\x81\
\xf7\x03\xd4\xa8Yv\x94\xaf\xcf\xaf\xcc\xd7U\xd9\x80m\
\xd5\xc6\x1a1\xb0\x18\xdd\xd23\xd1p\xb9\x8a|+\xef\
y\xac\x04\xe2g\x899\xa2=\xbc\x83\x00\xde;\x9dT\
\xeb\x89\x09hh\xb3Y\x08\x11\xb5%\xf2\x94JU\xef\
\xfd#L\x8c\xdf\x96\x1e\x07\xe0\xe7\x09\x08\x93\x10\xd7\x13\
\xc0\xd3J\xe5\x9b\xe0\x1b\xca\xd8\xb1r\x85HQ\xa8\x09\
_\xaa\xc7\xd1\xc0\x0b\x0c4\x10\xeb\xb7M\x97\xaf\xb2\x88\
rn!\xa2\x0d7\xacT\xc9\x9dT \xa3*|=\
\xdd\x9d\xe2\xfaT\x8f\xe3\x81\x7f\xa1\x09!\x92\xb8\x16\x00\
c\x1a\x854*\x1c\xcb\xfaZ\x83Z\x99!\x1d-\xe9\
\x891\xad\xea\xfb\x1ft\xf7A\x97@\x87\x19\x08\x10c\
\x05\x00\xf4\x1c\x9e~\xa1\x8f\xe3\xd8k\x01\xe1\x10\xbc\x8c\
\xa8~\xfb\xb2\xa4\xb8\xf9\xee\x83. ^af\xdb4\
\xdc\xa53.\xa41r\x8b;8f\xfe*\xcc\xeah\
5{`\x9e\x1f\xbfT\xaf\xc7L\xaf\x0b\x82\xe91\x16\
\x95M\xdb\xf4\xf9le7\x92g\x98\xc1@0W\xe5\
\xf7\xb7\xb8\x5c\xa5\xba\xd7#\x89\xe3\x806l\x96\xf3g\
Z\xa8\x22g\x18\xe1\x1a\xf1\xa1R\xe9Y\x08\x9c\x02X\
\x90\xe5\xb5N\xb6\xbd\xb3\xce\xc7\xa0-[z\x94\xa3\xd1\
\xaf\x84$*\xaa\x19\x17\x02\xab\x07\x9f\xd44\xa0\x00 \
\x18\x8c\xce\xf4\x86/g\x18a\xe1q\xd0\x14v\xb1\x9a\
\xf6o\xf2{\xf2\xb6\x90\xc3\x9e&\x0e#\xdf0\xd3\x14\
Jb\xa4]\x0f\x1f7Aw/O\xf5\x16A\xd5\xbb\
\xa1\xae\xf0\x05Md\xd80T\xe68\x02\xd3\x1e\xbe\x09\
\x1f\xc7 \xb99\x12\xb1\x82D\xf8w\xba\xe7\xb1\x12\xba\
;E5o\xd0\x89\x88e\x01ye\x0a7\x8e\xe0\x0c\
R\x0c\xcb\x854\x95\xa2[\x83\xa6l\x05\xf0\xc2\xca\x1a\
\xf0\x81\x81X\xd3\x99B)k;\xd8\xd2\xa3g\x92z\
N\x00\xb3\xc0\xcd\x0c,&\xc2K\x94\xeaq\xd0\xddY\
\xd5:\x0d\x00\x90?\x91i\x1ez\xad\xe5\xed9k}\
\xf3\xb4\x03\x90\xd5\x87\x89\x00\x16\x8c\x9b@\xd4\xce\x8c\xc3\
\xb5\xe0\xa3TJ\x07UC\x96\x18F\xce0\xc2\x98A\
j(\x01l\x19\xce\x8d ^\x00\xe8W\xae\xaf\x15_\
 \x98#\xcf0g\xc6\xd7Y\xae\x10\xae\xac\xd5\xc4\x98\
\xaf\xc1\xaf\xd3\xdd\x07]\x9e+|\x87\xcb|\xd2\x16\xd7\
1\xf3<\x01\x1c\xbf\xf9\xeb\x07\xddZ\xd4\x09\xb9\x1a\xbe\
\x9e\x09>\xa5\xe55\xe5\x22v8U\xe90\x80\x1a\xf0\
)e\x98\xba`\xf1\xb4m\xc3\xc4%]@c\x99\xd2\
\xbaU\x13\xfa\xab\xce7\xd1\xe5\x85Y~8\x1c\x09\xfe\
\xb3\x22\xe7w\x09`$\x13r\xba\xf1e\xd0\xa0\xc5 \
nb\xd6\x033\x89/\xa7\xe7\xccNT\xb4T\x9a\xbb\
s%o\x9c\x08\xbf\xcf\x8f\xac\x0d\x02\x9b.[\xce~\
\xa2\xdf\x1as2a\xb8\xae\xee\x00\x815\x1bG\xa7]\
\xc0c\xba\x93h\x82\xcfc\xfe.\xc0\xe74\xf8w\xcb\
\xed\x82z\xaf\xc8\xd7\x95\x02?\x91L\x18.\xd1\x0d\xd2\
\x90,\xb9t\xb2\x16\xa7\x1b\xe5M\x9e\xbf\x07\xd09@\
\x7f\x98\x93\x89\xc0\xa6i\xf0\x81\xca\xe93D\xfa:\x17\
,t\xc0\xe8\xaf\x15\x1f\x0b\xf1\x18\x03\x83\x1e\xf3\xfb\x8e\
%\x13\x01\x1c\xea\xb9l9{F\x99\xaf\xbb\xb3S\x0a\
O,\x07\x93\xe01=\xed\x02#3\xe53\x0d\xfa\x89\
\x84\x18\xd4\xcc\xef9\xb2g\xb3=\x1d\xbe\xf3\x01\x8c\x96\
\xed\xa4\x84l\x8e\xd9\xa3\xd5\x1e\xbe\xce\x89bM\x0c\xda\
'\x98\x86\x98x\x13'WY\xe8\xbcb\xa1\x14\xaa\x14\
\x181\x02\xf9\x96 \xc3hl\xb2\xc7\xab\x9f\xc0\x96\xaa\
\xac\xf6g\xc04B\xa0u/'WY\x9d\xdd\xd3+\
\xe4\xc2\x00\xb5\x84\x9d\xa8ij\x13\xe1\x1a\x9c\x9eV\xf8\
\xa0\x0e\x02H3\x8b\x0e~\xb4\xc3DWj\xda\xe5\xf6\
\xfbp0\xb0\x0c\x00\xdd[\x83>\xd4\x95w\xe1I\xfd\
\x5c3e\x88q\xc3t\xf9*\x9b\xac\xa9=\x0b\x9e\xd6\
A\xc3\x1d\xa9E\x0f`\x00\xf0\x9c\xd2/%\xc4\xa8\x80\
\xbc\x8e\x93\x09\x03]W\x0et*\xfd\xd3\xe1\xa0\xd5 \
x\xb5\xe4\x1bw\xdd\xd7\x18\x94c\x8f\x97sw\xa7\xec\
J]\x9eo\xf2\xfau\x0b\xdcV3\xbe\x09\x02\x8b\xed\
\xe3\x06TN\x08\xb1\x90\xbb;\xe5\x95f^\xbd\xf9\x94\
#\xfbH /\x99[\xcbE\xa7f\xc8'\xc9\x0d\x06\
'\xecs\x0d\x94\x0d\x8aA2xLk\xb3q:\xed\
\xe6&\xf3\xc1B\xab6t_\xb8)\xffT\xadzL\
\x8e\xc8\xd2\xa8\x10r\xdc4\x03\xc1Jk\xa4+\x07V\
\xe5l+f\xbeQ+\x86d\xee\xae\xd5\xf8\xc5\xda\xf3\
c\x96\x81\xa2\x15\xb2\xe5to?(\xd5\xeb\x1dK&\
\x02\xcc\xf4G\x9e\xe2\x12\x11\xffS\xd5\xab\x90\x9f?d\
|\xcdm[\xddV\xc0\x9e5\x91J\x1a\xefe\xd7o\
2)6a\x93>\xf9\xc8\xda \x88?\x09\xa6qW\
\xe9\x7f\x9d\xec\xb3US%K\x16-S\x0bWr[\
%\xc0\xb9\x12_\xd9\x87H\x04\x14\xf0\x090\x8a0\xf5\
\x0f'\xfb\x1c\xd5T0\xec\x8e\x18\x04\xcf-\xcc\x8c\xef\
X2\x11\x00\xc4\x16\x00%H\xf9D\xcd\xf8\x8c\xab\xe3\
\xe3=\x9bma\xd0\x87\x00rL%\x9f\x9cK|]\
\xabz\xf8\xc8\x1fo\xb6\xc1\xfc[D\xe4\xb8D\xcf^\
\xe8sT\x97\x8f\x09\x1e)\xb3\xed\xfc\xfa\xe0\xcb\xf1A\
tv\x97\x0b\xa8*\xa2;5\xe0\x91\xa4\x9f\xd5\x8ao\
\xac4\x9e\x16B\x8c\x87\xe0\xfe\xce\xc8\xce\x8e\xc6\xf3\xcf\
\xf02|\xe8J1?\xdaa2s\x82\x04y\x02\xfc\
\x8b\xaa\xf3\x9d\xaf\xf8O\xcf{\x8e\x0a\x0a\xc2'\xcf$\
\xdf\x17\xbaR|\x99\x9c\xe8\x8f\xcewu\x98\xa4q\xab\
\x00i-\xf4\xaff\x12_N\xaf\x0a\xf4DO\xbc\xe6\
\x07\xf6?\xa5\x98\xff\x85\x19\xeb2\xae\xfd\xb9r\xbf\xcb\
\x94~\x22\x9908\x09Q\xb9\xb6f\x06qg\xb9\x12\
\x17\x118\x1b\xe2\xf7\x10\xb0\x12\xe0\xe3-\x9f\xfb\xe9\x99\
J\xdf\xc0j\x8d_\xa5\xe7\x5c\xcb\xfd\xfb\x9f\x05\xe8\xfb\
 \xac\x89:\xe6\xbd\xe5~\x8d\xe5\x9e\x8c\xc9\x8b\xf9&\
\xfa\xc7\x12\xc0\xef\x08\xe8\x8d\x12X\xe1*\xee\x8b<\xf0\
\xec\xb9j\xf3\x95\xab\xa0B\xc4\xb6\xef?\xc8\xe0\x1f\x12\
pS6\xc0\x9f:\xcf\xd7\xd9)+)\x09o\xf0\xe1\
<_\xf6\xf8\xb95\x0c^B\xa4\xcf5\xfe\xf1O\x86\
+\xad\x91\xaa\xcd\x17\xffl\xef\x8b \xfa1\x80\x1b\xe3\
\x01\xfd\xc92\x1f\xa6\xe6\x9b(\x00\xb3\xe9\x9d\xe7n\x94\
\x02\xed\x00\xa5\xe3\xa9\xde\xcc\xb4\xca\x97\xcf\x90/\x99\x84\
\x88\xdc\xd7\xfb2C\xefc\xe6U\xad\xe3\xe3\x1f\xaf\xf0\
uO\xf0U\x5cE\xc6\x1b|\x000d\xed]\xa9\x5c\
o\x1e1r\xf4\xe9\xde|\xf5\xf9\xca=\xf1Z\xb6\xed\
\xfb%\xb3~\x86\x09+\xd3\xc1\x96\xdf\xa9\xcc\x7fNB\
L6\x84\x951\xac\x04\xb9\xe9/\xdf\xbe\xc4e\xd1\xac\
\x04\x8a\xf4\x07\xbd\xc5j\x1b\xbe\x0a_\xe3\xd6}\xaf\x82\
\xf8\xdfAb\xf9\xc2@\xcbo]\xc0\x87K\xf2\x01\x00\
\xf2\xbb\xeflU\xc2\x8a\x06\x88\xbd\xc9\xfd\xf7\xaa\xcd\x17\
\xdb\xbe\xff(\x09\xf1\x22\xc0KF\x87\xc3wT\xf8\x92\
\x97\xe2\x9b\xf4\xf7\xa1\xe4\x9a(Y\x99\x06\x84-\x89Z\
4\xb9\x9f\xe8\x1b\xd8\xb4\xed\xa9\x93Dx\x99\xc1\xed\x99\
\x91\xf0m\xe7\xc7\xef\x12\xe9D\x17\xf0>\xdaa\xc6\x0b\
F\x9f#\xf5a|\xaaw\xac\x9aU\xbe'\xf7\x14l\
\xf9\xdc\x813\x1e\xebW\xa0t[\xd6V\x1d\x15\xfbq\
\xa5 =\x13H,a\x16\x8d\x9eF\x86>\xdd\x9b\xaf\
\x15\xdf\xfc\x07\x9e='\x05\xbd\xae\x88\x9b\xf2\xc7\xfbW\
W\xec\xc7\xe5z\x11\x02@:\xfc\xa3\xc5\x102Z3\
\xbe\x09\x86\xc6\xfb\x7f2\xac5Ny\xcc\xd1\xc1\xd7\xfa\
\xdf2\xb9\xd7\xe0T\xc1[\xbd\xf8\x00P<\xd5\x9bQ\
\x8c\xb3Z\xeb\xd0\x1d7\x9em\xbf\xdcg\xcc\x02\x1f\xe6\
}\xba7\xcf\xac\x87<VV.\x92h\x9aN\xf0[\
\xe1sY4\x0a\xe81\xf4\x1dT\xd5\xe6\xabh\xc9\xbd\
\x07\x0accz\xb4\x08W\x0ct%\x1a.\xb5V/\
\xe6\xa3TJ\x8f\xec\xbcm\x09\x80\xaf\x0d\x8f\x96>\x16\
\xf9\xd9\xfc\xa7\xce\xb7\xd6\xab\xb6\x9d\xb9\xfb\xa0\x1b\xa1\xd2\
XK\xac\xa4&\xff\xef/\xc9\xc7\xe5W\xa88\x990\
b\x01\xfe\x7f\xe3Q\xab\xc3\xd3\xfa\xf1\xc6mO>]\
\xed*\xe4\x93\xdbE\x0e\x1e9\xdb\x96-\x05V\xa7O\
\x9c^tq\xbf\xf87\x07\xe7e\xff0\xe2\x9a;L\
Cl\x02\xe1\xf1\x96\xfb\xf7?\xcb\xc9\xa4\xd8R\xcd*\
\xe9\x13s\xa5\xe5\x9e\xc7\xb2%-F d4\x1d\xfe\
\xd1\xe2\xa9\xf8\xca\xfeA\xb9\x120\xa5\xa03AN\x02\
x\x17\x88\x9f\x88}f\xff\xc1rFMu\xb3\x88\x00\
\x80>\xdd\x9b\xf742\x97\xe3\xab\xf8\xa6\x93\xf9\xe2\x01\
\xfe,@\x09\x06\xed\x8f\x7f\xb6\xf7\xc5\xd9\xe0\xe3dR\
T\xfa\xea\x96\xfb;O\x1a\xbf\xc2\xf8=\x00\xd61\xf8\
\xd9\xc8\x03\xbd/\xd7\x93\x0f\xc9\xf2\xb3\x9c\x8a/\x95\x82\
ni/\xdc\x05\x8d5`\xfc\xace\xdb\xbe_\x96\xf9\
P\x13>\xd2\xc8\xa8\xa2\x0a\x0d\x1d;3\xef|?\xe2\
J|T\xf1\xa1\x93\x10\x95J\xcaD\xe0\x5c\xe8\xec\xef\
\x13\xf8\x9d\xd0\xf8E\xe3\xd6}\xafVz\x93Wu\x7f\
\xeb\xee\x94\xad[\x9f\xce\xb1\xd2\xbf\x17\x8dZ\xff\x93\xd0\
\xb0\xb3b\xdf\xf8\xe2\xf8\xed\x22\xbe\xf4H\xf0\xa3L|\
#\x81~\x19\xdb\xbe\xffh\xd5\xf9&z\xc2\xc7\xb6\xed\
{\xbc0\xee~?l\x1b7\x05\x83\xa3_\xaa\xd8\x8f\
\x8b\xf9\x92\x13|\xa9\x09\xbe\xcc\xf2\xd0\x07\x18X\xa54\
\xbf\xd6\xb4\xed\xa9\x933\x89\xdf\x8c\x99\xa6b\x0d\xef\xa2\
/\x1a\xccoe\xe2\xff\x9c\xd9\xb5\xbe\xd4(\x82\x8f\xd0\
}\x8f\x8f\xbd\xf9\xc4\xbaG\xf1\x9e\xcdvf|\xfc7\
Ic\x9d\x108'\xa4\xdaW\x0b\x07\xb5\x92.\xc9\x9c\
\xa2\xec\x0e\xbd\x1b$\xaee\xc2'\xd2;\xd7;E\x19\
\xfc\x1am\xe9\x19\xbb\xe0\xcc\x82\xca\xd51\x8f\xec\xd9l\
7\x17r\xefbF\x87 \x0c\x16\x8b\xf4\x1cj\xa62\
\xdf\xe8\x0e\xf1\x15\x0d\xbd\x02\xc4\x1f\xcd\xecX\xef\x8c\x15\
\x0b\xdf\xa0T\xcf\xf8\x05\xa3B\x95\xd4\xc6N+\x13\x18\
X\xa7\x94\xbaA\x089DZ\xbd\x04\x94\xdb>U\x7f\
\x14\xcb|\x99/\xf1\xff\x90&\x96*\xe0C\xe9]\x1b\
J1\xc3\xfd\x16\xdd\xdbS\xb8$\xdf\xa3\x1dfv8\
\xf8N%h\xa5\x06\xd2\xf1@\xf1\x95Z\x8d^W\xf9\
\x0f\xf5{\xde7\x83\x86\xb9\x88\xc0\xffad\xc7z'\
^\x94\xffH\xa9\x9e\xe2d\xbeJ\x05\x5cN&\x8c|\
\x83Z\xa5\x15/%\xf0h\xa1(O\xd6\x8c\xaf\x0b\xc4\
\x00\x86\x85\xec6\xc0\xf3\x01\xdc\x9e\xde\xb1\xa1\x14\x0b5\
\xfc\x80\xeey\xac4\xf9\xc0\x8c&\xda6<\x91L\x18\
\xef\xb4\xd5\x0a\xe5y\xf3\x0d\xa2\x5c\xce*\x9d\xbb\x5c\xf3\
\xefj81c\x1e\xbe\xe7\x08n\x13D\xebFwm\
,\x9d\x0b\x84~B\xf7<Vz\x93A\xa7rj\xca\
\xc8-g\xdb\xddR!\x1e4\xf5X\xe0\xda\x85\xa3@\
M\xab%\xd19\xaf\xf8#\x83\xacf\x83\xf8\xe6\xdc\xae\
\x8d\xa5\x13\xe3CO]\x9f:\xec\xa4.\xd5\x04=\x09\
\xd1o\xado\x16\xda\x0cE\xacb\x01y\xa7T\xcb\xc2\
J\x0cP\xce\xa0}\xca\xe5\x18C\xdd0\xfa\xd0\xc6R\
\xb4y\xecy\xa27\x1f\x0aT\x02\xcf\x81\xaeDC:\
m\xca|6\xef,I\x1d\xc8ak\x0dKM\x11 \
\x09\xcf\x02\x22\xa2\xa0V\xa6\x1fN\x94bcx\x99\xa8\
\xd7\x9b\xf2\x86+\x09\xca\x07e\xc1\xcb\x17\x0b\xb9\xa0>\
]\xcb\xf9\x07\x00\x1e[/\x09\x94BZ\x8b\xa5\x83\x0f\
&\x9c\x97\x1d\xbcF\xa9)\xf8\x1e\xed0\xd3Y\xab]\
C\xce\x17R\x8dG\xa1j\xceW*\xcaW\x8c\xa0\xb6\
\x0dE\xf3Gv\xdfZ\x8a?\xb7\xe8\xf4\xa5\x82\x89\x8a\
S\x91>qzQ=\xf8*&\xbf\xd9t\x8e\x8f(\
[Z\xb6\x8a\xe7v\xdfY\x0a\xe7\xd7\x0d]\xca\xd9\xac\
7\xdf\xf9\xc3\xa8`\xe4\xdc\x22\xf6P\xcc\x8d5\x0c%\
\xd78\xcd]\xcf\xe5.\xe5\x8cL\xc1w\xaa\xd2?\xb3\
V|\xed@f\xb4\xc9\x89\x88l@\xf2]\x1d&}\
\xfd\xa0{\xa9\xcf\x9a\xcc'A\xf3\x95\xd0\xc5\xb6mO\
\xfd}\xad\xc7\xaf+{\xa0\xd4\x95\x05\xce\xed\xb9\xa5-\
\xbd#\x10|\xfcgm\xa7.9\xff\x08\xcc\xdd\x87\xc5\
\xd8i\xddJ%ZT*x#\x86!\xb6Od\xdd\
\xa1V\xb7\xe8\xec\x8a\x9c\x0cz\xe3\xae\x96\xf3Gv\xdf\
\x8a\xf8\xd2E\xa7/u\x18@\x04>\x97L\xcc\x0f\x04\
\xf9\xcflS\xfcQ\xc1Q'\x0c2\xbeX+\xbe\xca\
3i5\x9c\xd3i\xc8\x90\xbe\x0c_\xd9?\xe8\xf5\x06\
w\xad\x8bH6R\x00>\x05\xf0+\x1e\xe8\xcb\x13\x07\
\x0bU\xbf\x81\xab\xf0E\xaf\xc0W^+)\x06\xa0\xf9\
\xab\x89p&\xaf\xb73\xe3?\x13\xf0\x1a\xb1\xfe\xcaD\
\xed\x9d\xfa\xf0}\xf1V\xc4\xaf\x9b\xe0K\xa5x\xd2G\
2\xd0\xab\xcf%\x13a;\xa0\xffD3\xff>@G\
\x83\xd2\xf8z=\xc6o\x0c2\xa4\xb4\x9c?\xbe\xf36\
\xa6mO\x9d\x04z5\xd0\x8b\x8b\xf9\xfaw\xdf\xd9\x10\
p\x8b\x7f\x04\xd2[\xc08\xce\x1e\xbeY\xcb\xf1\x03\x80\
\xb3\xc2\xee\x0b\xd0X\x83\xa9\xe5\xdfdwm<\xed\x8c\
\x17\xef\xa1To\x16\x93\x03\x90\x14\x18\xe8\xc1\x99dG\
\xa8!\x10\xfa\x03O\xe3C`\x9c\x84\xd0\xdd\x13\xeb\x83\
\xaa\xee\xc7\x1cZ\xc5\xe5\xf8M\xffS.S\xfaD\xd0\
\x14\x7f\x98\xde\xb9\xa1\xe4\x91\xfa<m\xed\xcd\xe1M\xaf\
\xa5\xf4\xe0\xe4#k\x83\x8d\x8e\xf5{\x0c\xfc\x070N\
{\x84\xef3@]\xb5\xe0\x9b\x88/\xf3\xbb\xcc\xfbs\
%o\x15\x01\x9fJ\xef\xdcXr\x0a\xf4 \xa5z\xf3\
\x17\xf3\xa5\xd0\x03N&\x02\xa3A\xfe0\x80\xdb\x99\xd1\
\xefi\xfe\xd1L_\xed\xa1\x19\xbf\xcb\x95\x82\x1e\xdey\
\xdbj\xc9\xf2\xeb\x0c^\x06\xd0>I\xfa;L\xe2\xe7\
Qa\xf7\x9d\xc59\x04\xbcx+\x84z\x0b\xb1\x5c\x03\
\xf0\x0a\x80O\x9a\xa4\xbe\xd1\xb0\xf5\xe9\xbej\xdf\xae^\
\x8ao\xf0\xc1\xc4[\x0d\xc1\xff\x8d\x08\x8b\xb5\xd6OK\
)\xbe\xcfZ\xbf\xdcX,\x9c\xed\x03\x10\x88\x84\x9aI\
\xd12\xa1\xf5;\x00\xb1\x84\x80\xd3B\x1b\xff\x10y\xe0\
\xa7\xe7\xea\xc17\xbak\xe3\xb5\xcc\xf4 \x98\x17j\xe0\
9\xc1\xf4C\xcb\x14\xbfL\xe7\xb3\x83*jr\xb3'\
\xe2.\xcbE\x0c\xb1\x9a\xc0\xed\xcc\xe8\x97&}/\xfa\
\x99\xde\xa1Zn\xbe\x15\xbe\xcc\x8e;Vhr\x1e\x10\
\xc0|\x06\xfd\xcc \xfc\xd4q\xf8\xb5\xb1\x11wHE\
mn\xb1d\xa3g\xaa\x05\xa4p\xad\x86n\x13\xe0\x01\
\x00?\x8em\xdf\x9f\xae%_2\x09\x91JA\x8f\xec\
\xbe}))\xefO\x01\xb4\x12\xd3KB\xea\xfd%\xd6\
\xc7\xf2\xe3\xe6\xc8\xb2\x91 \xe7\x96\x16\x22(\xa96\x96\
b\xa9\x22n\x12\x8c!/Xz\xa6\xe5\x9e\xe7\xb25\
\x1d\xbf\x89\xb93\xb63\xb1\xc8c\xbeK\x83\x9b\x198\
,\x98\x9e+\xb2q2{\xd6\xca\x5c\xdbt\x92G\x03\
M\x0d\x90f\x93pU\xbb'9\xca@\xda+\x88\x97\
\xe6\xa5\xaa\x7f;})\xbe\xfc\x976,P\x06>\xee\
i\xc4\x0d\xa2W\x84\xd4/\xb2\x90}'s\x83\xd9\xd5\
\xedAN\xa7\xe3!vKQaP\x8b\x96:\x04\x92\
\xa3c\xa2\xf4\xfa\x92Z\xa4\x17_\x82\xef\xec\x83\xef\x9a\
\x17\x90\xee\x87\x98\x11\x05pTjqH\x0bu\xee\xb5\
c\x85|\xc7\x820\x0f\x00\x81\x90%\x1b\xb4\xe1E\x05\
+\xcb\x95V>\x9e?\xd7O\xa9\xc3\x0ej\x1c\xa0\x13\
\xc0\xd9d\xa2\xc5\x0b\xf2{\x08\xd4@B\x9f\x80\xe2\xd7\
\xbc\x903\xd4<\x12\x1c\xc7\xea6>u\xea\x94\x15\x11\
\xb6\xed\x8e\xe9\xa0\x80)\x0c\xe9\x8c7\xbeeA\xb6&\
\xd5\xb3/\xc1\x97\xd9\xb1>\xae\x05n\x13\x1aA\xa5\xd1\
\x17\x08X\xc7CZf\xb04V\xc4\xa1U|\x08=\
\xc6\xea\xf6\xa01\x94\xb1\xa53^R\xedx_\x11\xab\
\x0fS\xbd\xf8\x86\xf6\xac\x89Z\xe3\x0d\xefpH\xd9\xb6\
0\xce\xb1\xeb\xf4G\x1c\x99\x03z\x1dt\x81\xf7v%\
\xe4\xa6\xd5m\x8c\xfe\x13\x0d\xd9R`\xb5\x86W\x885\
\x96\x8e\xd0\xdd\x07\xc7\xeb\xc1\xd7\xbf\xfb\xce\x86\x88WZ\
\xe9\x09\x92%\xc7M\x9bfh(\x1eO\x8f\xe3\xae\x83\
^9\xf0\xe8\x94\xf9\x13\x99fF\xa1\xa5|sY\x1f\
\xbe7\xect\x220j\x97\x169\xd2\xa2\xa0\xb0G\xd3\
\x22\x97;p\xe0\x80\xb3\xa5\x07\x8a\xbb;%\x0e\x1d\xb5\
\xf3\xe1\xa6\xb0\xa3\xc6[!d\xb4\xee|\x8fv\x98\xf9\
>+\xce\x11KGr\x91q\xa0\xa3\x88\xa6g\xcd\xf3\
\xedU\x0e\x1d\xb5\xf3a+\xec(1;|\xc9\xa48\
\x95\xfd\xa1\xbd\xf8\xd6\x03N\xe1\xe4\x86v\xad\x85;:\
\x96\xcf\xb6\xaf.\xb7\x1f\xba4_\xd3\x11\xdc\xfd\x83B\
\xadn\xa7/z\xbe\xc6X\xd4[]rE\x83)9\
CPC\xe1\xbc\x93\xc7%\xf8\xb4\x96!\xc3\xf0\xdc\x9c\
\xa7\xf3K\xee?\xf0Z-\xfd\x97I\xcf7\x94\x19\xb5\
Wj\x18Ah\x95\xb5\xa4\x1e\x9c\xcc7ph h\
GK\x16;\xe6\x07bM\xc1\xbf\x1eM\x17\x07\x98\xb1\
9\xbe}\xdf\x0b\xe5z\x0a)=\x1b|{\x11v6\
\xadn\xe3s\xaf\x0e\xb74X\xdeG\x95\xe2\xff\xd4`\
\x1b7\xe5K\xdek,\xf8#M\x9f\xdd\xff\xd2l\xf2\
\x01a'\x1d4\x1b\xc8+\xbd\x85\x0cq\x0b\xb3\xfe=\
\x22\xdc\x0a\xe0\x17\x12\xfa\x13\x91mO\x1d\xaa\xf6\xed\xe5\
\x95\xf8L\xd2\xa3\x045\xa45\xc5\xf5\xb8y\x8e\x83y\
\x06\x07\x96\x11\x89\x9b\x09\xf80\x18k\x98\xe8\xb04\xe8\
\xee\xe8gz\x7fU\x0f\xbe3\x8fv\x84\x82#\x81k\
\x05\x09\x9b\x19\x9f6\x04\xfd\xdcs\xe9'l\x98\xc7t\
!\xcbv\xb0a\xb1f\xf7&\x0dz?\x80\x0e\x00\xbf\
\x14\x82\xfek\xe3\xd6}\xaf\xd6\x92\xef\xbc\x7f\xff\xd0\xfa\
\x95$\xe4\xf3\x91\xb0\x19\xc9\xe4J\xcfk\xc67\xc8\xe0\
\xa7\xf5\x98s\xbc9d\xf00\x1b\x8b\x0c\xe0\x06\x80\xdf\
\xcb\x8c\x1b\x05\xe1\x08\xb3\xf5\xf9\xd8\xf6\x9f\x1c\xad-_\
yn\xa7wl\xbc\x89\xc0\xffd\x19r\xa9\xa3\xd4^\
\xd6\xfc\xb7\x860\x9f+R\xf9\xf5OK\x89\x05\x9a\xb1\
\x8a\x0c\xba\x1dL\xab\x98\xf1:@;\xe3\xdb{\x8fW\
|\xf0Z\xf2\x8d<\xbc\xfeF\xa1\xe8[L\xb4\x02\x8c\
\x9f\xb2\xe0\x7f0<q0\xe2\xe0\xf4\x00\x00\xbbA\xcc\
S\x9e\xba\xce\x10|\x1b3Vj\xd0q\xf6\xf8\xbf7\
\x7f\xfe\xc9S3\xb5\x7ft5\xe5\xdciK\x8f\x1a}\
h\xfdJMt\x0f\x03\xeb\x88\xc8\x22\xe0,1\xfa\x95\
`G2\x05\x98\xd9\x06(\x0d\xd2\x07]\xd2\xff\xd2\xba\
\xf5\xe9\xbe\xba,\xde\xceNI==*\xf3P\xe2\x1a\
\x08\xbe\x8b\x99\xd7\x00d\x12\xf19\x02\x9fcP\x89\x99\
\x02DljFF\x82~.\xb4\xf1\xc3Z\x07\xbf\x17\
\xf3\xa5woX\x0e\x0f\xff\x91\x88\xde\xc1\xcc&\x11\x0d\
h\xad\x07I\x88\x123[\x0204x\xd4\x90t\x08\
B\xf4F?\xd3;T\x0f\xbe\xeeN\xc8-=P\xe3\
;o[\xe2\x92\xf1Q\xcd\xfaz\x01\x92\x0c\x1e\x02c\
\x88\x05J\xac\xd9\x14$\xa5f\xce2\xe1\x884\x9dg\
c\xf7\x1e\x18\xa9\xcb\xf8M\xcc\xa1\xa1\x9d\x89E\x06\xeb\
\x0f2\xd1u\x00\x84\x00\x0f+\xa6\x11!\xa8\x04\xad%\
\x08D@N1\x8e\x81\xec\x9f7m\xfb\xf1h=\xf9\
\xf2_\xda\xb0\xc0\x95x/\x88\xde\x02b\x82\xa64\x88\
F\x08\x5c\x22\xd6B\xb1$C\xaa\x9c\x86<\xed\xc2}\
\xa5u\xeb\xd3\xb9Z\x06\xbf\x17\xf3\xe5v\xdf\xda\xa6<\
+A\x82\x97hf\x02#\x03\xe2\x0c\xb3(I\x00\x0a\
\x0a$d^2\xce\xe6\x0ac'\x16\xa6\x0e\x8e\xd7\x93\
\xefL2\xd1\x12\x0c\xea[\x0c\x12\x0b\x94\xd6 )F\
\x0dO\x8fj\xc9%hb\x90\xd0\x8a\xf4\xb8\xcdz(\
\x18\x8c\x9c\xbb\xf8\x16\xbb\xd6Azf\xc7\xfa8C\xbe\
\x9d\xa0Z\x99$\x93\xd0Y\xe5\xa9\x9c\x90\xb2\x04Wh\
\x83\xe0)S\x14\xc4\x98\x1e\x8d\x00\x99\xa9n9k\xc5\
7\x94\x5c\x135\xec\xc0u\x00\xc7A\xac\x89\x8d\x9c\x08\
\xb8y\xc5F\x89\xc7\xb5\xb2L\xe1*\x03\xc5#\xb9\xfc\
x\x07\x0e\x16km\x97/\x0e2\xcf%\x13a#\xe8\
-54\x85\x1d)\x95\xed!\xefIs\xdcT\xba\xa4\
\x02\xe3n)k;m\xab\xdb\x0a\x83G\xce\xb6){\
4\xbb\xe0\xbe\x97\xc6\xea2\xff&>\xe3\xe4#k\x83\
\xad\x8e=\xcf\xd5\x08hS\xb8.\x97\x0a\xa6\x16\x85\xac\
\xe5\x15\x8b\xc6\x90n+.\xbc\xc1SJ\x9aR\x8cD\
\x0d\xe74\xdd{\xa0PO>N\xae\xb2\xce\xa21&\
MC\xda\x8d\x96\x93\x1f\xca\x14\xdaQ\xf0\xf2\xe1\xc6\x95\
\x0afP1\x0c\xd6\xacL\xa2t=\xf9*z\x22\x99\
0\xde\x1a\xb6l\xb7/\xa7\x17/\x8b\xe9\xcc\xf8\xe8*\
S\x12\xbb\x00\x88M\x83\x88Mw\x16\xf9\x00\x80w\xad\
\x8b\x0c+\xb1\xca4\x84`&\x97\xa9\x5c\xdf`.\xf0\
\x9dIv\x84\xc2\xa1\x86\x85.s\xdc\x14$/\xc5\xc7\
\x04\x8fH\x8f\x8e\x92wj\xc9\xbd\x07\x0au\xf1\xaf*\
\xf3\xef\x91\xb5\xc1\xacg-\x9a\x92\x8f=C\x0b\xa3\xc8\
\x1e\x7fLH\xaf;\xb6\xf5\xe9\xe7+\xbe\xe3\xac\xf1i\
G\x19\x86\xe5*O\xcd\x0f\x07\xcc\xc7\x99\x811\xc7\xfb\
\xbe\x06=\xd0\xb4m\xdf/f\x8b\x8f\x00C0\x15$\
\xa9\x06\x0d\xf9w\x86\xa0\xc5AK [\xf4\x8a\x02\xf4\
/\xa4\xf4\x17\xa2\x0f\xec?\x5c\xf1\x1d\xeb\xc6\xc7\xc6b\
\xed\x8a\x06A\xdc\xae\x19\xdf\x01\x90#\xc2\x18@qf\
D@<\xc0\x8c\x7f\x93\xc2\xd8\xd5\xb8\xf5\x89W\xea\xca\
\x97\x5ce\x8d\xd8M\x1fij\xb0\xfe\x0e\x92\x90\xc99\
%\x06N\x11\xa3\x04\xa2(\x11\xc2\x0c\x0c\x82\xf0\xa3\x80\
\xa2=\xc1\xfb{_\xab\xcb\xe1F%\x88{p\xfd\x8d\
B\x8a\x87\x98y\xb3mH\xe9xz\x00\xd0\xa7\x19T\
\x02!BL\x0d\x04\x0c*\xf0^\x01~4\xb6}\xff\
\xd1\xba\xf0M\xcc\xf1\xe1\x07o\xbd^J\xe3\xcf\x98\xe9\
\x0e\x22\x04\x18\xdc\x07\xa63\x02(2!\xac5\x87$\
a\x88A\xfb-\xc3\xfd\x9b\xd0}\xcf\x9c\xa8\x8b}\x99\
\xe0\xcb\xee\xdc\xf86\xc5\xd8J\xc0F\x06l\x02\xf7\x83\
\xd0\x07\xa6\x12\xc0!\x0d\x04\x050L\x82\x0ex\x0ew\
7\x7f\xfe\xc9SW\xc3G\xbf\xceC\x06\x80\xcc\xae\xc4\
\xcd\xccz\x93`\xbaF\x83\xa3DT\x02\xf39f~\
E\x09q\xa0e\xdb\xbe_Nv\xcc\xeas\xc2\xfb\xc6\
@\xa4\x1fN\xbc\x83\x94\xbe\x0d\x8c\xe5 D\x98P\x22\
\xc6\x80\x14xU\x83~\xd6\xb8u\xdf\xab\xb3\xc9\x97\xdb\
\x9d\xb8\xde\xf3x\x0d\xc0K\x18\xd4 \x05\x974c\x88\
\x19\xc7\xc8\xc0K\xf1\xfb\x9e<6\x9b|\xd9\x07\x13o\
\xd5\x06nb\xd6\x0bY\x8b\xa0 v\x18<L\x8c\x93\
\xca\xc2/\x9b?\xf3\xe4\xa9Z\xa7\x85M\xe5\xe4\x03\xc0\
\xc0\x176^\x1b\xb0\xf5j\x0d\x9aO \x9b\x99\x1c\x00\
i\xad\xf8\x8c\xc5\xfcZ\xf8sO\xf6\xcf&_\xfa\x8b\
\x1b\x96k\xc9\xd7\x19\x84\x16\x0da\x91\xe0\x12)\x1ee\
)\xcf\x0aO\x9d\x88>\xb0\x7fp6\xf9\x86\xbf\xb8a\
\xb1i`\xb9\x12\xa2I\xb22<\x12\x0ei\x955\xc8\
\x1aT\xec\xf6\xc5\xb6\xefO\xa3\xce\x9a\xcc\x97\xff\xd2\x86\
\x05\x9e\x81\xc5`\x8e\x82H2\xeb\x12\x09#\x0f\xadF\
\x1a\x85\x1e\xa4\xadO\xe7f\x93/\xfb\xe0\xfaVO\x8a\
\xf9\x1a\xd4`j&&\xed\xb8Z\x8e\x05Y\x8f\x8e\xba\
\xe3\xa3\x0bS\xf5\xb9\xd5\x9a\xea\xfd\xca\xcc\x8e\xf5q\xb0\
lV\xec\x04 \x03l\x90r\x5c\xa6Bs\x01y`\
p\xbc\xd6\xb7\xe6W\xe2\x1b\xdc\xb5.\x12r\x03QG\
*\x93\xc9\xd3f\xc0.yiU\xca\x00\xc5e\xe8u\
\xea\x15\x98O\xc9\xfa\xc8\xda\xe0(\xa2A\x91-\x09\x15\
\x837\x9e\xc9;\xed\xab\x0f\x96\xf2'nmvUC\
\xa9i\xdb\x8fG'\xed\xa5\x5co\xbe\x97\x93\xab\xac\xd5\
\xd1\xa8\xc4\xf1\x98\xc6\xf5\x83:\x9dnx+Ci\x92\
:\xaf\xf3*\xdd\x92z.;\x9b|\x0cP_\xb2#\
\x18\x0d\x06\x96{\xc20\x01@k\xcf\x0dJ+?\x9e\
\x1f\x9bU>NB\x0ccM8\x14n\x88\x17\x94\x13\
\x16s\x8c\x0f(\xd77\x98\x0e_=\x9c\xd3\x8b\xfcF\
\xbe\x1c\x9f`cL\x15\x0b#s\x8f\xcf\x85`\x14\x94\
\x16\x1f\xb1\x88\x0e\x86\xb7=\xf9\xc3\x8b}\xdaz\xf3\xc9\
@\xb0I\x08\xd7&\xa6V\xcd\xf2\xdbB\xd0\x90\xd2z\
? z\xe2\xdb{\xf7\xce&\x1f?\xb268\xea\xd8\
\xb7I\x81=\x8a\xb9\x05\xcc\x0e\x83O\x12\xe8\x80&\xf1\
OM\xdbz\xf7\xd7\xfb\xf9\xbe\x11\x04wZ\xf9\xf0\xd9\
\xf5\x9e\xa2N\x02nb\xa0\x85\x98\x1d\x06\x9d\x02\xf8\xdf\
\x05\x89\x1f4n\xeb=Pw\xbe\xc9\xfe\xdf\x8e\xdb6\
\x11\x89\x0f\x80\xe9F\x107\x01\xe4\x008\x0d\xe0\x05\x10\
\xfd0\xb6\xb5\xf7\xf9\xba\xf3M\x9aK#;\x13\xeb\x89\
\xf97\x89\xb0\x8a\x8183;B\xd0\x19f\xbcd\x0a\
\xfai\xf8\xb3\xbd/\x02od_\xd6\x9botgb\
\xad\x82\xbeS\x82\xaecp#\x18\x0e\x11\xf53\xe8\x90\
\x06\xefo\xda\xb6\xef\x17\xf5\x8e\x8f\xceo\x1e\x17\x14\xf6\
I&\x05\xef\xbe\xb3\xa1\x7f\xf7\x9d\x0d\x93+w]\x5c\
P\xa7\x9eN\xea\x85|\x10\xfd\xbb\xefl8\x93\xec\x08\
M\xae\x1c<\xdd~S\xf5\xe0;\x93\xec\x08\xf1#k\
\x83s\x92\x8fA'\x1fY\x1b\xe4d\x22\xf0\xa6\x82N\
\xb3\xc5wQ\xf1\x88c\xc9D\x80\xf7l\xb6/\x9eo\
s\x85\xef\xc8\x9e\xcd6'WY\xb3\xb1\x1e.\xb5\x89\
\x5c\xcc\xf7rr\x95U\xae\xf87\x07\xf9\x00\xe2G;\
LN&\x8c\xd9x\x9e\xd3\xe2K&\x0c\xee\xee\x94s\
\x85\xefb\xa7\x86\xbb;\xe5\xe5\xaa*\xd6Yt\xa9=\
%yQU\xf7\xb90\x96S\xad\xe9\xb9\xa8\xb92\xff\
\xa6d\x9b\xa3|\x5cY\x1f>_U\xf9\xe6\x8a\xcd\xb9\
\x80\x8f/.:\x859a\x13\x9fH&\x8c\xf4_$\
b\x95\x0a\xc2s\x89\x8f\x93\x10\xe9\xbfH\xc4\xd2\xc9D\
\x8c;\xe7\x1e_wg\xa7\x1c\xd9\xf9\xee\xc6\x91\x9d\xef\
n\xec\xbe\x98o6\xe2\x8fK\xc4GC{6G\x87\
\x92k\xa2\x17\xc4Gs\x88\x8fw\xad\x8b\x0c\xeeZ\x17\
\x99\x9b|\x10\xfc\xd5D\xf8\x5c2\x11\xbe >\x9a%\
\xbe\x0b\xa2\xf5\xc9\x13\xee\x82\x01\x9d#\x0b\xf7R\x06\xf8\
\xe2\x01\xf6\xf9.\xc7\xf7\xe6\xe7\x98\x9c#|\xc9)\xf8\
f}a\x5ca\x83\x98+\xce\xf4T\xe34[\x07\x1b\
3\xe1\xc3\x5c\x09\x84\xa7\xe6\xc3\x5c\x0b\xd4\xe7\xa4\xe3<\
\xc7\x83J\x7f\x5c\xff\xef\xe5\x9b\x8a\xc3\xe7\xfb\xbf\x9co\
\x22\x18\x9e\xcb|\x97\xf2\xabgk\x0f\xbe\xe4\xf8\xcd\x85\
\x83\x8d\xceK?\xc7\xb9\xc2\xd7=\x15_\xe7\x1c\x19\xbf\
dR\x5c\x8a\xaf\xbb\xb3S\xce\x8d\xf8-)\xb8\x86\xf1\
%\xd5\xe2\xd6\x81f!U\xc8\xe7\xf3\xf9&Rc\x80\
9\xca\xe7\xcb\x97/_\xbe|\xf9\xf25e\xb0Is\
\xcf\xc7\xe2J\xf7\x91\x09\x07\xd0\xe7\xbbz\xbe\xba\xa6\xea\
\xce \x16\xe4\x8b*\xbe\xfb\xf1\x87/_\xbe|\xf9\xf2\
\xe5\xcb\x97/_\xbe|\xf9\xf2\xe5\xcb\x97/_\xbe|\
\xf9\xf2\xe5\xcb\x97/_\xbe|\xf9\xf2\xe5\xcb\x97/_\
\xbe|\xf9\xf2\xe5\xcb\x97/_\xbe|\xf9\xf2\xe5\xcb\x97\
/_\xbe|\xf9\xf2\xe5\xcb\x97/_\xbe|\xf9\xf2\xe5\
\xcb\x97/_\xbe|\xf9\xf2\xe5\xcb\x97/_\xbe|\xf9\
\xf2\xe5\xcb\x97/_\xbe|\xf9\xf2\xe5\xcb\x97/_\xbe\
|\xf9\xf2\xe5\xcb\x97/_\xbe|\xf9\xf2\xe5\xcb\x97/\
_\xbe|\xf9\xf2\xe5\xcb\x97/_\xbe|\xf9\xf2\xf5\xff\
o\xfd\x7fV\xc5/Hc\x0d\x9f\xef\x00\x00\x00\x00I\
END\xaeB`\x82\
\x00\x00=\x0e\
\x89\
PNG\x0d\x0a\x1a\x0a\x00\x00\x00\x0dIHDR\x00\
\x00\x03\xc0\x00\x00\x00(\x08\x06\x00\x00\x001)\x93\xe9\
\x00\x00<\xd5IDATx\xda\xed\xbdix[\xd7\
y\xef\xfb\x7f\xd7\xda\x1b\x9b\x00\x08R\xa0H\x8a\x94%\
Y\x1e\xe5\xd0C\xe2\xd8\xc7n\x9d\x9cPmn\x13\x9f\
\xd6u\x12\xa7\x9b\x9aM[Na\x0da\x1c5\xa7\xb7\
\xa7#\x84\xe4\xf4\xf4\xf4\xf4\xb69\x89\x22\xc9\xe6\xb5e\
\xd1\x92\xac\x01M\xda8i\x8e\xd3\xb4\x89\x94frj\
\xc7\x8e\x07\xda\xf2(K\xb2(\x91\x14!\x0e\x00\xb8\x87\
\xb5\xde\xfb\x01\xa0L\xc9\xa2D*\x00\xc8\xdbg\xff\x9e\
'\x1f\xac\x90\xc0\x8f{X\xeb}\xd7\xf0.   \
                \
                \
                \
                \
                \
                \
                \
    `\x22(\xb8\x04\x01\x01\x01\xe3\xda\x02\xfe\
\xffI[\xc5\x81\xdf\xaf\xe4\x18\xf8\xfd\xc7}G\x02\xbf\
\xc0/\xf0\x0b\x08\x08\x08\xa8@\xa3G\x81_\xc9\xfdf\
\x8aw\xe0\xf7+`\xdb\xb6\xb4m[\x06~\x17G2\
\x99\x14\xe7\xf1\xc3L\xf5;\xcfu\x0d\xfc&\xe9\x97L\
&\xc5L\xf0;\x97G\xe079\x98\x99\xce\xe51\x91\
\xf74\x18\xcep?\xccx?\x80if\xfb\xe1\x9c~\
\xe7\xf2\x9e1\xf1\x0b\xf3\x0c\x8f\xafx&\xc5\xd539\
>\x0d\xf2\xa6\xff\xd8\xd7\xe9]\xd1\x99\x10P]\xc8o\
\x06;\x8e\xf7\xa3\xc0o\xca\x81\xf3\x8c\xf3+vb\xa7\
;\xb4\x99\xecg\xdb\xb6lo\x7f`Vkk\xab1\
S\x12\xcb\xf1\x01\x8am\xdb\xf2\x13\xed\xed\xb3\xda\xdb\x1f\
\x985#\x02\xab\xb3\x02\x94\xc2\xbdM\xd4\xda\x89D\xed\
\x8chc\xce\xf2K&\x93b\xc5\x8a\x8e\x9a\x15+:\
j\xc6_\xbf\x89\x12\x94J$\x1eg\xfb\xdd\xb9zu\
l\xf5\xea\xd5\xb13|\xa6\xcd\x0f\xef\xf1\xb3\xd7\xad\xab\
\xb6\xd7\xad\xab\x9e\xa9~+W\xae\x8c\xae\x5c\xf9\x85\xe8\
\x99>3\xc7\xef\x8eD\x22\xb2r\xe5\xca\xb3\xfc@g\
\xb4\x93\xd3y\x7f\xed\x0d\xe1;\x12\x89\xc8L\xf4\x03\x98\
\xda\xdb\xdb\xabl{C\xf8\xac\xc4\x8d\xa6)\x91\xa3\xb3\
\xdb\x9b\xdb;:\xac\xf6\xf6\xf6\xaa\xb3\xae\xd7\x8c\x09\xa4\
m;\x19\xba\xbd\xa3\xc3:\xcbg\xc6\xf8%\x12\x09\xd3\
\xb6\xed\xd0L\xf5kM&\x8dD\x22a\xceT?\xdb\
\xb6ek2i\xccP\xbf\xf11+\xcd\x90\xc1|\x9a\
\xe4\xa0\xd5\x0c\x1a\xe8(m[G\xbf\xc2\xef1\x00\xac\
X\xd1Q\xc3\x96\x8ak\x1f\xd5J\x90\x88\x87\xbcW\x0e\
[\x96\x88\x19\x86\xc0\xd1\xa3*\x9dN\xbb\xd3tc\xdf\
\xebG0\x01@\x9a\xf0F\x84\xff\xd6\xb7;;\xf3\xd3\
\xb4\x5c\xe7\xfc~\x0cO\x18\x18!Gf\xae\xbc\xb2n\
$\x95J\xe9J\xbf\xa8c\xdfy!\xbf]\xbb6\x0d\
MGC2\xde\xcf7\xdc:b\x19\xbd\x80\x1fU\xea\
^\x8f\xf7[v\xcf\xfa\x8fk\xa8\x9b\xb4\xc0\xd7\xa1D\
x\xa6\xf9-i_\xbf\x18P\xb6\x10\xe2\xc3Zs\xbd\
\x10\xb4\xc4'\xdd'\x14;\x86\x1f\x1a\x98n?{\xd5\
\xba\x0fK\xa1?\x05\xe0\xd7\x18\xb4\x00\x84\x90\x00\xf5+\
\xe2\x07xV\xd5\x8f\xd3_\xfer~:\xfd\xda\xda\xd7\
\xfc\x1a\x08w\x08\xc6\x7f\x02a>\x80\x10\x83\xfa\x01~\
\x96`\xa4Uv\xf6\x8f\xd2\xe9\x94;]~KW'\
nf%?\x0e\xc2\x8d`\xcc\x03!D\xe0\x01\x06=\
\x0f\xd6O\xec\xedzh\xff\xe9\x84\x99\xa8\xe2~\xcb\xdb\
\xd7}@\x11\xff&\x187\x00\xb8\x84\x80\x10\xc0\x19\x06\
\xba\xb5\xd6\xdfI\xef\xe8\xfc\xd1\xd9\xbfS\x89YK*\
^\x8b\xe5\xf7$\xaeW$>\x0c\xa6k\x99\xb9Y\x80\
B \x0c2\xf3A\x06\xbe\xb7\xaf\xeb\xc1\x9fU\xdao\
\xfc\xbdZ\xb2j\xed\xfb\x98\xf0k\x82\xb0\x08\x849\xcc\
l\x014\x04\xc2\xeb\xa4\xc4\xfe=;6?]q?\
0\x01\x05\xbfe\xf7\xdc\x7f\x95\x86\xf8 \x81\xaf\x22\xa0\
\x91\x99-&1L\xcco)\x88\x1f\xa7\xbb\xb6<W\
y\xbfw\xdf\xc5\x95+?{\x99gx7\x10\xd3e\
\x9aD\xbd`m1(KD\x87\xb5\xd0?\xdf\xb7\xed\
\xc1\x17\xa7\xd3o\xc9=k\xe7C\xe3},x\x01\x81\
f\x83)\x04\xe2<\x91~\x87\xb4\xf9\xec\xee\xae\xaf\xbd\
2\x9d~+\x12\x89f\xdf\x15W2\xe3\x12b\xc4!\
(D\x0c\x87\x80\xe3 \xfd\xd2\xee\xed\x0f\xbdv\xf6;\
UI\xbf{\xef\xedh\xc8\x93s){\xa2I\x08Q\
\xcb\xa4-hrA\xaa\xdfP\xa1\x83;w~\xed\xad\
J\xb7\x7f\xe3Y\xbevm\x5cgi.\x93j \xa6\
\x1aH\x0e\x91\x16>I\x1aP\x9a\xdf\xda\xbb}\xeb\x91\
\xb3\xdf\xa9J\xb2z\xf5\xea\xd8([\x0d\x9aD\x1d+\
T3)\x0bDJ*=$\xaa\xf8\xc8\xae\xce\xce\x9e\
J\xf7\xbf\xe3\xb9\xe3\x8eD\xc4\x9c\x8b\xda*'TK\
PQ\xd6*\xa4\x84`&\x9d\x05Y\xc7\xd3\x8fn\xea\
\x9bN?\xdb\xb6C\x91\xc8\xdc\x88\xefg\xab\xb5)\xc3\
\xaceHkMl\x89Q3\xcf'\x1f\x7f|kf\
:\xfd\x92\xc9\xa48t\xe8P\x08@\x95c\xd4Z\xca\
\x1d\xb5\x84 \xa1\x19^\xcc\xf0\x86\xb6m\xdb6<\x0d\
~\xa7\xbf\xcbN$j\xfd\x9c\xb0\x0c\xe7\xe4\xc9|<\
n\xcdv\xc2!\xd7\xcd\x1b~$\xaa1\x84|:}\
:\xfe\xabX\x02L\x00\xd8\xde\xb0!ld\xd4<_\
\xeb8\x0c\x96\xa4\xb5\x0fa\xe6y8\xfej>\xdfc\
\xc4\xe3fXk/\x94#\xa1\x0c\xe7\xe4\xa9b\x22\x5c\
\x89\x8bxN?\x09xJ\xb1\x0f\x00RJj\x88\xa2\
\xfb\xf8qCX\x96\x10G\x8e<\xed\x1c8p\xc0\xaf\
\xe4\xcd=\xbf\x1f\x19\x0a0%\xb3\x8eP\xb4{\xdb\xb6\
\xbf\x19\xaetri\xdb\x1b\xc2\xa2\xca\x9d\xcfR\xd7\xb2\
\x10\xc6\xb9\xfc@\xa4\x0c%2\xc3\xa1\xd1w\xbe\xdd\xd9\
\x99\xab\xd4\x92\xddt:\xad\x96\xaeZ\x7f3\xa4nS\
L\x8f\x93)\xab\x84\xd6\xfe{\xfc|R\x86\x10\x19?\
.\x8f\x16\x13\xa5\xb2?\x7fc~\xf6=\x89\xeb\x05\x8b\
\xbf4\xcd\xd0\xef\x12\x11\x94\xef\xfe\x96O\xe6q\xe5\xb9\
\xa6iJ9\xdd~+\xee\xbd\xbfEi\xfa\x0b&\xfa\
D\xc8\x0cU\xf9\xbe\x07\x86>B\x08-g\xe2\xac\xa7\
\xfd\xb0\xd0\xd2\x9f\xb6\xeb\xb7z\xcd\x22\xa1\xf0G\x00\xfd\
6\x11\x1a\x991\x0c\xe2\x0c\x98\xa2\x04\x8eA\x1a\x9f\x86\
\xe7\x1fc\xc8\xac\xae\x0f\x1d\xa9\x94\xdf\xd8\xfb\xb1\xf2\xbe\
uW\xfa>?\x00\xc2\xc7\x98\xd1@\xe0\x11&\x0c\x81\
a\x110\xbf*\x1c\xb14k\xb8yw\xb9\xca7|\
\xbdRI\xf0\x98\xdf\xf2{\xd7^\xae\x98\xef'\xd0b\
07\x80(\xcb\x8ca\x02,\x10\xe6\x09!\x1a\xb5\xd2\
\x8a\x89\x9f$M\x7f\xb2\xe7\xb1\xad\xcfW\x22\x88>\xed\
\xb7z\xdd\xa5Jq;\x80\x0f\x03\xba\x9eH\xe4\xc0\x18\
apU!\x11\xa6\xb9\x00FA\xf8W\xed\xf3\x17\xf7\
\xed|\xf0\xc5\xb1g\xa3\x12~K\xeeY;\x9f\x98\xda\
\x18\xfa\xd7\x00\xcc\x06\x90\x07!G\x0c\x8b\x89\xe6\x02h\
&f\x87A?\x84\x81\xbf\xde\xfb\xc8\xd6\x97+\xe9\xb7\
t\xf5\xfa\xb9\xcc\xea\x13\xc4\xb8\x09\x8c8\x11\x1c\x0d\x8c\
\x12(\xc4\x8cf\x02\x9a\x98\xd8\x05\x8b\x9f\xc0\xa4\xaf\xec\
}x\xf3\xab\x95\xf0\x1bKt\x96\xde\xf7\xb99\xda\xf3\
>.\x88\xdf\xcf\xa0Y\x00<\x02\x8f2\xc1\x02\xd3\x1c\
\x02\xcfa\xc0#\xa2\x9f+I\x9d\xe9G\xb6\xbc^\x09\
\xbf\xb1DbY\x22Q\x0f_\xb4jE\xd72\xb8\x96\
\x18>\x88\x5c\x22X\x1ah \xe6F\x02y\x0c<\xa7\
M\xaf+\xfd\xf0\xc3oU\xc6\xaf\x18\x1f\xdcw_\x9d\
\xd0\xe6\xadP|5\x88j@P`xD\xb0@\xa2\
\x1e\xcc\xf5\xcc\xa4\x04\xf4\x8b\xbe\x15\xda\x9b\xee\xfc\xea\xe1\
\x8a\xfa%\x12\xb5\xe6\xa8\xf1~-\xf4e\x0c\x11#\xd6\
\x0c\x90b\x82\xc5\xe0:\x02\xcd\x16`\xed3\x0e\x86|\
\xf3\x9b\xbbvm:Z\xa1$\x9d\x00\xf0\x9d\xabW\xc7\
\x22\x9e\xb1\x88\x84\x9c\xa75\xc7\xb4A,\x98\xb5 \xb2\
Xs\x1d\x08qfb@\xbfa\xf8\xfc\xdd]\xbb:\
{*\xe9wG\x22\x11\x89*y)3\x9a\xa0U\xb5\
\x84\x04$\xc0\x9e\xb6H\xd0,\x02\xcd\xd2D\xcc\xcc\x87\
M\x9f\x0f\xec\xdc\xf9`o%\x079n\xef\xe8\xb0\x1a\
N\xd1\x1cG\xaazI\x1cQ\x0aBJ&M\xb0\xa0\
Q\xcb\x9ak\xa5\x90`\xd6=\xe4\xaa\xa7v\xef\xee\xec\
G2)P!\xbfd2i\xbc\xda\xd33K\x8f\xa2\
\x96\xb5\x08\x1bR\x18>\x91\x90\xca\xb34\xc9\x18I\xaa\
af\x02\x8b>\xe9\xe9_\x16\x13\xcd\x8a\x0eB?\xd3\
\xd3S\x15\x1bFdT\xe8\xaah\xb8\xcatXK\xe9\
\xc1\x82D\xb5\xf69F\x04\xc1\x02\x19\xd33\x0e\x16'\
\x1a*\x96\x1f\xad\x5c\xf9\x85h\x96\x87k\x0c7\xd3\x0b\
4\x84Q\xe3\x84$`*WZ\x86\x08EX\xba\xd5\
`H(cD\xe5\xf1v:\xbded:\xf27&\
\xbf\x0eD\xea\xd41\xf1B,f\x08\xb3~\xb4J;\
\x22\xcc\xbe\x08\x0brL\x0d\x1a\xd5\xb9\xc8\x89b\x22<\
e\xbf\x8b\x9a\x01\xbe#\x91\x88\x84\x1d\xe3jh\x0aK\
\xe2!C\xeb\xbeS\x11=\x12\xced\x9ct:\xad\x0a\
\xd3\xfc\xf3B\x96\x95\x8f\xe5\x14\xd7J\xe9sD\xfaG\
\xbb\xba\xbaF+2*t\x1e?\x00\x18nj2n\
\xad\xab\xf3\x9e\xe9\xe9\xa9\x8a\x01\x11\x99\x13\x22\x12\xd1\x99\
\xce\xceN\xaf\x12K\x0e\x12\x89D8s\x1e\xbf|<\
n\x85\x1d\xa3F\x10\x9b:\xdb\x7f\x0c\x98\x17ji\xa9\
q*\xd58\xdb+\xef\xbb\xd2\xac\xb2\xaa}\x9fMa\
P\xce\x18}\xaf\xdf\xac\x9c\xa8vL\xb3^\xb0?\x8b\
IfO,\x98\xfd\xd2\x81T\xca\xafH\xf0\xb7j\xcd\
\x8d\x90\xf4d\xb4:\xd682<r\xaf6\xac'`\
9.\xfa\xfa\xf2\xe3\xfd|!\x1a\x14S\x0d\x04\xe7\xf3\
\x96\xffj\xb9\x93\xf4\xd3~w\xaf\xbd\x01\xc4_7B\
\xa1+=\xd7{V\x0a\xda\xae\x85\xb3W\x0d\x0d\xf5\xf7\
\xf6\xf6Rl\xd1\xa2\xd0\xf4\xfa\xad\xbb\x96\x89w\x10\xe1\
z0~\xca\x82w3\xeb\xa78\x847z\x0f6g\
c\x8bz\xa6\xd5oY\xfbg\xaf\xd1\xf0\x1f\x02Q\x0b\
1~\xce\xc07X\xe9\xa79\xc2\x87\x5c\xc7\xa1\x90\x0c\
\xcf\xb1\x5cd\x1c\xd3\xac\x07\xe9Z\xa8\x0a\xfb\xdds\xff\
U\xcc\xe2\xef\x00~\x1f\x13=C\x84oA\xd1\xb3R\
\xc9#n\xd4!8\xc6eR\xe0\xa3`~\xbf\x92\xf2\
k\xa4='g\xf2k\x95\xf2[~\xef\xda\xcb\xb5\xc6\
\x97\x98\xf8j\xc1\xf4<\x0b\xfa.\xfb\xfcB\xd4t\x8e\
:N\x94\x94\xf4\x17\x82p\x1b\x03\xf7\x85#\x91\x9b\x9d\
|~X+\xbay\xef\x8e\xcd\xaf\x963\x889\x9d\x5c\
\xb6\xdf\xbf\x90 \xfe\x1b\x03W\x80\xd0-\x18?\xd0Z\
t\xe7\xcd|\x0f\x00D\xfc\xaa\x05$\xf9\x16f\xdc-\
\x84\x5c\xac\xb4z\xdbW\xfc\xa9\xaf\xefx\xf0\xd9\xb2\x06\
\x81\xc5Y\xa0B\xf2\xcb\x9fc\xd0B\x02^\xd5\xa4\x7f\
L\x9a\x0f\xea\xbcq\x02\x0d\x80\x91\x15\xf3\x00\xef&\x86\
X\x0a\xe07\x01\xbc\x09\xc6\x8a\x0a\x0c\x22\x10\x00^\xba\
z\xfd\x5cV\xea>\x02-\x00\xe3M&\xfa9\xa0\xde\
\x18P\xd9\xbe9\x98\x03e\x8c\xcce\x92\xef\x07\xabO\
3\xc4G\x88\xf9\x10X$\xf6<\xb6\xe5\xa5\x8a\xf8\xdd\
w\xdf\x1cR\xa1\xa5\xcc<\x0f\xa0\xc3L\xfc\x1c@\x87\
\xb2\xfd\xea\xe4\xdc\xb9\xc0\x88'\x9b\xb4\xe2\xeb\x98\xe8w\
\x01\xdcF\xc0\x11\x82\xfa\xfc\xee\xae\xceW*\xe1\xb7,\
\x91\xa8gW\xdcIL\xcd\x108\x06\xa1_b6\x8e\
\xaa\xe1\xdeL>\x1e\xa7\x1a\xdfh\xd0\x0a\xefc\xe2\x8f\
\x13\xf3-L\xf4\x8e\x80\xfe\xd3\xdd\xdb\x1fz\xad\x12~\
\xcb\xd7\xae\x8d\xab<\xfe/bnd\xa2^\xc9\xf4\x9a\
6\x8c\x9e\x1e\x7fp\xb01WG\x22:Z/\x05\xae\
T\x0a\xbfI\xc0\x07\x19\xfa\xb8\x14\xe2/\x1f\x7ft\xeb\
\x9b\x95\xf0[\xd1\xd1Q\xa3\x87\xbd_W\xcc\xf5\xc44\
\xa0%\xbfm\x98\xd1\xde\xccao8?g\x88\x9ae\
u\x9dPt\x99\x22\xf5ab\xdc\xa0\xc1}\x86\x14_\
~|\xdb\x96\xb7+\xe1g\xdb\xeb\xaaE\x94o F\
\x9c\x89\x87\xa0\xcdc\xd2\xf7\x07<\xaf?;<\xdcD\
\xb3.\xc9\xcd\xd2*\xb4@0\xdf\xc2@\x0b\x11\x9f\x94\
F\xa8s\xd7\xc3\x9b\x8eVb\xa6\xd5\xb67\x84)\x96\
\xbf\x02\x8ak\x85\xa6\x1cK\xea\xd7Y5\x14\x8f#\x97\
\xc9d\xc8\x88\xc7kX\xc9\xb9\xa4\xf1\x01\xd6X\xc4\x84\
\x8c\x11R\xbb\x8a\xb3\xad\x15\x18\x84N\x86\x94\xd9\xd7\x1c\
2\xdcj\x12\xd2e\xe9\x0f\xa9!+\xdb\xdb\xd20\xba\
\xa8\xa7\x87FFd5\x9bj\x0e \xae\xd5\xc0\xe5L\
<$\xa4\xff\x8f{\x1ey\xe4D\xa5\x06\xc9\xcd\xfa\xfa\
\x1a/\xab#!\xc5\xda0\xc2\xf9\x5cN8\xc0Q\xb7\
\xb7\xb7\x85\xe6\xcd\x1b\x88p\xc8\xafW\x0aW\x12\xd1\xa5\
L:+\x1c\xfd\xcf\xbbww\xf6Wl\x10\xbf\xa5\x85\
\xef\xe8\xe9\xa9j\xf4k\xa5a\x0c\xaaL&\xe3\xb7\xb4\
\xb4\xf8\xdd\xdd\xdddY\x0b\xaa\x1c12\x8b\x08\x0b\x89\
\xc4\x5c\x90\xc8KG\xff\xb8RI\xfaX~dH\x0a\
\x8b\xa8x\xc9=~<\xdb\xdb\xdbK\x07\xf6\xefW\xc9\
\x8d\x1b\xe9\xd0\xa1C\xa1\x9c\xa8\x89I\xe57C\xe89\
BH\x87\x1c\xf9\x5c\xa5\x92\xf4\xf1\xf9[\xc8\x10\x83d\
y\xfd\xce\xc9\x93'\x8b\x83{\x94H$\x8c\x0c\x10\x11\
\xa3\xa8'\xc3\x8c\x03J\x19n\xf4\xd5\x9d;\xff6;\
U?\x9az\xe3\xb2!L\xd5\xde\xd5\x02\xba\xca%\x1c\
\x97\xc3}G'\x1auL&\x93\xe2\xf97N\xd4[\
\x165if\xcd\xb5\xe17\xca8S3e?0\xd3\
\x8a\x95\x9f\x8b\xe59\x1b\x8fVWs\xdfa>\xf1\xe4\
\x93\x9b\x9crO\xeb\xb7\xdd\xfb\xd9\xf7O\xca\xaf\x90,\
\x9b\x19 b\x8eH\xf1\xceU\x8d\xc3\xe5J2\x8b\x1d\
\x13\xb7\xad^s\xad\x09\xe3\x80\xd2\xeaY\x19\xb2V\xb9\
\x99wz'\xf2\xb3m[\x8aH\xdd|2\xac\xfc\xa2\
y\xf1>\x00H\x953x\xde\xb8\x91\x97\xb6\xafoa\
\xd2\xffd\x18\xc6\xa5J\xa9\xad\x8a\xe9\x8b\xe9\xae-\xc7\
'\xf2S\xb1\x86y!F\x93\x86\x18\xe5\x11\xfdFq\
$\xabL\xd7o#/Y\xb5\xee\x1a\x12\xd8\x0b\xf0\x22\
&l\xce\x0b7\xf9\xc4\xbb\xcbH.\xe0g\xbez\xb1\
#Y\x93\xbd\xbfKV}\xe6*\x12\xc6\xa3 \xba\x12\
\x8c\x87U\x94\xfe*\xbd\xe5\xdc\xd7dZ\xfc\xee\xee\xb8\
\x1c\xe4o\x06p9\x11?\xa6\xb2\xe2\x7fOt\xcf\xa6\
\xc3\xcf^\xf9\x99\x85\xc20\xff\x1a\xcc\x0bA\xb4\xcf\xf4\
#[\x8b\x0d\xef\xb9;\xc3U\x9f[ \x0d\xbf\xb9b\
~\xab\x12\xf3\x85\x90I@/ \xd0?\x8eX\xfa\xd1\
\x89\x12\xef\x15+:j\xb4\xe9\x7f\x85\x19\xf3\x14\xe8\x0f\
-5\xf4\xda\xce\x9d;s\xe5\xa8\xe4:\xe6\xf7\xa9\x15\
\x9f\xb9$d\x9a_\x00\xf3<\x22\xf1\x7fT\xd6\xda=\
\xd12\xa6;W\xaf\x8eET\xe8K\xd20\x1fPJ\
\xf5h\xd6w\xed\xebz\xf0\xa9d2I\xa5ng\x8a\
3\x97X\xb1\x22\xd1\xa4L\xb9\x96\x19\xcd \xfeA\x15\
\xe7\xbf1\xd1\xc0\xad\xbdn]\xb5\xcc\xf1\x9f\x02\xfc\x07\
`\x1c\x86)>\xb9\xe7\xe1\xcd\xdd\xc9\xe4\xc6\x92\xfb\x15\
\x93s\xac\x5c\xb9\xa6\xc13\xe8n\x22\x9e\x03\xc5?i\
\xa8\x0d}g\xd3\xa6s\xf7Y+W~!\xaad\xee\
\x0b\x9a\xb0\x1e\x8cw\xa0\xb1b\xef\x8e\xad\xaf\x94\xe3\xfa\
\x8d\x9fYU.}Z\x80\x1aX\xe3\x99\xc1Z\xf3\xfb\
ON\xe8\xb72\xea\xca\xd8z\x01\xbe\x8f\x81\x1e\x982\
\xb1\xf7\xe1\xcd\xaf\x95\xc7\xaf\x10\xeb,_\xbev\x96\xb6\
\xe8v\xad\xb9\x9e\xa0_\xd0\xb9\xa6\x9f\x14Wg\x9c3\
\x10\xabv\xe4}\x0c^E\xa0\x13\xca\xa0\x0d\xe9G\xb6\
\xbcQF?^\xb1\xa2\xa3\xc6\x17\xdeG \x10'\xa1\
_\xad1\xf1\x8b\x89\x06\xe6m{C\xd8\x88\xe6W0\
\xf3\x12@\xf4\x1aJ\xfe\xd9\xce\x9d_;TN?\xdb\
^WMa|P\x0a\xaee\x8d\xb7{.k\xec\x9e\
(&ioo\xaf\xca\x89\xc8\xef\x09\xcd\x9f \xd0I\
\xd7s\xfe\xea\x1b\x8fo;\x5c^\xbf\x0da\x19\xf3\xaf\
\xd1\xbe\x13#6\x8f\x1f?\xfc\xe2\x9b\x13\xad\xee\xeb\xe8\
\xe8\xb0\xfa\x87\xbc;X\xd0\xed`d\x1c\xcf\xf8\xea?\
\xec\xda\xf4N\x99\xfcN'\x97\x22\xdc3\x9f \xa3,\
\x90\xd1\xd9\xfec\x13\xc5W\xb7\xdf\xdea\xc5\x9b\xdc\x8f\
2\xc9\xdf`\x8d!\xc3\xf7\x1f\xde\xb5\xab\xf383\xa3\
\x5c\xcb\xc9[[[\x8d\xf9\xf3\xdfW\x97\xd3\x22,\xad\
|\xaee\xc1\x82\x93\x13]\x0b\xdb\xb6Cf\xac\xfeC\
Z\xf3\x87\xc0\x18\x81\xe1\xed\xde\xf3\xc8#\xbd`F9\
\x97\x93\xdb\xb6\x1dF<\x1eB\xc6P\xe9\xf4\xe6\xecD\
\x03\x16\x89D\xc2\xcc\xe4\xcd\x9bI\xe8\x9b\x05q\x96\x1c\
\xfd\xc4\xee\xdd\x9d'\x0b]\x1b\x95-\xff@\xc4Y$\
\x0d\xa7g\xd1\xbcy}\xa9T\x8a'\xeaK\x93\xc9\xa4\
\xf1\xda\xa1\xbe\xeb\x14\xf4\xf5 \x1a\x95a\xfc\xcb\xe3[\
\xcb\x96\x04\x9f3?\xaa7\xfcc\x13\xb5/\xad\xad\xad\
\xc6\xec\x85\xd7_i\x91\xba\x0a`\xd7\x0f\xe9\x9f\xa5;\
;\x07gJ\xfef\xdb\xb64c\x0d\xf3|\xdf\xbf\x94\
\x84\xf4u\x96\x9e\x9f\xeaL\xf5T\x0a\xde0\x00\xa8h\
n\x9e\xf4\x8d\x88k\xe2\xd87\xb6my\xfb|\xeb\xc3\
\x8b/N\xef\x92{\xd6Z`^ \xfaG\x17\x02x\
\xb9L\xef\x05'\x93I\xf1\xca\x9b\xef\xcc\xd7\xbe5)\
?\x10\xf1.`hY\x22\x11\xf2F\xfd9\xb1\x06\x1f\
\x00\x0e\x97\xcb\xcf\xb6m\x89p]\x9b\x14x\xc3w\xfd\
\x9eo\xec\xe8<|\x1e?\x02\xc0\x9d\x9d\x9d\x9em\xaf\
S^XU\xcf}\xb5G\x02\xe8/\xe3\xe0\x0bC\xf1\
_\x99\x11\xab\xce\xcf\xe5\x8e\x1e=X\xdb\xb7xq-\
O\xe4W|0\x0f\x01\xa0;\x12\x89p8\x13e\x00\
\xf9\xb2\xd9\x111\xda\xd7\xfc\xb94\x8cK=\xdf\xff\xca\
\xbe\xae\x07?\x7f\xbe\xebW\xf4{\xfb\xae\xd5\xeb \xc1\
s\xfd\x90\x1f\x03P\xc6\xa5\x1c\xc4\x10k\xff+\x08W\
\x00\xf4w{\xb7o\xfdc\x00hM&\x8d\x03\xa9\x94\
:\xeb;\xcf\xf4\xf3x\xae\x8a\xe6\xe6\x01x\xad\x8c#\
lL\xc2\xe8`\xa2\xcb\xc0\xd8\xbc\xb7k\xeb\x17\xc7\xfc\
\x16\x03\xfa\xac\xc6zZ\xfc\x00/A\xa0\xf9\x80~x\
\xcf\xf6\x87\xfeW\xa1!N\x1a\x8b\x17\x9f\xf6C1@\
\xe1\xe9\xf03\xa4\xb9\x8a\x99/\xd1\xa0\x1d\xfb\xb6o\xdd\
4\xd6Q,^\xbc\xf8\x0c\xbf\xfd\xfb!\x0e,\x86N\
\xa7R\x87\xefZ\xbd\x8e\xca\xed\xb7q\xe3FN\xa5R\
,\x88\xda\x00n\x12d\xec\xdd\xbd}\xf3\xc3c\x1dE\
KK\x0b\x9f\xe1\x07\x88]\xa9\xd4\x10\x80{\x97\xae^\
?\x97\xb4\xbe$gD\xe7\x16\xfdJNj\xe3FF\
*\xc5!i\xfc.1\x1a!\xe8\x9b{\x1e\xdd\xb2s\
B\xbf\xfd\x10OlK\x0d\x03\xf8\xfc\x92{\xd6X\xd5\
\xd55kFF\x86>\x05\xe0g\xdd\xdd\xd7\x8a\xd27\
-\x85\xfb\xabL\xf110\xcf\x16\xc0\x93\xbb\xb7?\xf8\
\xf5\x89\xfd\xf6\x8b\xe2\xc0\xd1\x1f/i_c\x99\xa1\xd0\
\x06\xd7u\xfe\x07@\x9f\x00\x92\x84\xf2\x08\xb2o\x8a\x8f\
\x90\xe68A\xfc`\xf7c[\xbesz\xc6a\xdf>\
=\xf6G\x8c\xf9\x15\x07f\xbe\xb8\xb4}\xad\x05\xc2\x1f\
\xb1\xc4\x9f\x03X^\x9e\xa2&\xc5\x8ft\xe9\x16\xc9T\
\xc3\x84\x9f\xec}\xec\xc1\xef\x8f\x1f\x1c\x1c\xfb\x99d2\
I\xdd\xdd\xdd\xb4s\xe7\xce,\x80\xff\xb5\xf4\x9e5!\
\x00\x9f'\xa5\xff\x10\xc0\xef\x97\xb1\xe8\x0a\xb3\x85\x1b\xa0\
U\xb5\x94\xfc\xf4\xeem\x9d?\x1d?83\xee\xa7`\
\xb7\xb5\x89ta\xe0h\xd3\xd2{\xd7\x85\xc0z\x8d\xf0\
\xd0\x01\xe0\x81r\x16\x85\xf1L\x7f\x11\x81\xc2\xa4\xf8\xc5\
=]\x9d\xcf\x9e\xd3\x0f\x0c\xdbn\x13\xc5\x81\xa3\x87\x97\
\xb6\xaf\xb1\x98\xf4\xbd\xca\xa4\xdf\x07\xf0'\xe5\xf4\x0bU\
\xab\x05.\xc3r\x98_\xfb\xc6c\x9d\xaf\x9c\xe57\x16\
+\xc0\xb6mQ\x1c8\xdaY\xb8\xbf\xbc\xdc\x08\x85V\
\x01\xf8\xefe\xf2c\x00\x10\x91\xdc\x1c\xad\x85a\x18\xc6\
\xdb\x8fo\xdb\xfc\xf6\xb8\xc1\x99\xf1\x83zT\xecC\x1c\
\x00__r\xcf\x1a\x0b\x9a\xee\x0a\x09\xbf\x0d\xc0\xdf\xa5\
6n\x04R\xa9\xf2\x5c\xc0\xea\x81Z-\x0c\xb2\x1c}\
|\xe7c\x0f\xf6Np|\xd4x\xbf\xef,\xbd\xf7~\
\x8b ~[\x9bt'\x80\x87\x88\xcav\x7fi\xfe\xfc\
\x9b-\xc7\x1c\xe0\xb0[\x9d\xd9\xf5\xe8\xa3C\x17\xf0s\
\x01\xfc`i\xfb:\x0b\xd0\x1fe\xdf\xfc\x18\x80\x1d \
\xa2r\x85/w\xae\xbe\xaf\xba\xf7\x8d7\xf2#\xf1\xb8\
\xffLz\x8b\x07l9W\xfcG\x00\xa3\xb3\x93<\x00\
?]\xd2~\xbf\xc5,>\xc4\x96\xfc\x08\x80o\x9cn\
\xed\xcb\xf0\xfc\xa9hn\x9e%\x8c\xb0\xf6\x8d\xf0\x05\x06\
Q(U\x188zn\xe9\xbd\xeb,h}\xb3\xce\xe9\
[\x01<Y\xbe\xd8j\xc2\xfc\xed\x9c~\x07\x0e\x1c\xf0\
q\xe0\xc0+K\xef^\x1b\xd2\xc4\xd7\x0bW\xdc\x00\xe0\
\xdf\xa6\xc1\xef\xbc\xf1\xfd\x92U\x9f\xb1\x88\xe5U\x88\xf0\
\x22\x00\xcf\x94c\x09t!;_\xb7\xae\x9ar\xfc>\
\xa5)w\xdde\x0d/\x17o\xf0\x85\x92\x09\xb2m[\
\xc8\xaa\xd97\x08\x93feU\xe8\xd9ov}\xe5T\
\x89\x93\x10\x02\xc0\x89D\xc2\x1c\xf2\xc5u\x8aM\xa7e\
A\xdd+\x93\xf4C2\x99\x14\xaf\xbe}\xfc\x0a\x05\x8e\
q\xc4x\xb5\x18\xd8\x94\xccoloN\xdb\xdd\xeb>\
R\x15\xb6\x0e8\x8e\xf3\xd8\xde\xed[\xda\xcf\xea8\xce\
;;\xb1r\xe5\xfdM\xbeDD\xe7\xa3\xc7~\xd5\x8d\
\xdf\x13\xf9-\xb9g\xedm\x82\xe8\xfb\x9a\xf9\xc5*\xce\
}\xb8\xd8\x81M\xe6:\xd0\xea\xd5\xab\xab\xf3\x86a\xc5\
\x80\xc1R/%?\xbd\xef\xf7\xdeu\xb7B\xf3w@\
x^e\xab~\xbb\xa5\xa5\xc6\xb9\xc0\xac3\x8d\x0d<\
\x84\x9a\x9a\xa2\xee\xf1\xe3\xd9b \xab\xcb\xb2\xf4\xb4}\
\xedM\x8a\x90&\xe0%\x8bs\xf6\xc2\x85\x0b\xdd\xc9\xf8\
%\x93I\xf1\xe2[}\xef3%\xaa\xa5+_.\xf5\
R\x93\xd3\xfb\xba\xdb\xd7}@\x90~\x94@\xaf\xf4p\
\xee\xde\xc5S\xf4\x93\x82#\x1c\xa1\x97K\xfd~\x8c\xf9\
\xb5\xad^s\x1d)|\x8d@\xaf\x9d\xaa1>{k\
]\x9d7\x93\xfc\x96\xacZ\xfb>\x12\xf8+&\xbc5\
x\xdc\xf8o\xb7\xde:\xb3\xfc\x96\xdd\xf3\xb9\xab\x18\xee\
\x9f1\xd3a\x9d\xeb\xffRz\xdf>/\xb9\xf1\xbc\xb3\
\x91\xa7\x83UY\xdbp\x8d\xf6\xcb\xeb\xb7|\xf9\xda\xcb\
U\x88?\x0f\xd0;\xb5!\xf5w\x9d\x9d\x0f\xf9\xe7\x9b\
-==\xab\x9dH\xd4H\xd7\xfc\xa4b\xfe\xa5#G\
\xdf(\xae\xa8(\x99\xdf\xd8\xbeU{Ub\x81\x10\xf2\
\xf7\x09|\xbc\xc6\xd2\x9d\x9d\x9d\x9d\xfe\xf9f\x83\xc6*\
f>\xd3\xd3S\x15u\xe5\x8fL\xd3\xfc\x80\xef9\x1f\
\xdf\xb3\xfd\xa1\xef\x95v?fav\xd5\xbe\xfb\xfeK\
\x04\xc42\x12\xdc\xb7\xe8\xd29\xbbR\xa9\x94:\xdfl\
\xcb\x98_w\xf7\x90%#\xa3\xdf\x05\xd1M\x9a\xd5\xc7\
\xf6u=\xf4\xe3\x12\xef\x17\x1d\xb7\xf4\xd9\xfc]02\
\xc7\x0e\xcd\xf9\xe6\x81\x03)u\xbe\xd9\x96\xb3\xfc\xbe\xce\
\xc0\x07I\xd0'\xf6<\xba\xe5\xa9r\xf8\xadZ\xb5~\
\xb6G\xfeG\xb5\xa0A\xce\x9e\xfc\x97t:\xad\xcf\xb7\
\xdaa\xcc\xef\xd0\xa1C!\x87\x22\x8f\x01\xb8A0V\
<\xde\xb5\xf5\x99\x12/\xe5%\x00\xfc\x89\xf6\x07fU\
\xb1{\x0b\x93\xcern\xe0gS\xf1\x1bEx\x0b\x01\
\xd7)\x88D\xbak\xcbs\xe5\xf0\xb3\xd7\xad\xab\x96y\
\x5c\x0b\xc5\xf9E\x975\xbex\xa1\xf8j\xcc\xef\xa9\x81\
\x01\xb3v\xd8\xfb\x1b\x10]\xc3\xc4\x7f\xb0o\xdb\x83/\
\x96c)t{{\xb2\xca\xc5\xc9\x85$\x94\xfb\xf8\xb6\
-o\x15\xdf\x8b\x09\xfd\xb8X\xad\xba\xadm\xa3)\x22\
'6\x02t\x154\xfeb\xef\x8e\xad/\x97\xc3/\x91\
H\x98}Y\xd4GcB\xed|\xf0\xc1\xbe\xc9\xc4}\
\x04\xc0nk3Et\xf6\x7f%\xe0r\x02\xffu9\
\x97\xe2\xb7\xb7\xb7W\x9d\xb4,1\xb9\xed:\x5c\xdc\xd2\
w\xbf1\xe4\xc85\x00/\x14\x826\x97a)\xfe\x19\
\xcf\x9f\xf2\xfd\x9e\xf4\xbb\x93G\x93\xd9rh\x9c\xf2\xe4\
J\x09\xcc\xf7}\xb5=\xbd\xa3\xf3p\x89\x8b\x9e\x9d\x91\
\x1f1\xe9l\xcb\x82\xa6W&\xf1\xf7Sq\x02B^\
\xf2v\xef\xa7\x140Wk\xfd\xf7\xe9\xc7\x1ez\xa7\xc4\
K\xf1/6\x7f;\x1d\x1f\x88\xf0\xec\x8f\x81x\x0e\x19\
\xfe\xff)\xc3R\xf7_9\xbf\x14\xd1\xd9\xb7\x09\xa6\xd9\
\x86\x16\xff\xb6c\xc7\xe6\x93\x93\xf5\x9b\xd2H\xba\x1a\xc5\
l\x02L!e\xefd\x93K\x00H\xa7\xd3Jj\xbf\
\xcf\xd7\xa8\x0e\x89\xd1\xb9\xe5\x1a\x9d\x1ct\xe8C\x801\
\x17@\xdf\x14\xfc(\x95Ji\xe9\xd3 AD\xad!\
\xd1\x80\xd2\xaf\xd9\x18;O\xa1M\x0a\x01b\xfd<\x00\
\xec/\x5c\xff\x0b\xfa\x11\x11\x8f\x18\xe1\xbc\x16\x88 \xe2\
\xd4\x96\xbe4y\xd1\x8f\xf9SB\x08\x0b\xac\xb7vu\
u\x8d\xb6\xb6&\x8dI>\xe4\xdck\x18Jh\xab\xea\
\x84\x13\x8e\x96\xfe\xce\xdac=\xc2\xef0q\x04\x84G\
\xd2\xe9/\xe7\xf7\xef\xc7\x85\x1aY\x1e{\xfevm\xda\
4\x0c4\x84\x07\x06\x06\xccR\xdbuww\x13\x00(\
\xe2\x8f\x03\xa8\x02\xd1\x8e\xae\xae\xae\xd1\xee\xeen\x9a\x84\
\x1f\xa5R)-\xa4\xec\xd5\xcc:G^U\xb9\xfc\xa4\
\xc0o\x10\x84\x05\xad\xf7\x1d\xb8\x08?)\x84\x01\xdf\xaf\
+\x97\x1f\xf9\xf8\xcf\x00B\x0a\xf8\xc7'7mr.\
\xce\xcf\xa8+W\xfb\x02A\xb7\x82\x10b\x85\x7fz\xf2\
\xc9\x99\xe7\xa7\xe1}\x10L\x06\xb3\xfa^:\x9dv\xed\
\xb6\xb6I\xbf\x1fJ\x95\xdfO\x85\xf4\xf5\xc4d0\xf3\
\x81\xce\xceN\xefBK\x85\xc7\xfe\xbftg\xe7\xe0I\
\x7f\xf0\xef\x05q\xc42\xaa\xe3(\xfd\xec9\x15n\xaf\
\xbc\x86\x00\xa1I\xfe\xb4\xe0\x97\xbc\xa0\xdf~@|\xbb\
\xb33G\xcc\x8f\x18\x86\x99\x07\xc4\xcd\xe3\xdb\xfc\xd2\x0c\
 \x14\xfd\x04].\x88I\xfbx&\x95J\xf9\xc9d\
\xf2\xbcA\xdc\x98_:\xfd\xe5<\xb1x,\x142#\
\xc4\xa2\xad\xd4~\xcc\x05\x05\xadB\x0b\x98\x99\xb4\x96/\
\x1c8P\xf4\xc3\x05\xfc\xf6\x17\xfd\x04\xf6\x10a\x0e\xb3\
\xbe\xeb\x8c6\xbft\x93\x0bpL\xd5\x0c)51\x1f\
,$\xd7|\xde\xa5\xfe\x05\xbf\xfd\xa2\xab\xabk\x94\x98\
\xbf\x01\xf0\x1c\x9f\xf8\xce\xf1mV)\xa9\xe2\xfcl)\
\xa1\x854\xde\x1a\x97\xfc\x9f\xd7\xaf\xbb\xbb\x9b\xba\xba\xba\
F%\xd1\xb7A\xd4 \xa0o/\x97\x1fFT-\xc8\
W\xe4\xa9c\x93\x89\xaf\xc6\xfc\x9e\xdc\xb4\xc9\x01\xe1\x9f\
\xc1\xdc@\x9a>Z\x06?\x02\x80\x9c1\x14\xf1\x95\xf6\
\xc95\xfa/\x94\xfc\x16\x03+nkk\x13\xe9t\xca\
\x05\xd3~\x22\xaeg\xd2\x1f)\xd7\xf5\xcbD\xa3FU\
\x14\x9e\xcc\xe7\x87&\x13W\x11\x11\xdbmm\x22\x9dN\
\xbb`\xfe\x09\x83\xea\xa0\xc5\xaf\xa3\x8c{\x93\x01\xe0\xa6\
\xe6\xe6\xd1\xc9\xaexK&7Rgg\xa7\xc7\x84g\
\x98\x10W\x8c\x9b\xca\xd6\xff\xfaF\x1d\x11\x09\x08\xc3\x9d\
d\x0c\xcc\xc9d\x92:;;=A\xe2\x05\xady\x16\
I\xf9~\x00H\x16\xdb\xfcR\xfbI!\x0c 4>\
\xff\xb8\xa0\xdf\x81T\xca\xd7\x1a\x07\xc1\xa8%)\xde7\
\xbe\xcd/\x87\xdf\x14\xf27N&\x93\x94N\xa7\x95 \
\xfd\x16A\xc4\xb4o\x5c9\xb6\x8ag\x06\xf8\x01\xcc\x85\
\xfc\x92\xe8\x1d\x0d\x8e)\xa1\x17\x8e\xfd\xfb\xa4B\xba)\
\xf4 $\xa1\xabHp\x1e\xb3\x8c\x8b\xd8G\x19\x1e\x92\
\x00\x84Fc\xf1,\xac\x92\x8d\x1e03\xda\xdb\xdb\xab\
\x88\xe8!\x09\xec\x12R\xc7\xa7~\x93\xa2Y\xd6\x82|\
\xe2\xd9@R\x94\xd2/\xdd\xd6\xa6;::,\x08\xfc\
\xa7|>\x97\x07\x8b'\x01`10\xe9\x11\xb2Y8\
5\x0a\xd6\xd2\x80?v\x0ej\xe9\xfc\xd2E?\xa2\x1b\
\x95\xef\xf7\x19\x22\xf4S\x00\xb4x\xf1\xe4\xfd\xc2\x99\x8c\
\xef\x8e\xe6M\xe1g\xab\xb9\xb4\xe7&R:\xdd\xa6\xed\
d2\x04\xc6\x0d`:BZ==U?\xdb\xde'\
Pc\x85\x0e\x0f\x0d\x85K\xbc\x02\x8b\xd2\xe9\xb4\xb6m\
;D\xa0\x16@\x1f#V\xcf\x02\xa0\x96\x96\x16\x9el\
t\xd6\xb2\xa0\xee$_\xda\xf8K\xc39y\xb2\xc4{\
0O\xfb\xb1\xe6E\xcc\xdc\xc3\xe0\xe7\xa7\xe0W|\x00\
\x8d\x11\xa5\xb5O\xbe\xa8)\xfd\xf3\x97\xd6\x89D\xc2\x14\
\x82\xae\x00\xd1q\x01\xfd\xd2\xc5\xf81\xe0\xe9Q?V\
j\xbfT*\xa5\x0b\xe7\x1f\xf2B\x80O\x90\xc4\xc1\x99\
\xe6W<\xffp>\xc0}\xc20_\x9fq~\xadI\
\x83X4\x83\xb8\x8f!\x0e\x8d-\xdb\x9e\xecg\xcc\xaa\
\xa9\xa12\xf9\xa1P\xf5~\x9f$\x89F\x80\x07\x98\xc4\
\x91\xd3\xcb\xb6/@qk\x03\x8dj\xb9'\x9b\x1f\xf9\
\xa4\x12\xfc\x8dd2)\xd2mm\xaa\xb4~\xb6\x14L\
\xb3\x15#\xc3V\xf8X\xf1\xdf/\xe8W\xecc\x88\xa1\
\x7f\xee\xfb\xbe\x82\xe0\x8f\xb6\xb7\xb7W\xa5\xdb\xdat\xa9\
\x06Q\x89\x88m\xdb\x96\x06\xa1\x96I\x9c\x1a\x15#\xbd\
\x93\xf6[\x5c\xf4S\xf4\x0c\x80Ab|\xb8\xa3\xa3\xc3\
J\xa7K\xe7W\x08\xd4\x93\x02\x0a\xd5\xacx(/\xbd\
\x93\x93\x1dC^\xbcxq\xd1C?\x07\xc6\xb0`\xba\
\xb5\xe0\x97.\xa1_a\x95\x08\x1b\x22\xacA\xc35\x86\
wj\xb2\xbfX|\xc7I)\xf1\x22\x18#Dt\xb3\
\x9dL\x86J\xed\x070\x09\x82I\x0a#\xf5\xf5\xd6\xf0\
d\xfb\xa81?(\xfd2\x81\xb2 \xdch\xdb\xe5\xf0\
\x03\x0c\x99\x1524\x9a\x8bF\x9d\xfcT\xfd\xb4\xf6^\
\x03S\x8e\x84\xb8\xde\xb6\xedR\xfb\x01\x00\x86}_\x0f\
\x03\xb9\xb1\x95aS\xb8\xbf\xd0\x9a\xdfD\xa1\x8azK\
\x22\x910'\x99`Mi\x95\x8e\x0c;\x97\xe7\x10\xbd\
\xe6\xa9\x8b\x98$\xb0\xb4~\x1b\x80C\xe0Ee\xf0\xe3\
d2)\xf4\xa8\x1fc\xc0C\x9d58\xe5\xc1W\xc5\
GA\xf0\x04\xf3\x15\xc9d\xd2(\xab\xdf\x14\xf2\xa3\xb1\
>\xc6\xd1|\x1c\xc4>\x98\x17\xb6\xce$\xbfb\x1bn\
h\xb3\x0f`\x0d\xd0|\xdb\xde'K\xbc\xfa\xe0\xa2\xfd\
\xc6V\xb3\x9b:4@\x82X\x09n\xb6m[Nv\
v_Las\xbc\x04\x8b\x06\xd6\xa8\xee\xfd\xc5/\xbc\
)\x04\xe9\x0c\x00c\x8d\x12I\xaa\x89\xc7\xe3\xa2\xb4\xdb\
\xa3\x88O\x01U\x00\xcd\xf2\xb5\xef\x8dz\x93\xef\x80\xc7\
\xfc\x8e\x1c\xa9v\x0ae\xdeu\xac5\x89R\xef1\xe3\
\xe3\xc7\x9d*\x02f3\xe3h\xc4\x88\x1e\x9e\xaa_.\
\x97\xf3\x88,A\x90\xd12\x8cN\xf2\xc0\xc0\x80\xc5\xe0\
\xd9L\xe2\xb0\x1bV\x87\x01\xf0$\xfd\xc6\x1aj\x1f\x08\
\xc9*S\x867\x96~t\x8d\x9d#G,\x80\xe3\xc4\
xG\xd6\xc7\x8eL\xd5/\xbd\xcf\xd6\x12C\xe6,D\
\xab\x90\xfc\x0bQ\xfa\xfd\x0b\x0d!\x00\xb5\x00\xde\x89\x85\
\x9a\xde\x99\xaa_*\x95\xd2\xe8\x1e\x92\xf1x\xdc*\xc3\
\x1e)\xb6,\xcb\x04\xa1\x06\x84\x9e\xda*\xf4L\xc1\xaf\
\xf03G\x8f\xba\x10\x9cg-\xa9\x1c\xcf\xdf1\xc0\xd4\
\x8cjb\x1c\xd7u\x91\x13\x17\xe3\xa7\x99<A0\xcb\
2z\x9f\x89\x1a\x04\x8e\x92Fo\x157\xf6]\x8c\x9f\
R\xec\x97\xcb\xaf\xb1\xbb\xdb\x04s\x18\x84~K\x8d\x0c\
\xcc4\xbf\xf0\x0d\x03\xb2p\x04\x8e89\x5c#3\xc5\
v{\xb2\xc1-\xa3\xaf/\xcfe\xbc\xbf\xc0K\x12\xcc\
!\xcd4\x80\x91\xba\xc1\xd35\x07&\xe9\xf7\x8f;6\
\x0f\x90O=\xdaC\xa4\x1c~\xf1x\x5c\xb0 C\x12\
2q\x99\x9dt\x022\xb6\xc5&g8oi\xa5\x8e\
\x01T\x97\xb3,\xab\xd4\xfb\xd0\xe3\xf1\xb8`f\x09\x81\
\xc1\x0f,\x5c82U\xbf\xc8\xa9\xe8a\x803Lt\
\xe9\xf1\xe3NU\xa9\xfd\xf6\xef\xdf/\xa4\x94\xc4\xc4C\
\xd6\xf0pn\xaa~a\xe9\xbf\x03\xa2A\x80\x17\x0c\x0c\
\xa0\xe4\xd7\xaf\xbb\xbb\x9b\x84/\x18\x0a#\x99\xe2i\x0b\
S\xf1\xd31>\x06\xf0\x101\xe6\x0d\xbf\xfezU\xe9\
\x8b\xd8m$\xadY\xfb\x1a\xb9\xba\xe2\xd6\x94)\x04\xd0\
l\xea\xd8q0FH\xe3\x12'v\xc4*G\x11\x9d\
\x90\x13\xf6\xadX,\xd7\xd9\xd9\xe9O\xd5/\x1e\x11'\
\x18\x9cc\xe6\xe6b_^\xf2:\x0d\x0b\x1cG\x873\
\x19\x7f*\xc9\xc3X\x1b\x9e\x0f\xa3\x1fLy\x06\x9ar\
\xb9\x5c\x08eX\x85\xa5\x08\xa6\xd6\x9ab\xc7\x8f\xfbS\
\xf6\xcbG\x06\x88\xe10\xd0\x98\xc9D\x8dr\xf8\x09\x82\
\xa9\x14\xfb8z\xd4\x9d\xe2\xfb\x81\x08\xb2\xa7\x08\xec\x80\
P\xdf\xdd\xddm\xce\x14\xbf\xb1\x04n^\xdc\x1c\x04\xc3\
#\xd0\xec\x85\x87\x0e\xcd\x98\xeb7\xf63\xa3\xa3\xf5\xc3\
\x00)b\xc4\x87\x9b\xfe\xadl~\x9e\xa7\xd4\xc5\xf8\xe5\
r\xc7r\xcc\xacY\x8bZ\x00r\xb2\xdf+&\xbb\xbc\
\xa4q\xd1\xa2\xa8`\xdeG\x8c]\xb5W\x5c\x11\xbe\xa8\
e\xb8\xcc!\xb0(\xf9\xcb\x0b\x00\xa1\x9c\xc5\x0cx\x04\
\x8c\xcc\xce4Ny\xf4}\xf1b@\x13,)8\xb4\
\xa8\xa7\xa7\xe4\x01L(d1\x98]\x228\xc0\xc9\x8b\
L\x13T\x88\xa5\x08\xf5\xf6\xf6\x96\xdc\xef$\x00\xc1\xe4\
\x10k\xe7b\x1f`)`\xb1\x96\xa1\xf2\x04\xa8\x00@\
.\x08\x0eN\x5cD\x07\xbeq#)WZ9\xed\x87\
\x92(\xd3\x12Tf\x17L.\xd0sQ\x7f\x5cd\xae\
\xb6\x1c'\x1c\x02\xcaVf\xc0\x05\xc39v\x11\xbf\x9a\
N\xa7\x15\x0f\x9f|5\x1e\xf2^)\xc7Y\x93\xe1L\
\x94A\xec\x02\xec\xe2\xe8\xc5}\x86\xf2}Q\xb6k\x87\
\xa3\x00\xc1a\xc1N\xa1\xee\xdb\xcc\x22\x12\x890\x88\x5c\
f8555<\x83\xd4x\xdc\x0b\xe2\x02\xec\xc6\x8e\
\xd7q9*M\xff\x8a]04\x0b\x87\x04;@7\
.\xa2N\x81P\x04S\x08Q\xbe\xbf\x89\xb4\x0b\x22\xf7\
b\xae\xff\xe0\x1bo\xe4\x99\xb0B\x13\xb5\xf5\x1e<\x98\
-\xf5\xf5?\xd8\xdc\xccJ\x93+\x18\xce\xfe\xfd\x17\xd1\
\xff\xc4{%\x03\xd5\x04\x98n\xc4)\xfd\x00Qc#\
\x93\xd2.H\xba\x17\xf7\x09\xb3\xc1\x0c\x0bD!\xd7-\
\xbd_KK\x0b\x93P\xae\xd2p\xa6\xb4r\xe3\xcc\x0a\
\x87\x96&\xb6f\x97\xe1\xd1K\x01\x88\x08\xc3\x95!\xe5\
\xa4&\xbfr\xe3]\xe6\x00`X\x00\x97\xad\x7f\xb3\xac\
\xbc\x9b;&\x9c\x8b{\xae\x9b\x01\xe2\x90 \x0a\x95\xeb\
h\x9c\x8ck^C\xb1\xd9W\x17W@N\x89\xb9\x85\
h\xdb\x02\xa1|\xf1\x01\x00i\x18\x177\xb37\xaf0\
\x06\x01\xa6P>\x9e%\xcc8\x16\x824Y\x85gp\
\xde\x8c\xb3\x1b\x1a\x1a\x22\x22X`\x0e\xe5r\xb9\x99t\
\xfd\x08\x00\x86\x9b\x06\x08\xa0\x10\xc4\x19\xefGI=\xb5\
\xd6$\x19\xde\xb8\xda\x07SiA\xc1\x9a,A\xda\x02\
ZP\xca\x04\xb8\x10\x9c;\x8e\x03\xf0\x80\x90rn\xc4\
\xb7.\x1b\xab\x047\xd9\x0b\x98Q\xd1\x98b\xc4I\xb3\
\x9f\xc9dt\xa9oRS\x935J\xcco\x03\x14\xcf\
\xcd\xca.\x98\xaa\xdfs\x87\x0eUC\xa3\x96\x88T9\
\xfc\xea\xea\xe0\x00t\x18\xcc\xb5ye\x5c2U?'\
\x16\x8b\x10S\x8dR\x8a\x8b\xcb\xb2J\xea\x17\xbb\xf2\xca\
Q&\x1c\x05\xa8F\x0c\xd3\xdc\xa9\xfa\xc5\xe3\xf1\xc2\x01\
\xdf\x86\xa6\x8b\xed\xc0\xcf\xf7\x1d\xd6\xf0|\x87\x05\xde\x01\
\xa1\xda\x13\xc3MS\xf0\x03\x00\x0c\x0c\x0c\x98\x86@D\
\x08*V$-u#\xd1\xe7\x12Q\x0f\x81\x22\x99\x9c\
\x9e3U\xbfD\x22a8\xc3\xc3\x11\xd7\xca\x1b\xe5H\
\x0c\x22\x91\x88K\xc0q\x10\x87\xc3y\xd4Ou\x8b@\
2\x99\x14\xf9x\xdc8lYeI2\xe3\xf1\xacO\
@/\x13\xacp8W7U\xbf\xe1\xa6&C\x08\xc1\
\x92\xe1\x95\xe1\xf9CKK\x8b\x07F?\x83\xac\x1c\xa2\
\xb3\xa6\xe0W\x1c\xe2\x9d\x17\x92\x92\x0c]&\xbfC\x0b\
\x17\xfa\x0c>\x09\x82y4\xe3\xd5Na\x1fLE\xfc\
b\xc7\xff\xb3\xcf\x84\x0c\xc0\xb2\xaa\xaa?6\x85\x0e\xb4\
\x22~\x00\x14\x09=HD\x22\x12\x99\x1b\xb9\x18?\xd3\
\x94\xb2\x5c~\x99LF\xb3\xe2!\x00\xc8f\xad\xf0T\
\xfd\x1a?\xf8A\x93\x04F@\xba\xef\xc0\x81\x03%\x1f\
\xc0:\x90\x82\x16,\x86\x95\x22\x9e?\x7f\xc4\x9a\xac\xdf\
\xd8;TeV7\x1a\xc20\x01>5\x0b\x18-\xf1\
6\x1a\xb4\xb4\xb40Ce\x99\x1d\x1d\x89D\xcc\xa9\xfa\
\xe5\xfc\xec\x02\x22\xccc\xe0dS\x935Z\xea\xe0o\
\xe3\xc6\x8d<\xea\xa9<\xe0\xaa\xee\xeenc\x0a\xed2\
\x01\xa0P^. \xd6\x0b\x08t\xb2\xae\xae\xce)\xf9\
*\xa2\xd4\x17\xf5)dG\x15j<\xbb--\xa6\xea\
\xa7\xfa\x87\xe73\xe1\x12\x802\xd6\xfc\xf9N9V9\
e2\x19\x07-5j\xac\xf8\xd6T\xfc\x86\xdd\xe3\x97\
\x00\xb8\x04\xc0 \xd0\xe7\x96\xda\xaf8\xc0\xc1\xd0\x14\xc6\
\xbcy\xa1)>\x7f48\x8af0\x9a\xc1\x18r\x1c\
\xc7+\x87\x9ffx\x82\xd8\xbc\x18?1\x90\x9b\xc3\x84\
&A\x18\x99\x0b\x94\xcdOJ2.\xc6o\x94z\x1b\
X\xa0\x91A\xd9x<\xeb\x97c\x00\xebW\xf1sd\
u\x1d\x18\xf5 \xca\xf7\xb6\xb4x\xe5\xf2#b\x13\x0d\
\x0d\xe1\xa2\x1bM\xb6\xbeClH\xc5Az61\x9c\
\xfc\xf3u\xaa\x1c~\xc2D\x8e\x0dn\xfe\xe4\xaa\xf5u\
\x93\xf5\xc3X?Q=P+\x88\xeb\x0a\x03\xc4\xd7\xaa\
R&\xc0l\xef\xdbW(i\xaf\xe9_\x0d\xc3\x90\x04\
q\x0b\x00\xde?\x89\xdf\x1f\xeb@\xc8\xc9\xcf\x95\x84\xb8\
&>\x99N\xa7\xa7\xd4H]\xf8x\xa1}b\xd3\xa6\
M\x0e\x13~\x04\xa0\x96$\xdf\x04\x80\xf7\xef\x9f\xbc_\
\x95\xaen$\xd6\xb3|\xc6`:\x9dV%\xec\x80\xd9\
\xb6m\xb1i\xd3&G\x13?\x05B\x0c\x10\x1f(\xf8\
\xed\x17\x93\x9d@\x09+s6I\xaa\x81\xc4Ha\x09\
Mi\xfd\xd2\xa9\x94\xcb\xccO\x83P-\xa5\xbe\x0e\x00\
Oe&w\xc87g\x09p\x8c|\x9d/\xf5\xfe\x05\
\xdb\xb6\x8b\x85*\xf0,\x83\xa3(\x14\x0a\x98\xac\x1f\x01\
@\x7f\xbf\x13c\x89j\xcd\xf0\x8a\x85YJ\xec\x97v\
Y\xeb\x17@\x1c\x11\xc2\xbcj\xaa~\xd9\xac\x15Vn\
U\xc4WQ]\xe2\xd15N&\x93\xa2\xb3\xb3\xd3#\
F7@UB\xd0\xe5\xc0\xd4\x0a}\x1c:t(\x14\
\x03\x221\xc3\x10\xe58\xbe\xac\xb3\xb3\xd3c\xd0A\x00\
\x96#\xc4\xa5S\xfd\x90[\xeb\xea\xbc\x08\xb2\xaf\xa8\xbc\
\xf5f9\xf6\xa7\xa4R)_\x13\xbd\x01\x86)%M\
}\x08y\xc0\xa9%\xc0\x14U\xc6p9\xf6\xf7\x1cH\
\xa5|\x10\x1d\x02\x93a\x09j\x9ar\xa1\x8fS~u\
\x99\xfc\x90L&E:\xdd\xa6\x00>\x02\x90\xf0\x85\xd7\
0\xe5\x1a\x0de\xf4\x033\x15\x0a5R\x0fk&O\
\xb8uS)\xa4Qv\xbf\xe2\x91\x0fZ\xa0\xb7\xd0\xb3\
\xe7k\xa6\xfc\x09\xa7\xfcj\xd6\x14V\x10\xa3\xe3\x8f\xab\
)\xdd\x00`J\x1bL'Ih\x06\xb2\xd1\xa9.\xa1\
\xd4Jd\x14\xb0\x82\x99\xef\xef\xea\xea\x1a-.\x8f/\
\xe9>t\x1f\xc6)\x90P\xa70k\xd2\x85\x06O\xc7\
8\xa4o\x0f\x87#ah\xfc\xfb\xa6M\x9b\x1c{\xdf\
\xbe\x92\xeeC'\x22\xd6Ft$T\x15\xf6\xf2\xf1\xb8\
1\xf9\xa5\xdd\x85B\x9a\xbev\x7f]\x1aF\x03\x98\x9f\
\xdd\xb4i\x93c\xdb\xa5\xf5\x03\x18\x0bjj\xf2\x18r\
\xdc\xe2\xfe\xec)\xf9\xb1\x907\x83x>\x08\xcf\xa7S\
)\xb7\xc4~\x04\x00\xbe5{6\xbd\xdd\xfb\xfe\xee\xc3\
\x03\xb3'\xdb\x87\x16\xfb@f\x927\x02b.\x83\xbb\
\xd3\xe9\xb4k\xdbv\xc9\xeb \xb0\xa1\x87\xa4\x10\x06N\
\xf9\xd5\x98Z\x81H&\xd0\x0dD\xd4L\x82\x0e\x96\xcb\
OT\x19\xc3\x04\x98\x17\xe3\xa7!\xae\x05s\x93\xd6\xfc\
F\xe1\xe8\xce\x99\xe5\xc7\x0a\x8b\x00\x9a\x03\xd0\xa1b\x81\
\xc3\x99u\xfd|\xefJ\x80\x1a\x00\x1c9P(pX\
6\xbfSCC<\xd9\xcf\x1e\xdb\xceH\xd0\x0b\xc1\xd4\
\xc0\xa4{\x8a\x05\x0eK\xe6g\xef+\xec)\x96\x9a\xee\
\x8a\x86\xab\xff\xb1J\xa8\xa5\x00\xb85\x99\x94\x93Y\xd9\
Y\xa8\xf2\xa0\xe7\x03T\xc7\x0a\xbd\xe9t\xdb\xa4\xf3K\
1\xc9\xf5\x8f\xc5%6z\x9f\xebz9&}\xb7m\
o\x08/\x06\xf4y\xbf\x88\x99R\xa9\x14'\x93IC\
\x18\xb8I3qa3?P\xdaY\xb8t\xb1\x13\x11\
\xdf`\xc6\x09\xd6Xj\xdb\x1b\xc2\x8b\x17_\xc0\x0f\x05\
\xbf\xd6\xd6\xa4!\x84\xba\x9e\x88XH\xf7\xf0\x14\xf6\xa7\
M\xa9\x90\x81\xc1\xf4\x04@'\x98\xe8\xae\xf6\xf6\xf6\xaa\
\xc5\x8b\x17_\xc0\x0f\x04\x10l\xdb\x96L\xb4\x08J\x09\
\xcb\x93=\xa5^}p\xba\xd0\x02\xc4\x93`\xeeS\xcc\
w\xb4\xb7\xb7W\xb5\xb4\xb4\xf0\x85\xfd\x0a\xcb{\xb4\xf2\
/S\x0ab\x94\xc2'\x81\xd2\x8f\x0e\x01\x00\x0b\xfeW\
\x10\xf5\x81\xf1\xb1\xdb;:\xacI\xfa\x15\x0a\x8c\x98r\
.\xd8\x90\xa8\x96\x83\xe5\xf2#\x16?d\xa6~\x10/\
\xb6\xeddh\xdf\xbe}\xfa\x02\x03)\x85*w\xcc\xc4\
!\xbf\xde\x90\xc2\x88\xf85\xb9\xb2-\x0f\x15\xfa\xa7\x04\
\x1e\x00\xd1m\xb6m\x87\xd2\x17\xf6;\xed\xa9\xc2\xe1\x9a\
\xd1,\xccx\xb6\xf4\xa3\xa7cH\xc23\xc4\xc8\x10\xe3\
\xa6B!\x8d\x8d<\xd9\x81\x9egzz\xaa\x0aM\xd5\
\x97\xf3e9\xc3\x16\x00+\xf5K!\xe8\x94f}}\
\xb1\xd0\xc7d\x12\x89b\x89\x5c?\xc4\xcc\x1a\x86?P\
r\xbf\xd4\x98\x9f~\x19\x84A!\xb0\xa8XH\x83'\
Y\x89R\x00n\x83\xd2\xda/\x8f_!\xc9\x11\x86\xff\
:C\x0fk\x16\x97\xd9\xb6-'\xe1w\xfa\xfd\xd5J\
5\x96\xcbol\x1f\x96\xd4\xe2\x90\x00\x0d+\xe6K\x8a\
\x854&u|C\xd9\xfd\x8a\xb8\xba\xea\x98!0\xa2\
\x84\xd10\xc9e\x94g\xf81\xe0\xc9*\x9c,\x97\x9f\
S\xa3\xfb\x18:\xab\x0c\xae\x9dd\x80D\xef>\x7fh\
\x00\xfcc\xb5\x16\xff\x18\xe5Z\x86\x9f\xb3\x06\x85F\xae\
\xda\xcf\x87\x8b\xed\xde\x05\xfd\xc6\x0aU2\x89\x1b\x94\xd6\
`\xd0\xbe\xf11Q)\x99c\xe5\xb3Z8\xa3\x8d\xbe\
/';\xbb\x7f\xe0@\xcaooo\xaf\x02\x89\xb5Z\
k\x87\x89\xfea|LTJ\x0a{\x7f\xfb\xf2+:\
:b\xe3\x9e?:\xdf\xc0\xd7\xe2\xc5\xd0\xb6\xbd!\x0c\
\xc6}\xc4\x94\x03\xd1?\x95\xcb/\xc2\xe6\xa8 \x12Z\
\xa9\xc6q\xcf\xdfy\xfdZZZ\xb8\xbd\xbd\xbd\x0a\xcc\
\xab\x00\x8cJ\xa6\xef\x8e\xef\xd3K\x8aa\x0c(\xad\xfd\
\xa9\xfa\xb5\xb6\xb7WA\x886\x86v\x94\xc6\x0f\xca\xe7\
\xe7_\x94\xdf\xed\x1d\x1d\x96\x04>\x09\xc0e\xa3pN\
\xec\x8c\xf2\xbb\xbd\xc3\x22\x89\xdf\x01\xc3\x85\xe6\xa7\xca\xd5\
\xfe\x8d\xf9I\xa9\x1a'\xfb~\xa4\xf7\xed+\x14P%\
\xf9[ \xf6\x05\xcc_\x94\xad}\xf6G2\x9a)7\
\xdb\xa8\xfd=;\x91\xa8\x1d\x7fT\xd9\xc4\xc7\x10n\xe4\
D\x22a\x12Q+\x13\xfb\xd2\x15/\x94\x5c\xect[\
\xaa\x9f\xf6}/\xccD\xf7\xdd\x91HD.\x94_\x8e\
\x1d\x93\x98H$L\xc1\xea\xd7\x19\xd0\x9a\xd5+S)\
\xb0)&\xbb\xff/\x99L\x8a}]\x0f\xfd\x98\xc1\xdf\
\x04\xe16\x19\x19\xfd\xb3T*\xa5\x0b\x15>[\x8d\xa2\
ha\xda\x9a\x99\xc6U\xe2\xe2W\xdf\xee\xfb\x18\x98\xae\
&I\x87\x0ag\x5c\xa1\x94g\x5c\x9d\xf6\xdb\xf3\xe8\x96\
\xa7H\xe0[L|\x8b\x8c\xe6\xbf0\xe6g\xdb\xb6<\
\xc3\x0fL\x85\xff.\xf85_v\xe2#\x00.\x07\xf8\
X\x19\xce\xb8B*\x95\xd2\xc9dR<\xde\xb5\xf5\x19\
\xd6\xf8.\xc07:\x22\xba~\xbc_q*\xff\xf4\xff\
\xc6\xbd\xe0l\xc4\xe2\xb7\x08\xe6\x05$\xc5\x89\xa9\x9cq\
5U\xbft\xd7\x96\xe7H\x88\x7f\x01\xf1\x0d\x0e\xc2\xf7\
\x9d\xe1\x87\x89\xfdd\xd5\xec\x1b\x88\xc4\x5c\x16\xc8\x94\xe1\
\x8c\xe7\xd3~\xfb\xb6=\xf8\x223\xff\x90\x80\x96Y\xc3\
\xde\x8a3\xfd\xceX21\xde\x0f/\x1c\xea\xb9Z\x09\
=GB\x0d\x97\xfa\x8c\xd3\xd3\x05\xac\x98i\xef\x8e\xad\
/C\xe3\xa7`\xbaZDO\xfc\x1e\x111\x11\xf1\xb8\
go\xfcA\xed\xa7\x1d\x96\xdf\xb7~\x81\xcf\x98\xad\xe1\
\x8dvu\xa5FQ\xfa\x04D\x03L\xbb\xb7?\xf4\x1a\
\x81\xff\x9d\x98.\x93\xd5u\xbf\x83\xf3\xfa\xbd\xfb\xdf+\
W\xaeip<Qc\x84,\xbf\xd4g<\x8f;\xee\
\x86\x1e\x7ft\xeb\x9b\x0c<\x07\xf0\x82!\xc7\xf8h\xe1\
\xfd\xbc\xb0\xdf\x8a\x15\x1d5a\xcf\x8b*U/\xcb\xb0\
\xb4n\xac\x18\x12\xa5wt\x1e\xd6\x8c\x17Icn\xe1\
\xc8\xb5b\x81\xa6w\xdf\x8ds\x9e\xb1~S\x22a\xf6\
\x1e>x,G\xa3\xdd\xe9-\x9b\xb3\xa5\x1f\xe0(\xfa\
=\xf6\xd0;\xc4\xea\xa0fnl>\xdcw\xd3\xbb~\
\xe7\xbf&\xaf\x1c:\xbe\xc0 \xa3\xd6\x87>U|?\
J=\x00\xc3\x00h\xcf#\x8f\x9c\x00\xd1\x1bL\x5c'\
\xc3\xf5\xd7N\xc2\xaf\xf0\xfe\x1e\xe9\x9b/\x98j\xca\xed\
\xb7c\xc7\xe6\x93>p\x84\x98jDU\xed\x15\xe3\xbe\
\x83&\x1c\xbc\xaa\xa0\xdf7\xbb\xberJy8\xae\x05\
GD\xb4~\xee\x85\xceG\xac\xb0\x1f\xd2[\xb6\x8c\xb0\
B?k\x19z\xb5\xa7\xa7n2\xc9\xef\x98\x1f|]\
\xcb\x9e\x9fmnnV\xe5\x1a\x00L\xa7\xbf\x9c\x17\x1e\
\x06]I\xa2\xadm}\xf4\x02{\xd9\xa8XHN\xdb\
\xab\x12\x0b\x84\x14\x9b\xf3\xf9\xdcr\xce\xf7\xfdx,\xe6\
(\xb5_gg\xa7\xe7g\xa2\xd9^\xc3P\x13\xb5%\
\xe3\xff-\x99LRkk\xd2\x18E\xe4\xc1p8r\
\x93\xd2\xea{{\xb7o\xfdIa\xc5E\xc9\xfd\x0a\xb3\
\xe8\xa1x\xa3\x9b\xd5\xd7\xaaX\xc3\xbc\xf1\xcf\xe6D?\
\x9fJ\xa54E\xf2\x7f%\xa4\x5c\x0c\xf0\xf7\xf6<\xba\
\xe5\xa92\xf81\x00\xec\xda\xb5i\xc8e5 \x98j\
^8\xd27\xff<~4Vi7\x95Ji\x87\x22\
I\x00\xbf\x09\xc6\x0f\xcap\xc6\xf3\x19\xef\x87\x0f}\xea\
\x02~\x94L&\xc5x\xbf&D\xfeo\x06Z\x89\xf1\
\xa32\x9c\xf1<)\xbf\xf1\xf1s2\x99\x14\xad\xad\xef\
\xfa\xcd\x1ar\x1f\x00p\x1b\x18O\x95\xe9\x8c\xe7\x89\xfd\
\x8a\xef\xc0{\xfdZO\xfb\xd5\xcc\xf1\x13\xc4|\x0b\x01\
\xbf(\xd3\x19\xcfg\xf8i\x9f#2\xd68g\xac\x7f\
kM\xbe\xd7\xaf8\x00\xacA\xc4F\xb4\xf1n\x80?\
\xc8\x9a_\xd8\xbd\xfd\xab\xafqa\xe2\xb0\xa4~\xb6\xbd\
O>\xb1m\xdb\xb0 \xbd,Z\x1d\xdd.\x5c\xf1?\
\xc7\xda\xb7s]\xbf\xd3~ \x1e\xf2\xe4\x12b\xdc\x00\
\x8d\x97\x1f\x7f|\xeb\x9b(\xb1\xdf\xe9\xfcm\xfbC\xdf\
s]\xe7[\xa6i\xde\x18u\xc4\x7f\x9f(\xbf<\xd3\
\x0f<\xec\x88;\x01\xb4\x10\xf1\xeb\x85\xf3\xa1\x99h\x92\
U\xa0\x8d)/5Q\xf8\x12\x0b\x5c\x03\xc2g\x96\xb5\
\xafu\xa4\x8a\xfc\xed\xce\x9d\x7f\x9b=p\xe0\xc0\x19#\
\xeai@uttX}\x83\xeeo3\xe9\xdb\x18t\
\xc2\xf4\xf4\x0f\x8b\x092@e\xd9\xe7M,\xc5\xdf\xc0\
SW\x01X\xd5\xd6\xbe\xd6\x0d\xa9\xe1\xcd;w\xee\xcc\
\x9e\xfdg\xa4R\xe0\xdb;:\xac\xdaA\xef7\x01\xdc\
\xa4\x88\xfbd\x88\x7f~\xfe6\xbd\x04eLL\xda$\
}\x5c\xce\xac\x97,m_\xeb\x8eX\xea\x91tgg\
\xee\xec\xeb\x91J\xa5\xd8\xb6\x93!\x119~\x9bR\xe2\
z!\xa8\x9f\x9c\xc2\xf15(\x1f$=\xf1\xff\xb2\xe4\
K\x01\xfd\xc9e\xf7\xacq\xfclxWaV\xed\xbd\
~\x89D\xc2\x1c\xf2\xf0A\xd6\xb8\x1a\x8a3\xa66\x0f\
\xa2\xbc\x90\xef\xba;B\xa65\x8f\xc1\xff\xc5\xbew\xad\
\x1b\xd1\xb9\xbf\xef\xea\xea:;i\xe4T*\xc5\xad\xc9\
\xa4\xd1\xfcVo\x0b\x11.U\x9a\x06\xdd<\x0e\x97K\
,\xb9q#\xa5\x00\xb8\xda\xd8g\x99~\x13\x88~c\
Y\xfb\x1a\xa7\xbe\xc6\xfcv*\x95r\xde\xdb`\x12Z\
[[\x8d\xa6\x05\xd7]\xee\xfb^\x930\xaca5l\
\x9c8;8,\xdd*O\x80\x08$<~\xc27\xa8\
\x91 o[v\xcf\xfdN\xe6x\xe8_\xcf\xedW\x98\
\xd9\x17\xd1\xfa\xb9\xbeF\x5cx~V\xe7\x1b\x06\xcbv\
g\x0b\x82D\x86\xf7\xcf\xf0\xcd\xd9 }\xf3\xf2\xd5k\
\x1do\xb8\xff\xc7\xa9T\xca=\x97_2\x99\x14\xdd\x87\
\x0f\xcf\xce;*\x12\xf1\xac\xfc\x91#O;\xe5+\xac\
\xc4\x855&\x8e\xfa![b\x96fq\xbd\xbdj\xbd\
\x13\x0f{Owv\x927\xd1\xd1!\xb6\xbd>\x0a\xf8\
\x12\x8d\x8dnz\xdb\xb6a`[Y_\x10\x11\x91O\
\xa9<b\xd0\xfa\xea\xe5\xed\xeb\x9c\xab\x166\xbc\x98J\
\xa5&\x9a\xb5\xa7d2I\x07\x8f\x1e\xcd\xfb\xbe\xcc\xcb\
\x5c\xe4h\xb9\x9e\xbf1tH?o\xb8\x22\x02\xc2\xa5\
w\xb5\x7f\xd6=y\xe8\x85\xd7\x0f\x1c8\xe0O\xb0/\
\xde\xec\xf7\x8d\xb9!F\x936('G\xca\xef\x87\x1c\
\x1d\xe4([L\xa2i\xf9\xeau\x8e7\xdcwt\x82\
`\x9dm\xdb\x96*\xd60\xaf\x92~\xba\xbe\xea\x10\x0d\
\xe6%\x11\xe2\x9fZ\xb9\xc6\xb9\xe1\x8a9\xfd\x13\x04#\
\xd3\xe27\xdcg\x9dhX@\xc8\x8e\x8cFW\xac\xe8\
pw\xed\xfc\xea\xf0\x04\xd5\xb4\xdf\xe3\xa7GbG&\
}\xfe\xe3Er\xec\xea\xe6S\x97\xbc\xd6\x1b\xf3\xe2\xbe\
L$\x12fq@\xef\xbc~\x92\xd1\xa44F\xd3\x8f\
=\xb4\xbb\xdc\xd7\xaf\xa5\xa5\xc6\x01jP}\xdf\xe7\x1a\
\xd9w\xc2:7pd\xa2\xe7\xaf\xbb\xbb[\xcc[t\
I\x83r1\xcfs\x9c\x01H\xfa\xe32\xc6\x07\x85U\
l\xae1L!\xca\x85\xc0Mw\xad^\x07y\xbe\xf7\
\xa3}]\x93$\xfe\x0b)\xe5Z\xdf\xf7\xdf&\x16_\
\x023a\xe3\xc6r\x15\xeba\x99\x8d\x1c\xa5j/\x12\
\xe2\xf3\xfa\xf1\x81T\xca\xbfs\xf5\xeaXX\x87R`\
^\x0f\xd0Ah\xfc?\x85\xc1\xcci\xf5\x1b\xab\xde\xaf\
\xedu\xeb\xaae\x96\xff\x18\x84\xcf\x80\xf9u\xd6\xfe\xa6\
2\xde\xdf\xf3\xfa\x8d?Q\xe0\xb4\x9f\xbd\xaeZF\xf5\
\xe7\x99\xe9n\x00o\x02fg%\xfd\xecU\x9f\xe3t\
*u\xf8\x00\xa0\xc7\xa7\x1fc~+W~!\xea\x19\
\xb9\xb5`nc\xa2C\xca\xf7v\x94\xd9\x0f\x11?{\
\xcc\x915Q(\xdd\xb5\xec\x9e\xb5G\x85g<\xb0+\
\x95\x1a:p\x8e\x15Qw$\x12\x91jG\xdc\xab\xd9\
\xff$ \x0ek\xd6\xfb\x00Pq\xd91\x97\xb6]y\
\x89\x0bG\xc6\xe2\x1f\xb2##\xab\x0ci\xaeY\xda\xbe\
\xc6\xc9I\xf7\xcf\x9f\xd8\x96\x1a>\xc7\xf5\x83mo\x08\
\xcb\xa8\xb3\x8c\xb5\xfe/ :\xea\xfa\xfe\xb7\x00P1\
\xd6-C\xfb\xc7$\xcc\xf5\x7f\xe2\xbbn\x0b\x11\xd6/\
\xbdg\xad\xa3\x22\xf4\x97\xe9-[F\xc6\xe7\x97c~\
\xed\xed\xedU\xa3\x14\xbeK3\xfd\x06\x11z\xa4\xa7\xfe\
\xb9\xf87N:\xbd\xa4\xa9\xee\xe5J\xa5Rz\xe9\xdd\
\xeb\xae\x05\xe9N&ZH\xd0?\x04\xc9\xaf\x13\xab_\
J\xbf\xfa\xd8\x09\x9c@\x9d\x8c6\x00\xf2\x0ab\xbe\x05\
\x84\xcb\x19|\x98\xa4|d\xcf\xb6\xcd\xc7\xca\xd9y\x8c\
\xf9-kO\x5c\xc3\x90\xff\x9b\x81\xf9\x00~B\xcc\xdf\
\x12\x92^\xac6\xd5\xf1c\xc7\x80h\xbd\x9c\x0d\xf0B\
b\xfa\x00\xc0\x0b\x88\xe8(KwO9f\x7f\xcf\xe9\
w\xcf\xfdWi\x88\xbf$\xe6K\x98\xe8\xe7\xc4\xf4]\
!\xf1\xf2\x90\xe1\xf7\x853\x19\x96\xb1\xc68\x91?\x0f\
Z\x5c\x0b\x8d\xb9L\xdcC!\xfd\xc4\xee\xce\xce\xfeJ\
\xf8-\xbfw\xed\xe5J\xeb?%\x88&\x06~!%\
\xbe\xaf4^\xd7\xd9\xaa\xfe\xde\xc8\x007\x1b\xb5\xb5\xc2\
\xf7\x9b\x15\xf1U\xc4\xdc\xc8D\xbd2\x8c\x7fy|\xeb\
\xd6LE\xfcV\xaf\xbb\xd4Wz\x83\x0050\xe1y\
\xc9\xf2GZ\xf2[=jd |\xa2\x86\xe3\x0b\xcc\
\x98\xefe\x1b\x85\xa2K\x99\xb8N\x12\xf5\x8b\x98\xf9\xd3\
]\x9b6\x0d\x955x\x06\x13@\xbc\xe23\x1d\xf3\x94\
\xef&\x98i6\x01\xdd\x9a\xe8\xe7B\xba\x87O\xbd\x13\
9\x15\x8b\x1dg\xd3\xac\x8f*\xc3\xa8\x83\xf0\xe6\x12S\
\x0d\x132:K\xcf\xa7\xd3\xa5\x9f\x9d>W'\xb2\x22\
\x91h\xf6]\xb9\x82\x18q\x128\xc8\x02\xcf\x91T\xc7\
\xfcLf(\x1e\x8fs&\x83\x88\x88\xca\x1aR\x5c\xaf\
\x05G i\x90\x87\xc3o\x94cy\xf1\xb9\xfc\x96\xde\
w\xdf\x1c\xad\x8cO\x12S\x8d\x00\xde\x04\xf4K\xe4\xc9\
\x13\xd5\xd5j\xe4`s37v\xf7U\xc9\x1a'J\
\xca\xa8a\xadB\xae\x1f\x1a\x91^CO:\x9dr+\
\xe1\xb7lY\xa2^[\xe2c\xc4\x22\xca\xccoK\x89\
\xd7\xc95\xfa\x8f\x1e\xad\xcb56v30/\x14\x89\
h\xcb\xf7\xf3aW\x920\xa3\x22\xe7\xf5\xf7\x0f\x95c\
\xd6\xe8\x5c~\xcb\x97\xaf\x8d+K|\x08\xac\xc3\xcc\xfa\
\x183\x0eY\xba\xfa\x94\xe3\x1c\x1emii\xe1\xee\xee\
n#\x1e\x8f\x1b\xbe_+{\x8dA\xf5\xed\xe6\xe6Q\
\xbb\xbb\x9b*\xe5\xb7bEG\x0d[\xea\x03Z+\x0b\
Z\x9cP\xd2\xe8\x89\xe8\xa1\xe1\x85\x0b\x17\xba\xa9\x8d\x1b\
\xb9u\xf1b\xd9\xd8\xd8\xc8\xa1\xa6\xa6\xa8\xce\xeak}\
\xc5\xf9\xbc\xe5\xbf\xfa\xed\xce\xce\x5c%\xfcV\xae\xfcB\
\xd4\x0fe\xaf\x06\xa4d\xdf\xcb\xe8*\xf4\xc7\x81\xb1\xe3\
U\xd8\xb6mi\xcd\x9e=\x9b\x1d\xb3\xde\xf5u-D\
\xc5\xfc0\xd6\xf1\xe7\x941O)\x83\x22\x92\x06\x1d'\
<\x0c\x1cu\xd3\xe9\xb4\xb2m[\xe6\xe3qkVN\
T\xfbB4(\xa6\x9aJ\xfb%\x12\x093\x97\x13q\
\x15\xd1z\x18\xc8\xdd\xd4\xdc<\xfa\xd4\xc0\x809v\xbc\
\xcat\xfb%\x93I\xd1\xdd=d\x01G]\x11\xad\x9f\
\xab\x99\xbc\xbc\xe5\x0f\x85\x8b\xc7\x0f\x9d\xcb/n\xf9\xaf\
vvv\xe6+Q\xbd\xbc5\x994\xe6\x1c>y-\
\xb1\x8aj2NY\x9e\xd7\x7f*\xa2G\xde\xe3W%\
\x1a\xb4\xcf\x11\xc3 \xcf\x1buF\xd2;\x1fy\xbd\xcc\
\xfd\x07\xc6\x02\xf7\xb0c\x5c\x0dMaI<dh\xdd\
7\xde\x0f\x0d\x0da8VH\xf8\xce\x9d\xd5\xb1\xeaG\
\xb3#\xc3\xbdP|\xfb\x9e\x1d\x0f>[\x86\xd9\xb7I\
\xfb\x0d\x1f<\xe8666\xb2\xac\xa9\xa9\x17\xdaZ\xa2\
4\xdfc\x86\xcc\x1b}\xd7}\x1dL\x9f\xde\xf3\xd8\xd6\
\xe7\xa7\xd7\xaf\xd9m\x5c\xd4\x13%\x17W\x10\x89[I\
\xd32\x10~\x9d\x19/\x10\xd3\xaa=\x8fmy\xa9\xa2\
~\x92\xc2`1hy^\xbf\x13B\xdcU\xf9\x13!\
\xcbb\xca\xd1B\x92\xe2f\x02\xeeb\xc2-`\xee\x16\
0\xee\xdf\xdd\xf5\xb5W*\xe5\x17\xf1\xe8*\x16\xa6%\
\x95\xfa,\x88~\xa94\xfe\x15\x96\xffV(k\xb1\x92\
j>$\xdf\xc8\x8c\xdf%\xe6\x9b\x00z\x99H\xff\xc1\
\xee\xed\x0f\xbdVV\xbfdR \x95\xd2KV\xad\xbf\
ZH~\xda\x0a\x87c\xf9\x5c\xeei\x02\x1e\x01\xe3'\
R\x19\x87,+\xcbY\xcf\x9aG\x06]O\x9a?\xae\
\x89o \xa6W\x85\xc0\x9f?\xfe\xe8\xd67\xcb\xe97\
\xf6\xd9\x9f^\xb5\xe6FC\xd2?H!/\xd5Z\xed\
'\xc2c\xac\xe8\xe79c\xf40\x00\x84\xbdp\xb3\x10\
\xbaE\x13~\x03\x8c\x16\x02\xde`\xe8\xff\xb9\xb7\xeb\xa1\
C\x95\xf0[z\xf7\xda\x1b@\xd8\x05\xe0r\x00\xdf'\
\xe8=\x80\xf9\x8c\x1f\xd5G\xd1\x07\x88\xb0?\x87\x05-\
\x12,>\xc4\xc0\xd5\x04>\xc4D_\xdd\xbb}\xeb\x11\
0\xd3d\xcf\x00\xbe\xa8\x8d\xa4\xb6m\xcbt:\xad\x96\
|f\xfd\xd5\xf0\xf8\x01\x90\xbe\x8d\x98B\x0c\x1c'B\
\x0f\x83]\x01T\x15\x8e\x0c@\x86\x09\xcf\x10\xc9o\xee\
\xd9\xb6\xf9X%^\x8e1?\xfb\xbeuWJ\xc5\x09\
.,}0\x19t\x02\xc4'\x0ag\x95Q\x15\x00\x93\
\xc0\xa74\xd3/\x85i~w\xcf#_=\xc1<\xf9\
\xa9\xf3_\xd9\xef3\x9f\xb9Lxf;\x01\x1f`\xb0\
\xc9D\xbd\x02\xe8c\x86\x03\xe6\x10\x13\x0c\x02\x0d\x0a\xc9\
/\xc1\xd0\x07\x0a\xc9/\x97t\xe9\xf8y\xfd\x12\x9f[\
`8\xee\x12\x0dq\x1d\x11K\x10\xf5\x83u?3\x1c\
\x10L0$\x98\x87 \xe9U-\xbc\xa7\xd2\x8f<2\
P\x89\xcew\xec\x19Z\xb1\xa2c\x9ekx\x9f0\x08\
\x8b4H0\xf8$\x81\x06\x88\xe1\x00,\x99\x04\x11\xf4\
\xb0\xd0\xe2-\xaf\xca\xffe\xba\xb3s\xb0\xb2~\x89f\
\xdf\xa0\x8f\x03\xe2\x0a\x22&02$h@3;\x9a\
H\x08\x9fI\x08\x1af\xad\x8e\xe6L\xff\xe0\x13\xdb\xb6\
\x0dW\xd2o\xe5\xca5\x8d\x9eA\xadD\xb4@0\x13\
\x83O\xb1\xe6Sd\x0a\x07\x0aPP\x80\x90#D8\
\x9e\x95\xea\xedbpZv\xbf\xb1Nd\xd9\xb2D=\
\x87\xe4\xadD\xa2Yi\x05\x124\x08\x81A\xc1p\x94\
\x22\x96\x12Z1\xe5,%\xfb\xfbf\xf1\x89'7m\
r\x80\x8a\x1d\x0bPH2M\xf1~\x90n \x22f\
\xc5C\x82\xd5\xb0\x92\xa6c0k_i\x9f\x84\xce\x8b\
*\x0c^\xdd\xdc|\xea<\xb3\xb0eK2=\xd3_\
D\x1aqfha\xd00\x14F\x94\x09\xc7\x22\xa1\xb2\
\xf9Q\xafJ\x8b\xd1\xe1X!A)w\xbb|\xb6\x9f\
m\xaf\xab\x96a\x5c\x0a\xe9W\x83\xa0H\x85F|\xed\
\xe6dH9\x0a\xf00d\xb9@_\xde\x0f\xc5\x1b\xa3\
\x14\x1b\xda\xb9\xf3o\xb3\x15y\xfeN\xfbm\x08\x8bH\
n\x8e\x00Wi\xb6<2t^X:\xef\xf5W\x8d\
\x0e\x0f\xfbz\xd6\x5c}=\x98%\xb11\xe0\xc7\xe5\xd1\
\xf4\x97\xbf\x9c\xaf\xac\x9f\x1d\xf2\xad\xd9\xb3\x22\xac\xa5\x10\
\xa6\x9b\xc9x\xf9p\xb8\xd9\xa7X\xe6jh/\xccB\
\x18\xf0I\x19Bd*\xecWH\xe2Z[\x8d\xf9\xf3\
o\xb6\x1cG\xeb\xa6&_\xf7e\xd1\xa2\x94b\x00\x90\
\x92\x0c\x05\x98\xd3\xe9\x07\x00\xabW\xffa,\xc7\xd9\x16\
E$$\xe0)\xc5\xfeL\xf1\xbb#\x91\x88\xc4\xdc\xaa\
K|\xa9\xe3`\x96\xe7\xf2#\xad}RbP\x8f\x86\
\x8e\xa4\xd3_\xceW\x22\xbe:\xfd\xfcm\xd8\x1062\
j\x9e\xafu\x1c\xc6{\xfd\xb4\x10\x06{jT\x12/\
\x87\x12\xfb\xf6\xec\xd8\xfc\xf4Xl1]~\x9e\xa7\x94\
4C\x9e\xc1^\x934B\xdfcfx\x9e\xfb-M\
\xfaO\xd3\xdb;_\x98.?-\x94a\x0a#OL\
Q\x86\xfb8A\xcc7\x0c\x13\xae\xe7\x8e\x12\xf37\xa5\
\xe0/\xeez\xf4\xa1\xeeJ\xfb\x89~w>AEa\
\x1as\xa1\xfc\xaf3h\x18\xc4Y0\xc5\x89\x10cF\
/\xc0\xdf\xd1\x12\x7f\x9d\xde\xf6\xe0\xc1\x8a\xfa\xd9\xc9\x90\
\x0c\xf7}:\x14\x0e=.H`4\x9fs\x188\x02\
\x82C\x8c\x1a\x06U\x13\xa1\x0f\x8c\x7f6\x0c\xfa\xca\xce\
G\xb6\xbc^\x89\xf7c|\x12\xc7\x82\xff\x071\xdd.\
\xa4\x90Z\xeb^0\x8e2\xe0\x10!\x06\xe6(\x88\xfa\
\x18\xbc_\x12=T\xee\xe4\xf7\xec\xf8\xbem\xe5\x9a\xeb\
\x84A\x7f\x01\xc6G\x01T1\xf8\x18\x80w\x084\x0a\
B5\xb3\x8e\x00\xa2\x1f\xc0\x8f\xa4\xa4\xae\xc7\xb7my\
\xbb\x92~K\xee[\xfb>\xf8\xf8#\x02\x7f\x84\x89,\
\x00=\xc4|\x8c\x09\x0e\x18\x11\x00a\x00'\x09\xe2g\
L\xbco\xef\xf6\xadG.\xc6\x8f~\x95\x9b\x0c\x00K\
W\xad\xbf\x99\xa5^\x0c\xc6\x95\x00\xd7\x10\x91\x03\xc6\x09\
\xcd8H\x8c\x9f\xed\xdd\xb1\xf5\xe5\xd3\xe5\xaa\xcb\x9c\x5c\
\x9e\xcb\xcfn_\xf7\x01\x09\xfd!&\xba\x8cX\xc7\x88\
\xc8a\xa0\x97A\xaf\x09\xe8_\xec\xde\xfe\xd0k\xe3g\
\xef*\xed\xd7\xb6z\xcduB\x8b[\x98y\x01\x81\xa3\
\x9a\x84#X\xf73\xf1[\xa6o>\xbfs\xe7\xd7\xde\
*\xfb\xb2\xbf\xf3\xf8-k\xff\xec5,\xbc\x1b\x99\xc5\
%`\x0a\x83\xd8e\xf0I\xd2t\x18\x02/\xef\xdd\xbe\
\xf5H\xa5\xfd\xc6\x0fT,\xbb\xe7\xfe\xab\xc0\xe2Z\x06\
\x9a\x98`A\xb3\xcb\x84\x0c\x11\xde1B\xfa\xf5]\x9d\
\x9d=\x95\xf6\x1b\xff\xac\xaf\x5c\xf9\xd9\xcb|\xe9.\x02\
\xcbz\x08\x0e\x11\x0bGk=H\xa6>\x1ef\xeb\xed\
G\x1f\xdd\xd4Wq\xbfq\xcf\xfa\x92{\xd6\xce\x97\x82\
.c\xc5u,\xb4\x01E.\x13\x0f\x11\xcb>\x11\xe5\
c\xc5Y}L\xc3\xd9s\x0c\x00+\x12\x89f=J\
\xf3\x95\x145\x85\x84C:$1\x22X\x0fT\x91\xd3\
\xb7\xad0p0m~\xf6\xbd\x1d\x0d`\xa7\x89XD\
\xa5\xd6DB\xba\x0c\x99\x1d\xb5\xdcA\xef\x18\x06\xbf\xfd\
\xed\xca\xccjM\xe4\xb7|\xf9\xda\xb8\x17\xa6\xd9\xe4\xe8\
*!\x04\x93P\xae\xf0T\xde0\xa2#\xb9\xdc\xb1\x5c\
:\x9dv\xa7\xd3o\xf5\xea\xd5\xb1a\xdf\xac\x11\x04S\
k\xd62T\xe5X\xfe\xa0\x03`t\xe1\xc2\x85n\x05\
\x13\xf3\x09:\xe4\x0da\xd4 l\xe4\xb2\x22\x14\x0a\xfb\
'\xad\xbc\x1b\xced\x1c\xdf\x9a=\xdb\x88h\xa78\xb0\
\x86J'o\xe3\x02\x86\x10\xe6\xcd\x93\xc3\xbe\xaf\x178\
\x8e\xce\xb8\xe65R\xb3\x16\x06F\xc8\x91\x99]\xbb6\
\x0dM\xa7\x1f\x00\xba#\x91\x08Wk\xe32\xe5\xc1\x04\
\x00\xc9\xf0f\x82_2\x99\x14\xaf\xbf>P\xcd\x96\x8a\
k\x1f\xd5\x8af\x96\xdfX}\x83\xc9\xf8U(\xf9}\
o\xfb<\x81\x1f\x93\xca\x1a~h`&\xfaA\xea\xbc\
\xd0\xf8\xb4\x80|f\xf7\xf6\xcd\xdf\x9dn?\xdfp\xeb\
\xb4$\xcb`\xd1\xa05\xef\x15\x82\xfa\xb5\xd6?\x02d\
zo\xd7\xe6\xfd\xd3\xe9go\xd8\x10\xa6S\xa3\x1f\x92\
L_\xd1\xe0z0\x5c\x02\x1f\x06\xf03\xa5\xc5?\xa4\
wl\xf9\xd1t\xf9\xd9v2$\xa3'?\xcc\xf0m\
\x80n$p=\x00\x17\x8c#\x9a\xf0\xef`|{_\
\xd7\x83?\xab\xb8\xdf\xb8\xf8oI\xfb\xfd\x8bA\xe2N\
\x02\xdf\xc0\xa0:0\x5c\x10\x8e\x82\xf1,I\xf5\xdd=\
\xdb:\x9f\xae\xb4\xdf\x19\xf9\xd1\xaa\xc4\x87\x85\x10\xbfM\
@\x0b@q\x06\x5c\x00\xef\x80\xf0\xbcd\xfa\xfe\xe3]\
[\x9e\x9bN\xbf\xb6\xf65\xbfF\xc0o\x11\xd1\x220\
j5\xd8%\xa2\x1e\x10\xbf$Y\xff\xe8\xf1\xed\x9d/\
\x9c\x9d\x13T\xac\xf3\x18_\xa15\x99L\x8a\x95+\xbf\
\x10]\xb9re\xf4\xac\xca]\x93;\xcf\xa9\x1c\x0f\xe1\
\xb8\xef-\xf8\xad\x8c\xde\x91HDf\xaa\xdf\x1d\x89D\
\xc4\xb67\x84g\x84\xdf{\x0a\xfb0\xd9\xf6\x86p{\
{{\xd5Y\x95y\xa7\xc9\xef\xac\xefe\xa6\xf6\xf6\xf6\
\xaa\xdb;:,\xbc\xb7\xb2\xf1\xf4\xfb\x01t{G\x87\
e\xdb\xc9\xd04\xf9\x5c\xd0\xcf\xb6\xedP\x22\x910g\
\xaa_\x22\x910[\x93Ic\xa6\xfa\xb5&\x93\xc6\xb8\
\x82l3\xe2\x00\xfb\xb3\xee\xaf,\xe1\xf1s\xa5\xf6C\
2\x99\x14\xe7\xf0#\xcc\x18\x98f\x96\xcf\xb9G\xd0g\
\xaa\xa3m\xdbr\x06\xfbQ\xe0Wz\xbf\x19\xd4\xe6\xbc\
\xeb7>>\xe0\xb1\x82\xa8\xd3Okk\xab\xd1\xde\xfe\
\xc0\xac3*\xbc\xcf\x10\xbfd2)\xda\xdb\x1f\x98\xf5\
\x89\xf6\xf63\xfd03\xfcl\xdb\x96v\x22Qk\xdb\
\x89\xda\xb3*\xe4\x13J|\xa6\xf8d\xaf\xd7\xf8\x136\
\x92\xc9\xa4X\xb1\xa2\xa3f\xc5\x8a\x8e\x9a\xf7\xc4\xf7\xd3\
\xe4\x87\xb3\xfcV\xaf^\x1d\xbbs\xf5\xea\xd8{\xf3\x8f\
\x99\xe1g\xaf[Wm\xaf[W=3\xf2\xa3\xf1b\
\xe78\x92a\x82`fZ\xfc\xce\xe5q\xf6\x03:\x13\
\xfd\xa6\xe3\xc1\x9b\x9a\x1ff\xac\xdf\xcc\x09V'\xec \
fJ0=Q\x03<s\xfc0\xd3\xfd&\xac\x22\x8b\
\x19\xec\x87\xc0/\xb8\xae\x81\xdfy\xdf\xdf\xc0\xef?\xa8\
\xdf\xb8d=\xf0\xbb\x88\xc1\xca\x992\xb01\xd1u\x0a\
\xfc~\xb5\xfcm\xa6\xfb\x95*\xbf\xa42\xbd(\x0c\xcc\
\xd8N7\xf0\x0b\xfc\x02\x02\x02\x02\x02\x02\x02\x02\x82\x18\
f\xea\xb9B\xe0w\xf1~<\x83\x9f\xbb \xbe\x0f\x08\
\x08\x08\x08\x08\x08\x08\x08\x08\x08\x08\x08\x08\x08\x08\x08\x08\
\x08\x08\x08\x08\x08\x08\x08\x08\x08\x08\x08\x08\x08\x08\x08\x08\
\x08\x08\x08\x08\x08\x08\x08\x08\x08\x08\x08\x08\x08\x08\x08\x08\
\x08\x08\x08\x08\x08\x08\x08\x08\x08\x08\x08\x08\x08\x08\x08\x08\
\x08\x08\x08\x08\x08\x08\x08\x08\x08\x08\x08\x08\x08\x08\x08\x08\
\x08\x08\x08\x08\x08\x08\x08\x08\x08\x08\x08\x08\x08\x08\x08\x08\
\x08\x08\x08\x08\x08\x08\x08\x08\x08\x08\x08\x08\x08\x08\x08\x08\
\x08\x08\x08\x08\x08\x00\x00\xfc\x7f\x1f\xf6_;\xe8ZH\
3\x00\x00\x00\x00IEND\xaeB`\x82\
\x00\x00:\xbe\
\x89\
PNG\x0d\x0a\x1a\x0a\x00\x00\x00\x0dIHDR\x00\
\x00\x03\xc0\x00\x00\x00(\x08\x06\x00\x00\x001)\x93\xe9\
\x00\x00:\x85IDATx\xda\xed\xbdy|\x5c\xc7\
u\xa0\xfb\x9d\xaa{{\xc1Jp\xdf%J\xe2\x06\x90\
\x94d1\xb2-y,*\x1e/\x93\xc4\x8ec\x07t\
\x12\xdbQ,\xd1\xd0\xe2\xc7q\x94\xbcy3\x99, \
\xb2L&\xf3f\xc6\xe3\xe8i\x83I9\x8a\xed$&\
\xe3,v\x16/qHyl\xc9R(K\x22\xb1p\
\x91D\x8a\xa4\xb8\x93 \xb1v\xf7\xbdU\xe7\xfd\xd1\x0d\
\x12\x5c@\x01t7\x88\xbcw\xbf\xdfO?I H\
|\xac\xbeUuNU\xddS\x90\x90\x90\x90\x90\x90\x90\
\x90\x90\x90\x90\x90\x90\x90\x90\x90\x90\x90\x90\x90\x90\x90\x90\
\x90\x90\x90\x90\x90\x90\x90\x90\x90\x90\x90\x90\x90\x90\x90\x90\
\x90\x90\x90\x90\x90\x90\x90\x90\x90\x90\x90\x90\x90\x90\x90\x90\
\x90\x90\x90\x90\x90\x90\x90\x90\x90\x90\x90\x90\x90\x90\x90\x90\
\x90\x90\x90\x90\x90\x90\x90\x90\x90\x90\x90\x90\x90\x90\x90\x90\
\x90\x90\x90\x90\x90\x90\x90\x90\x90\x90\x90\x90\x90\x90\x90\x90\
\x90\x90\x90\x90\x90\x90\x90\x90\x90\x90\x90\x90\x90\x90\x90\x90\
0\x1a\x924ABB\x02hi,\x10\x9d\xbcc\xd5\
H\xb5I\xe79\xc2O\xe0B\xd9\xc9\xf6\x19'~\xff\
\x9f\xec#\x89\xdf\xff?\xc6\xc0\xc9\xec\xc7$\xed\xbb\x09\
\x09\x09\x09\x95\x19\x94%\xf1+\xb7\x9f\xca$Y\xa0H\
\xfc~\x1c\x9a7[\x9a\xd5&~WI\xab\x9a+\xf8\
19\xfc6_\xea\xd7\xac\xf6\xb2_O\xfc\xc6\xee\xd7\
\xaa\xe6\xda\xfb\xb5\x9a\xcbz4oN\xfc\xc6\x94S\xaa\
\x5c\xd6\xa3U\xcd\xe4\xf1k\x9d\xbc~\x5c\xc9\xafur\
\xf8\xe9e\xc6\xe2\xc9\xe4w\xb9\xb9\xa2\xb5\xd5\x5c\xd6{\
\xb2\xf8\xa9N\x96\xb8\xf5\x0a\xf1\xd5\xa4\x89\xab'\xbb\x1f\
\xff:\xfd\x90\xa4\x9d\xc6#z\xd9@u\x12%\x9a\xcd\
j'\xb1\xe3H?I\xfc\xc6\x9d\x18M>\xbf\x91\x13\
\xac\xea$\xf3\xbb(\x00h\xdel\xb9g\xdf\x14Z\xb7\
\x06\x93#\xb1\xbc\x9c\xdfKS\x8a\x8e\x93$p\xe6\x22\
\xbf\x96\xed\xf5\xb4\xbcV?)\x12\xcb\x8b\xfdZ\xd5\xb0\
~O\x1d\xeb\xf7\xd4]\xd0~\xa3%(\x13=\xb1\xb5\
\xaa\xe1\xde\xeeZ\xee\xed\xae\x9d\xb4~\x0fu\xd4\xf0P\
G\xcd\xa5~\xad\x93\xc3\xef\x13/W\xf3\xebG\xaa/\
l\xaf\xc9\xe2\xd7jh\xd9^\xc5'^\xbe\xd4\xef\x9a\
$\x22\x97\xf1{\xf8@\x96\x96\xedU\x17\xb6\xd7\xb5\xf4\
\xe3\xc2\xf9\xe3\x9e}\x19\x9a\x9f\xcd^\xe8s\xcd\x02D\
\xb9\xc4w\xfd\x9e4\xf7\xec\xcbL\x12\xbf\xcb,$t\
\xa4X\xbf'}\xa1\xcf$\xf2k\xd1\x90\xe6\x8e\xd4\xa4\
\xf5k\xd5\x80\x96\xed\xe1\xa4\xf5kV[\x8c_.\xf0\
\x91\xc9\xb5X~\xb9\xf8\xefZ\xf9]\xf4sG[L\
\x9d4\xf9H\xf9\x9f5\xf91~_\xf1\x98\xcb\xc7\xf7\
\xd4Q\x1f5\x84\x05j0\xb1\x89X\xb5\x8b\xf4^C\
\x901\x1c\xeaulYQ\xb8F\x83\xf39\xbfL}\
\xd4\xe0\x0a\xd4\x80\x86\xc5_NG\x919\xbb\x8f\xf6\xdb\
\x86\xae\xd1q\xa2\xb7\xf0\x93\xc8\xa6\xe8\xcf\x9d\x0d{\xb8\
iq?m\xe2'\xbc\xa3\x0e\xff\xcc\xb7\xf2\xfb\xca\x92\
\xdek2\x90\x0c\xfb\xad\xdfS\x97.\xb8\xa9\xde\xf9\xea\
\xb7\xf0\x93\x09;\x9a5\xc2\xcf>\xd0\xfd~\xf1\xfe6\
\x13\x9b\xaf\xa9q\xd9I\xe7w\x7f\xf7\x1a\xd47C\xf0\
.p\xd3\x05\xff1c\xec\x09Q\xf2\xf9~{\xfaZ\
\xfb\x05-\x1d\xefR\x95\x9fCy\x07F\x16\xa2\xa4\xb0\
\xe6$\xce}\xd6\xd5\xd4\xfe\x80\xcf-\x1c\x9ax\xbfV\
C[[\xf1\xf9[\xd7\xf5\x0e1\xfeg,\xf2\x13\xaa\
,@$\x05\x9cDy\x09k\xb6\xb8Y\xf1\xf7i[\
Q(\x0e\xdc2\xe1~AK\xf7j\xaf\xfe\xfd\x88\xdc\
\x0a\xcc\x17%%\x86\xd3\xaa\xb2\x03\x17\x7f\xddmZ\xb9\
\xed\x5c\x80-\x13\xef\x17\xae\xeb\xb8\xc5\x19~R\xb0\xab\
\x147\x0f5)\xa0GT\xbb\xc4\xe8?\xc4\xed+\xbe\
\x7fI\x9f\x9f\x88\xc5\x83R[\x84-\xaf\xact\x04\xef\
\x125M\x8a\x9f\x83\x90\x12\xe4\xac\xc2n\xe3\xf9N\xbc\
\xb1\xf1\x87\xd7\xd2/u\xdf\xce\xe51\xf2\x0e1\xb2\x14\
a\x16J\x1a\x91^U}\xd5\x88\xd9\x16\xb7/\xdf>\
\xe1~#\x9e\xf5\xd4\xfd\x9d\x8bc\xe5m\x06\x16\xab\xca\
LT\xd3\x18\xe9S\xd8g\xbd\xffA\xb4q\xc5\xcb\xd7\
\xd2\x8fu\xbb\x16Y\xdc*1\xb2Ha:\xf84*\
\x03\x0a\x07\xac\x95\x17\xa2'\x1a;.\xe9\xf3\x13\xe9\xf7\
\xe0\xce\x05\xd6\xb1\x5c\xb1\x0b\xf1L3\x86\x14\xaaC\xde\
\xc8\x9b\x81\x9a\x97\x0a\xed\xcbv]S\xbf\x96\xae9\x81\
\xd7\x9b\xbc\xc8<D\x1b\x10\x93B\xc9\x0b\xfe\xa8\x15:\
\x0bO6\xed\x9d\xf0\xf1e\xa4\xdf\xfa=3\x82|\xee\
:\xf5\xc1l\xb5R\x8f\xf7i\x84\x82\xa0'\x9d\x0fv\
\xb3q\xd9\xbe\x89\xf7\x1b\xc1\x83o4\x84Q\xff\x5co\
\xcd\x0c\xbc\xabCm\x0a\xe3c\x81\xd3\xb1\xf5\xfbx|\
\xe5\xc1k\xeawowm:\x1d\xcdp.\x9c\xaaB\
\x0d\x8e4\xe2\x9d\x18\xed\x8d\xd5\x1c\xa4\xbd\xf1\xc8%m\
>\x91\xb4l\xaf\x82\xaa\xfa\x14q\xbdz\xaa\xd5\x04)\
<*F\x06\xa2\xc8\x1e\xe5\x8bKN\x5cS\xbf\xe6\x8e\
\x14s\xab\xab\x18\xe8\xad!\x0e\xb2a\x90J\xe1#\x89\
\xc4\xe7H\xf9S<\xbe\xaa\xe7\x9a\xfa\xb5\xaaa\xff\xb6\
\x14L\xc9P_\x97&7\x94F\xac\x01\x13\x11\xf9^\
\x9eZ\xdew\x0d\xfc\xce\xc7r-\xaf\xd5c4\xcd\xa9\
\x1f\x9d\xa2\xe1\x864\xf9i)\xd2\xa7\x02\xaa3\x1e\xea\
\x86F\xc4\x7f\x13\x95\x00\x97\x1a\xe2\xe1\x03\xd9\xd4`\xdf\
|\x8f6\xa0\xc6\xa2&\x16\xeb\x87\xa2Y~\x0fGr\
\x01aU\x96\x88\x14\xa6\xe08\x15\x9c)%\xc2\x13\x10\
\xa4\x8e\xe2\x87D\xe2]\x0c!\x04\xb1Da\xd8\xc5\xd1\
\x93\x86\xf4\x22\xc3\xc1]y\x9e\xb9;\x9e\xd0\xc1yT\
?Pc\x83b2\xa7>\x8eM\xd7\xf9\x87p\x02\x93\
\x8f\x87\x9f\xcd\xa6\xfa\xa6,\xf0\xa1\xa9\xc7\xf9\xe0\xb2~\
\xe2\x9dAz\x0a:\xf4&\xed\xab\x07'f@Q\xcb\
\x16qA\xcb\x8e\xd5\xaa\xc1Z\xa3\xf6\xcf4p\x19\xbc\
\xc4\xa3\xfaU\xd5\x1e*v\x94\x09\xe8\xc4%\xbf\xb0\xa5\
{\xa5S\xff\x07\x92\xaa\xfe \x08\x14\xfa\xdfkl\xfa\
(\x85|\xa8\x81\xb1\xd7\xceo\xb3e\xcbZ\x97\xba\xbf\
\xa3\xd1y\xf3;\xa0?K\xaa6\x83\x1b\x02\xe7\x0e\x8a\
\xf8_\x12#\x03\xeaL\x16\xe3\xe2k\xe5\xc7\x03\xddK\
\xad\xf3\xff\x11\xe1\xa7\x80\x99(} =\x88V\x03\xb5\
 \x1f5\xb1\x1e\x16#\x03\x85\xda\x9a\x83\x13\xe67\xdc\
?\x1e\xda{\x93\xc4\x85\xcf\x0a\xbc\x0fe\x86@?\x22\
\xbd(i\xd0\x05TMO\xe3c\xb4\xd0\xf3K~6\
_\x9b\xb0$x\xd8\xefS;n\x900\xb8_`\x0d\
\xe8\x0c`\x00\xa5O\x844*\xf3\x09\xc2\x99\xb8\xc8)\
\xfaM\xeb\xdc\x7f\x8e6\xad\xda1!I\xc8\xb9\xf6\xeb\
\xbc\xceDr\x0f\xa2\xefBe:\xc2 \xd0\x0f\x9aA\
\x99'\x22sQr\x08\xdf5\x86\xdf\x8d\x9eh\xec\x18\
\xee[\x13\xe2\xf7+;\x17\x98T\xb0\x16\xd5w :\
\x0d\x95!`\x104\x8d0\x17\x98\x83\x92\x17\xf1\xdf\xb3\
.\xf5G\x85MK\xbb'\xc6\xaf\x94\xe8\xdc\xdb=\xd7\
\x04\xfeg\x05\xb9MU\x1b\x04\x93\x07\x9fC$\xa5E\
\xb7\xd9\x88\x16\xd4\xf3\xac\x22\x9fgc\xe3\x9e\x09\xf1\x1b\
\x0e\xd4\xef\xdb1\xcb\x04\xc1\xfb\xc5\xeb\xcd\x88L\x01\x8d\
@r\xa8O\xab\xc8,`\x16h\xa4j^P\xef\xdb\
\xd9\xb4\xe2\xd5s}\x7f\x22\xfcZvM\xb7F\xefR\
\xa7M\x8a\xd6\x1b\x95\x18\xa1\x00>\x8d\x98\x19\xaa\xcc\x04\
\x22E_V\xb5O\xb3q\xd9\xbe\x09\xf1\x1b\x1e#\xee\
\xeb\x98j\x8d\xbc]a\x09\x22u\xa0\x0e\x88\x8c'\xad\
F\xa6\x03\xd3Qu*tx\xf4\xab\xb4\xaf80\xa1\
~-\xaf\xd5\x07\xc47{\xdc\x22\x84Z\x14\x05u\x08\
iU3\xd5(\xd3\xc0{\x15\xdd\xed\xbd\xfb[6\xde\
|hb\x169J~\xf7v\xd7\x06A\xb4T\xb1\xf3\
U\xa9EP0\x1eH\x83\x9b\xaa\x98\x06\x14\x15\xe3_\
\xcb\xa8\xf9\xd6`{\xe3\x91\x09\xf5k\xd9^\x95\xb2\xe9\
\xeb\x9c\x0bfC\x5c\x03\xa5\x83W\xde\xa5\xd5\x98)\xa8\
NA\x8c\x0a\xfe\x803\xe9gx\xe2\xa6\xe3\x13\xbaH\
\xb4~O\x9a|aV\x88\x99\xae\xf8*\x08\x0d\xd6\x89\
:\xd2\xa0\xf5\x8a\xd4\x97\x12\x88#\x8e\xc1\xe7i_}\
rB\x17aZ5\xe0\xc8\xee)\x10\xd5cl6\x8c\
}\x801F!\xadP\x8b\xf8:4\x10\x9c\x9ep\xa9\
\xe8\x95b\xa29\x91\x8b\xd0j8\xf2b\x06j\xaa\xf0\
\xf9\x0c\xa4C\xd4\xdaP\x0ai5\xd4\x14\x9fI1\xa2\
\xa6'\xce\x98\xdd<\xb2\xa4wb\xfcJ?\xe3\x13/\
WS\x95\xaa\xa3\xa7\xe383\x1a\xb3\xe4IQ\xedC\
r&\x0dAU@\xa1\x06\xac\x15O\x7f\x94\xd27x\
lE\xff\x84\xfa\x0d\xe7G\xcaT0.N\xdb\x9d\x04\
\x19C\xeeL\x86|\x94%\xa8\xcdB.D\xc2\x1cU\
=\xc7\xf8\xdc\x1dW\x15\xff]\xdd\x0ep\xcb\x9bU\xa1\
\xefY\xa2\xc6g\xc5\xdb\xde(H\x9f\xc0g\xfb\xe9\xf9\
A\x9e-k\x1d\xcd\x9b-\xf3\xe7\xa7\x18\x9aY\x8b\xe6\
\xeb\x89U\x89\xab\x0f\xf1\xf4\xa2\xdc\xc4\xac\x0a\x8d\xe67\
7\x0f\xc0\xec\xbd\x01S\x17G\x1c9\x9c\x81\xbe*L\
`\xf07\xf6\xd0.\x11\x13q\xe4\xa0\xe5p\xf6\x8a~\
\x0d/\xa6\xc9g\xea2U\xe90w\xf2\xa6\xc3\xf0\x5c\
\x8a\xc6w\xe6'lp\xbe\xef\xc5\x9bBI\xd7\xa8h\
(j\x06/\xf5;\x9c\xc6\x0c\xd5\xa4\xd4O\xf7>?\
ELj \x9a\xbd\xa4\x936\x89'\x228\x0d\x1f\xe8\
\xbc\xd5;\xf9&\xb5sg\xea\xc0\xa1O\xf9\x98\xaf\x93\
\xa6\xc0\x89\xa6\xa1\x91~a\x9c\x9f\xa1\xc6\xd5\x897C\
\x91i\xd8C\xfb\xbc\xc1\x09\xf1\xbbo\xd7*o\xfd\xd7\
\x08\xabn\xa20\xf8\x92Z\xfb'>\xca\x7f\x95\xde\x95\
'9\xbeMX\xba$u-\xfdX\xd7\xd9dE\xbf\
\x04f%\xf0\x9c\x8a\xfe\xb9E\x9e\x8fH\xbf\xc6\x9c\x03\
\x03\x1c\xa9Ma\xa6\x5c;\xbf\x96]\xcb\x8c\xc6O\x22\
\xd2\x08\xf2\x02\xa2\x7fe\xf1\xdb#\xad\xdaO\xbeWR\
\xd9\xcc\xac\x02aOJ\xfdt\xaf\xb9\xfa\x09\xf7\xbb\xbf\
s\xb1Q\xfe'\xb0\x5c\x90\x17\x15\xf3\x0d\xeb\xedKQ\
V\x0f\x92\xef\x95\xd0g\x16\xb9 |\x8f\xf8\xe8f\x11\
\xfe\x1f)h>\x0a\xf3{+\xbeH4\x1c\x80<\xb8\
\xfb\x06\xeb\xdc\xef\xa9\xea\x12\x11\xd9\xa1^\xbf\xe5\xd5\xef\
D\x83C\xe4\xad\x84\x99\xdc\xf5N\xec\x1d\x22\xdcG\xd5\
\xf4\xd5\xe4\xce\xf4Y\xe7V\x1766\xee\xa9h\x905\
\xecw\x7f\xf7\xf5V\xf5?)\xdc(\xd0\x05\xba\xd5y\
\xe9\xc2\x9f>\x02\xd3\xc0\xf8\x85\xc6\x98\xdb\x8d\xfa_V\
\x9bZ\x83\x8f\xde0\xb1\xfe\x5c\xf4T\xd3K\x15\xf5\x1b\
N\x8e\x1e\xdc\xb9\xc0:\xf9\xf7\x8a\x5c/\x22{\x88\xf5\
\x07\xce\xfa\xdd\x04r\x0c\x808\x98o||\x1bF~\
A\x90\x9fD\xf5u\xe3\xdd\xc7+\xbf\x88P\x1c\x9f\xb3\
\xf7v\xcf\x8d\x02\xbdO\xd1\x85\xa2\xf2\xba\x8a\xbe\xe0\xc4\
\xbc\xc6@\xfe\x04\xcc\x82\xea\xd3s-\xe6f\xd4\x7fT\
\xe1\xdd \xfb\xad\xd7\x96hcS\xe7D\xf8q\xdf\x8e\
Y\xc6\xd8_P\x91\xf9\x82\x1c0\xde\xbf\x1c\x87~?\
.\x7f\x0a\xe6\x80\xed\x9fmc\xbf\x02\xf1\x1fT\x95;\
\x10=\xe8q\xbfJ\xfb\xaa]\x13\xe2\xd7\xb2k\xbaQ\
\xf7!`\x0eb\x0e{1\x9d\x04\xfe\x10\xc7{zh\
H\x09Av\x86\x8du9*\xefW\xe1vA\xdet\
\xa2\xbf\xc9\x93M{'\xc4\xef\xc1\x1d\x0d\xd6\xd9\x7f\xab\
\xe8LA\x8e;\xaf{Q\x7f\x84\xf8\xd4Y\x06\xd3B\
u\xedt\x9b\x0anB\xf5'Ux\x9b\xc0Q\x17\xd9\
?\xe0\x8bK_\xafl\x12R\xf2[\xbf\xa7\xceF\xee\
\x9d\x1a\xbb\xe9\x22\xc1ig\xe27\xd0\xe08i\xd3G\
\xef\x9b\x82\xad\x9b\x1aH\xf5\x22\xc4\xbfK\x8d\xae\xc2\xeb\
\x09\x97\x92\xcf\xf1X\xd3\x1b\x15N\x92\x8a\x1b,\x0fm\
\xad\x09\xa2\xe9\xabTl\x83\x18\xed\x8d}x\x18\x9b>\
\xcd\xc9\xbe\x01\xfa\x0e\x08\xf3\xe6O\xc1\xc8B\xa3\xf6v\
1\xda\x08\x9cr>lg\xe3\x92C\x13\xb2\xd3\xda\xfc\
l6\x9c6\xe5FUW/b\x06#\xf1'q\xf9\
^`\x90\x9e\x8c\xd0\x10\xd4a\x99k\xbc\xbfE=K\
\xc5H\x8fW\xfdJq\xb7u\x22\x16Q;R\x1c\x94\
9\x18j\xb0\x14\x88]/i3\xc0\x8c\x139\x8e\xd4\
\x0a6U\x83K\xcd\xb2\x1a5\xa9\x98\x1bP\xed\xf5\xde\
\xff\x0d\x9bV\x1d\x9b\xb0M\x86\xe9\x07\xea\x188]E\
&\xed\xc9f\x878|$\x0f\xef,p|\x9b\xb0j\
^\x15qn\xbau\xc1M\xea\xb9\x0e\xe3\x07<\xc1\xb7\
i_vr\xc2\xfc\x1aQ\x8e\x1c\xce\x10\xf7Z\x82\x01\
GO&\xa6\xb1)\xa6\x0b!\xfdJ\x86\xea\xec\x94 \
.\x5c\xaf\xd6\xcc\xc5\xc8\x90\x93\xf8\x07\x13\x96\xa4\x9f\xcb\
\x8fL6N\x07\x9d\x1c}y\x80\xe33\x84mk\x1c\
\x1b\x10\xf6\xefOa\xa2\xda0\xe3\xe7\xf8Ba\x96X\
\x9b\x8f\xd3\xe1\xcb\x13\x96\xa4\x8f\xc8\xdf\x8cd\xce\x16\xc4\
\x9c\xe4\xd4\x8d\xa7\x8a\x8b\xb7*\xb4\x10\xc0\x8bU\x90\x9e\
\x1e\x104\x88\xf1.\xea\x8f\xf6\xf0\xe5[\x06\xc6\xbb\xc9\
*W\x93\x99\x87\x83CKT\xe3L\x1cs\x94\xbe\xce\
C\xa3\xae:\xb6\xaa\xe1\xd8k\xd3\x91xv\xa8\xdeG\
\xd9\x9a\xd7J[\xd6\x15\xd8\x09\xbe\x0a?U\xe1\xdf?\
_\xcb@m\x035\x19E\xdd1\x1eY\x92\xa7\xc2\xc7\
r\xc2\xfbw\xdf<&\xbf\xe2\x11\x8f\x10\x1a\xaa\xb0\x03\
\x86\x99\xa7\xfah\xab\xd0Nu\xab\x1a\xdaP\x1e\xe8n\
\xb2\x92~F\xe2\xa1\x97b1\x9f\xa4g\xf9\xf1Qw\
\x0d\x9a7\xdb\xf4\xd4\x95\x0b\xf2qj\x88\xf97\x9c\x80\
\x0dTlrkU\xc3\x06\x94Ow5Z#\x7fO\
\x90\xbe\x8e8\xff\xb8\xcb\xfb\xdf\xe5\xe9\x15GG\xddM\
\xacm\x9a\x1f\x04\xcc\x16\x09r\x91\x8d^+\xaedU\
\xe0\xf1\x1b\xf6[\xd7\xb1\xccZ\xfbU\x94\xa5\x88>\xea\
b\xd3:\xea\x0e\xfe\xc5~U\xd9=\x15\xdb\xc9\x1c\xfe\
|\xd7u/6F\xbf(*7\x01\x1b]\xe8\xff\xb0\
\xd8&\x93\xc4\xafe\xef\x0dF\xa3GAn@\xf4O\
}\xa0\xffkR\xf9\xad\xdb}\xbd5\xfe\x8f\x14\xbd\x1e\
e\xb3\x1f\x8a\x1e/\x0d\xbc\xa3\xf4\xdf\x8e\x85\x012\xa7\
\xf2~\xad\x86\xb6\x0dJK\xe7\x02\x0b\xad\xeaY\x881\
\x7f\xe3\x19\xfc\xe2\xa8\x89\xf7\xfa=u6\xef?/\xf8\
\xf9\xe2\xf3\xff!\xca\xc9^\xbe|\xf3`E*\xe1\x0e\
\xfb\xad\xdb1\xcfJ\xf0\xeb\x0a\xf3\xc1\xfc\xa3\xaf\xa9\xfe\
\xf3Q\x8f1\xdd\xdb]k\x8d\xfb=R\xd9\xcf\xe2\xa2\
#\xe2\xf2\x1f\x897\xaez\x9eV\xa4\xecI\x88\xaa \
P\xd5\xd2=;\x8f>\x08\xccQt\xab\xcfW\xff\xd5\
\xa8\x0b\xb7\x0fu\xd4\xd8X~\x13\xe4\xd7P\x0e8\x0d\
?\xcc\x17n\xeabC\xa5\xfc\x04\x1exu\x86\xd1\xe8\
\x97Eu\x16\x9eg]6\xf8\x87Q\xe7\xacO\xbc\x5c\
m\xaaS\xbf.\x9e\xcf\x00o\xba\xc0~\x9c\xc7\x97\xec\
\xaa\x5c\xfb\x19\xa5\xe5_\xa6\x1b\xcd|\x14\x91\x19^y\
\x91L\xf8\xcfW\xf4\xcb\x86\x9fA\xb8\x0f\xcf\x11\x8f\xb4\
\xb0q\xf9\xde\x8a\xf8\x15\xfb\x1c<\xb8c\x8a\xf1\xc1\x07\
p~\xbaW\xddI\xaf<;\xeakZ-\xdb\xab\x0c\
\xd5\xf7\x81\xff$\xca1\x1f\xea\xc3<\xd6\xf4Z\x05\xfd\
\x8a\xc9\xe5P\xfcn\x15m\xf0\xc2\x1e\x18\xfa\x11\xed\xab\
/\xbf0\xff\xf0\x81\xac\x19\xe8\xff8\xde\x7fL\x8c9\
\xee\xbc\xf9-6.\xdd_Q\xbf\x87:j\x82X\xde\
\xa6\x98z\xe7\xe4\x0d\xe6/\xed\x1au\xe1\xfb\x9e}\x19\
\x93\x1e\xfcy\x94\x9f\x15\x91S.\xd6?\xe4\xa9\xc6\x03\
\xb4n\x90\x0a\xc4\x09\xc5I\xfd\xe1g\xb3\xe1P\xfd2\
\xf5\xd4\xc6^\x8e\xb2\xf7\xd8\xeb\xa3\x9e\xee[\xbf'm\
s\xeeg\x10\xff\x01Tz\x9cF\x7f\xcc\xc6UoV\
\xc8\xef|ry$\xb5\x00\xe7\xab3.\xea\xc9\x0dt\
\x1f\x1e5\xfe[\xbf'M!z\x8fU\xb9[\xa07\
\x86\x8d\xb4/?Z,\x04^\xa1$\xa4uk\xc0\xb1\
\x86\xa9\x14\xc2,\x9a\x1fd\xe1\xad\xa7F}\x96\x9a;\
R4\xd8;\x0d\xfeN\xf0\xfd\xde\xe9\x9f\xb3i\xe5\xf1\
\x8a\xfa\x95\x16\x10h\x98\x95\x22\x18r<\xda40\xea\
\xcfj\xd9\x1eB\xd5j\xe3\xfdjD\x06\xbc\xd8\xaf\xd3\
\xbe\xec\x14\xaa\x15\xf0\x1b\x91\x7f\xf4\xf5.\x8d\xd4\x1fa\
\xfe\xca\x13\xb4\x89\x8e\x1al\xb6j\xc0\x9b{V\x18\x89\
W\x8a\x90s\xd6\xfdS\xe5\x92\xe0Q\xf2\xa3`\xe8\xf0\
\xa8\xe3\xcb][\x03\x96N\xbb\xc9\x12.\xc6Pp~\
\xe0\x87\xb4\xaf>;\xa1~W\xca\x8f\x9a7[f4\
\xcd\x0fb\xaeC}\x1c\x87\xb2c\xbc;\xd5\xe3(\x8e\
Qz\xa7g\xb0o\xbe\xaa\xab\x8ac\x8e\xf2T\xd3\x1b\
E\xb9Q^Ln\x13\xcf\x137\x1d\xcf\x10\xf5\xa8\xba\
\xfaT\xef\xd9\xeb+\xb7l J\xab\x9aT\xa1\x7f\xc1\
\x98\xfdD\x94G\xde\xd1K`\x07\x18\xcc\xd5\x92/\xcc\
\xaa\xa8_\xf3fk\xd6\xbd\xf2\x8b\x0a\xe9\x18=re\
\xbf\xd2\xd7\xdaWG\xf4\x0c9\xbc\xab\xe2H\xed\x14*\
{\xf4^\x8d\xd3?$];UE\x0e1\xe7\xd8\x09\
\x1a7\xe8\xa8~[\xd6\xba\xfc\x93\xcb\xf7\xb3\xe9\x86\xe3\
\x1cy1C\xef}\xe9\xca\xea\x89Z\x91\xdf\xc6\xa6\xae\
\xa3\x90\xff\xbcko|\xa8\x98\xfc\x8e\xee\xc7SMo\
\xc41GU]\x15\xb1\xa9-\xfe\x9a\x97\x8a\xf9Y\xfb\
\x7f\x027\x22\xfa?]{\xd3\xaf\xf1\xd4\xf2>Z5\
\xb8\xd4\xf1R\xbf\xd4`\xdf\xfc\xca^\xc3!*F\xd7\
\x03\x8b\xd4\xf0\xa8\xfbB\xe3o\xf2\xd8\x8a~Z5(\
\x16?\xb8\xa8\xb8\xc5\x84\xfam(\xfa\x11\xb7\x80,\x00\
\xdd\xe8\xdb\x9b~\xbf\xe8\xb7u\x84\xdfpQ\xa4k\xe3\
g\xc4\x7fRa\x1e\x98/\xf9/4\xfdw\xbe|\xcb\
\x00w]\xc6o\xd8\xb9}\xc5\x81\x09\xf1\xdb\xb0AA\
\xd4\xa8\xacU5\xb31\xe6\xab\xbe\xbd\xf1Q\xdaW\x0f\
\x9e\xaf\xa8|\x91\xdf#Kz]\xfb\xb2O\xc5\xb1\xdc\
\xa3\x92\x0dS\xd55s\x8bn\x15\xf43\xc1\x07\x11f\
\x22\xfc\xad\xff\xc2\xf2\xa7\xf8\xdc\xc2\xa1\xa2_\xeb\xa5~\
O-\xefs\x1bW\xfc*.\xff\x045s\xe6\xa8\x09\
\x7f\x0eDi\xaa@Q\x0e)~.9\xfc\xfb\x80i\
\xa8\xf9\xa6o_\xf1g<\xbd(w\xa9_\xab\xe1\xae\
\xad\x01\x8f\xad\xe8w\xedM\xbf\x01\xfa(\xa9\xea\x9b\x0c\
\xb9\xffR\xb1\xc0\xaf\xf87V\xab\xd1\xbb\xd5\xbb\x06'\
\xba\xd5ml\xfck\x1eY\x92\xa7y\xb3=_\xf4l\
\x84\xdf\x97o\x19\xf0O6\xfe.\xf8\x8d\x88\xae\xb2\xb1\
\xff\xed\x8a\x8d-\xa5\x9b\xab\xac\xcb\xde\x8eH\x9d\xf7\xfa\
,_h\xfaG\x1eY\x92?_\x10p\x84_\xb3Z\
\xbe|\xcb\x80\xffB\xd3\x7f\x03\xbe\x84\xb0\xc2\x1a\xf9\x0f\
\x15\xde]\xd0 \x0eV\xe1|\x8d7f;\x9bVn\
c\xcb\x8a\xc2\x05}c\xb8\xe8U\xb3Z\xdaW\x0f\xfa\
\xf6\xe5\x8f\x80\xf9*\x22\xcb$6\xeb+\xbd\xfb\x11\xe4\
\xf2K1\x9a\xf5\x8e\x0e\xda\x9b\x9e\xa7}u4bl\
\x96sE}\x9a7[>\xb7p\xc8\xb77n\xc4\x98\
\xbfQ\xd5\xa5b\xf4\xd3E\xbf\x0d\x15{\x00S.\xb5\
P\x9d\xa4\x1d\xd1^6-\xdbA\x9b\xc4\xe7\xfb\xc6\x88\
\xa2C\xcd\x9b-O/\xca\xf9\xf6\xa6/c\xf9GU\
\x7f\x93\x09\xf8d\x05\xdb\xaf\xf8\xe7\x0e6\xccR\xe7\x83\
8\xe0\x0d66\xee\xe1\x99\xbb\xe3K+*\x97\xc6\x98\
G\x96\xe4\xdd\x17\x96\x7fM\xd1\xad*z\x83\xc1\xae\x05\
\xd1\xe2XU!N\xa7\xea\x09D\x08\x83\xa3\xb9?Y\
y\xf0|\xfcwy?\x9el\xfa\x07<\xcf*\xba\xd0\
\xa8\xffP\x85\x9f?\xe1\xb5ei\xf2^\xa9\x0e{\xf8\
\xe2\xdbN\x14\x93\xdf\x8b+\x02\x97\xfa\xf0\x96\x15\x05\xda\
\x97o\xf5\xd8\xed\x8a\x9dg\x8c}\x1f\x88R\xb1\x92I\
*\xdc\xdb]\xcb\xf1|\x04=\x83<\xb6\xa2\xbf4\xde\
\xcae\x8b%\xb5\xaf\x8eho|\xce\xab\xee\x04\xe6X\
\xfc\xbb\x81\x0a\xf9\x8d\xc8\x8fL:\x9b\x0e\xc2l\xb1\xed\
F\xfb\xbcTh\x93\x98\x8dK_\xf6\xc2\x1eEfZ\
g\xde^\xd1\xfc\xe3r\xf9\xdbh\xc9/*<sw\
L\xfb\xaa]\xce\xc9\x1b\x1a\xbb\xe9\x81\xc9\xae\x9ap\xbf\
+\xe5G[\xd6:\x1ekz#\xf6rT\xc56\x84\
\x05\xbbt\xbc?\xd5\x8c\xeb\xe8\xeeC\x1d5\xde\xd8)\
\xe2\xb5\x97\x05\x8d\x07\xc7\xf8r\xb4\xe4Nv\x1f\x96\xc8\
\x0c:\x1b\xcc\xe6\x9e\x97\xa6\x14\x07\xabrV\xf3*\xfd\
YG\xb0\xea\xb4\xdaHpv\x1c~0g\xe9i,\
\x85\x103\x9d\x87:j\xca^\xf9\xacT\xad8hh\
\xbaS\xb2\xd3\xffL5\xfe\x0c\xed+\x0e\x9c\x9f\xd8.\
\xe77\xe2k\x9b\x9b\x06\xd0\xb4\x87t=\xcd\xcff+\
\xf2\xdee\x9b\xf8\xe0\xd3\xddw\x88\x09\xde\xab\x83\xc7_\
t\xf9\xaa\x07h\xbb;\xa6m\x83\xbe\xa5\x1f@\x5cm\
\x19\x18\xac.\xae\xbaU\xc8\xaf\xa5\xf3\xed\x08\xefUW\
\xd8\xe6\xce\x9e\xf9\x8d\xf3WU\x8c\xe6Wz.\xfa:\
\x0f\xc5\xe9\xa0\x93\x9e\xe5\xc7G\xff\xfe2\x1c}~\xb0\
\xfb6E\xefV\xe4\x9f]\xbe\xaa\xed\x9c_\x9b\xc4\x97\
\xfe\xcc\x11~\x0b\x1a\x0f\x8a\xd7^\xafLe\xfd\x9e\xba\
\xb2W\x06\x1c\xf6[\xd7q\x8b\xc0\xbb\x04\x9e\xf1\xb9c\
\xff\xed\x02\xbfK\x06\xeb\xcb\xf8\x19;\xe5|\xff(\xb7\
_\x9b\x0f\x1f\xe8Z!\xe8\xdbE\xf4Y\x9f\x09?\x7f\
\xae*a\xdb\xdd#\xfcD\xcf\xff\xf7\xc4\xfa\xa5\xee\xdb\
\xb9\x1c\xe1m\xa2\xfa\x82?\xb0\xaf\xfd\x9c\xdf3\x97\xf1\
k\xbb;\xa6\xad\x14\x94M\x84\x9f\x88\xa6\xee\xef\x5c,\
\xc2J1\xfc\xc8\xf7\xf8?=WAy\x8b\xb8\xcb\xfa\
\x0d\x07\x0a};\x8fIh\x07\xbd\x89+\xe4\xd7j\x10\
\xd1\xf4\xa7v\xdc \xcarAvx\x1a\xbfz\xae\x82\
\xf2\x16q\xc5\x1d\x97\x8b\xfcJ\xe3\xa3\xd3\xc1\xff\xa4\x03\
G\x7f\xc5x\xff\xe7\xdc\xdb]\xcbZqe\xf5\xd3\xe1\
\xa3\xb1\x1d\x0bU\xcdM\x8at9\x19\xf8\xfa\xf9@\xef\
b\xbf6\xcf3%\xbfV5\x8e\xa1\xdf\xd2\xc2\xc0K\
\x92\xae\xfd\xa0\xbd\xaf\xeb\xbd\xb4\x89/\xebm\x03\xc3~\
\xf7\xbf4O\xbd\xbf^\x84=\xccn\xfc\xf6\xb9dm\
\xcbZW\x0c\x04G\xf1\xab\xa9\xfb}E\x9e\xc5\xc8\xcf\
\x06\xf7\xed\xbc\xb3\xe8W\xceJ\xe5\xe7\x8f>\xab\x95\xb9\
\xa2\xe6u\xf6\x9e\xf8\xde\xb9\xe7\xabM\xfc%~[\xc4\
\x0d\xfb\xf9\x9e\xb3\xff\x03\x91\x17@?\x18\xb4t\xbe\xbd\
b~\x9f\xe9\x9a\xe6Ug\x09z\x80\x9e\xe5/\x5c\xe0\
\xc7\x08?\x11\xbd\xc0/\x9fyT\xe0%\x81\xf7\xb3\xae\
\xfb6\xda\xc4\x97\xb72y\xc9\xef\x9e\x97\xa6\xa8\xd8\x06\
q\xfe0}\x9d;.\xf5\xa3\xf4\x8f([\xd6\xba\xe2\
\xf8\xd3j|\xfe\xd8&Av\x08\xfe\xdf\x86\xeb:n\
\xa1\xad\xad\x02~(\x0fu\xd4x\x8djM\xca\x1cc\
\xce\xca=\xe7\x03\xf9\xb6\x91s\xc7\xa5~a\xf8\x15A\
\xba\xc0\xbc;|\xa0kE\xf9\xfd\x86\xc7\x99}\x19T\
2q\x90:\xc5\xa3\x8d\x07\xce\xc5qr\xf1\xa2^i\
\x8c\xd1b\xff\xf1=\xfc\xa5x\xf6`\xcc;\x8bc|\
q3\x85\xf2\x17l\x0a\xc9\xc7\x01^zy\xe2\xc6\x13\
\x17\xce\xb5\xa3\xfb\xb9\xb3\xfe\xef\x05\xf6\x89\x98\x9fH\xdd\
\xdf\xb9\xb8\xe8W\x91\xca\xee\x8a\xcd9\xc2Y\x03\xc5\xe3\
\xae\x17\xc4z\x17\xf9\xb5\xf9\xf3\x0b\x0bK\xbf+\xc8\x01\
\x81[\xf8\xd4\x8e\x1b\x8a\x9bQ\xad\xe5~\xfe\xe0\xa1\xce\
\xea \xf0\x8d\x99\xa53\xe6^\x94\xb8]&\xb6\x1a\x8e\
\x0fT\xb0\xf9\x1f \xe6\xb0*+h\xe9X\x08\xa2\xe5\
\xad\xec~a~dD\xcf\xe6g/;p\xe5+\xb1\
G\xf8\xed>\xfe\xa2`\x8e\xab\xc8R\xee\x7fi^\xa5\
\xfd.\xcd\xdf\xde\xc2\xafwi\xa7\x88\x9c\xf6\xb1\xde\xc8\
};f]\x10{M\x88\xdf\x95\xf2\x0f\x15\xce.\x7f\
M\xbc\xed\xf5\xc6/\xe03]\xd3\xc6\xe37\xae\x874\
\x83L#\x8e\xc2(\x1b\x1e?\xbf2\xf4V\xc9\x84\xc2\
\x96\xb5.2\xf1\x09\xa0&\x95\xa9\x9e[\xa95\x04+\
\xbb\xee\xf4\x22s\x0b\xa9\xfe\x13\xe3\xf0+M\xd0\xd1Y\
\xf5Z\x9d.\x043\xca~\x97{s\xf1_NY\x8b\
\x0dQ\xcc\x8e\xf3\xed?\x06?\x11%\x9f\x1f\x82\xa0\x8a\
\x19s\xea\xcb\x1e\xa06\x17\x05\x9d\xe8\xcfa\x824^\
\x1e\xe7\xe9E\xb9bI\xf9\xb1$\x8b\xa2\x04\x03\x0eo\
2dmu\xf9?\xd9\x92\x1f\xe6\xa7A\xab@7\xb1\
\xe5\x8e!\xb6m{\x8b\xf7\xb1J\xee[\xd6:\x1eY\
\xdc\xc7\x8c\xce,\xa7\xf7\x96?A\xef*.\x968\xe7\
\xdf\x0fd\xf0\xfeK<\xbd(G\xd7[\x1dE+u\
\xd46\xf1Q6<\x8ezOd2\xe5\xf7\xdbR\xf4\
\x13s7*i\xbcl\xe6\xe9\xbb\xc7\xef\xe7|@\xc0\
\xd4\x8a\xf9y\xfd7()p\x7f\xc3#K\xf2tm\
\x18\xb7_&\xc8N\xad\xd4\xf8\x12\x8b\xbc\x1dH\x01\x7f\
\xcf7\x7f*OW\xd3\xe4\xf2S\xde\x06\x12\x88\xeaw\
\xd8\xb2\xa2\xc0\xda-c\xee\x1f\x91\xd5\x0a\xfam(\xfa\
Y\xbb\x12\xd1\x00\xc33\xb4KT<*|\x85\xa3\x86\
\xc3\xee\xed\xab\xcf\xfa\xea\xa1\xbfT\xd1\xaaLM\xaa\xa1\
\x02z\x02`1\xcb(V\xcay\xae\xb8\xf36&?\
C\xfb\xeaA\x84M\x84\xd5Cj\xfc\xea\x91c~\x99\
v\xcf\x05 p\xa9\x1b\x10\xc4\x1b\xf3bq\xe7\x8d+\
\xbf\xaf\xd8&\x1e\xb6\x99\xd2\x11\xf3?%\xac\xaer\xd6\
\xae\x1d9\xe6\x97q\xef\x8d\xc0\xc8B\xbc\x17\xa7\xba\xb3\
\x98\x80o\xb8\xf2\xfc;\xec\xb7\xe5\x8e!\x84\xbf\x00f\
9\xe4#\x95\xf2\x0b\x1ds\xc4\x1a\xefl\xb0\x9b-\xe2\
\x8a_\x7f\x0b\xbfm\xdb\x0cO/\xca\xa9\xe1\xaf\x80Y\
\x82\xff\xd0\xc81\xbf\xac\xa4\xab\xa7\xa1\xeac\x0d\xf6\x9d\
?\xf6w%\xbf6O\xd7\x06\xe1\xe9\xbbs\x08\x7f\x87\
2\xc3\x19>P1?\x17\xd5\x83q\x91\xe3\xf0\x98\xe2\
\xaba\xbfG\x96\xe4Q\xf96\xe8\x0c\xe7\xf4=#\xc7\
\xfc\xb2nO\x1f\x1a\xa8\x22\x88c\x0299bgP\
\xaftb\x8b\xb5[\x8a;\x99F\xb6\xa1:=6\xf2\
\xee\x0a\xf8\x15\xa9\x9e\x19\x80\x89\x18\xb2\xbdc\x8a\xabF\
\xf8\xa9\x98g\x15\x9d\x1a#\xef\x1c9\xa6\x96\x95\x87\x9f\
\xcd\xc2~\x98377\xd6\x13o\xb4\x22\xb4Kd\x94\
\x17\x81\x06\x1b\xda\xdb*\xe5W\x9c\x9b\xc4\xe4\x02\x0ac\
\x8b\x81\x87\xfdVG\x1ev\xaa\xe8\x14\x8b\xbdy\xe4\x98\
_v?\xe7\x83B\x8a\x91;\xe7o\xed\xf7\xcc\xdd\xb1\
s\xec\xc6k\xbd\xf5\xa9\xe5\x95\xf6\x1b{\xfe&J\xeb\
\x06a\x8b8'v\x1f\xc6\xd6\x06\xc8M\xc5\xc5\xa6\x0d\
\x93\xc0\xaf\xd4\xbb\xb7\x88\x8bC\xdeT\xa56\xf4\xf1\xf5\
\xe3I\xdf\xcc\xd8\xb7\xa7U\xbc7\x19\xb1f\x88 \xd3\
?\xee\xbf]6\xdb[Lb\xdc\xcc\xe2\xean\xb9v\
\xe1TP\xe0\x9e\xad\x19\xbc\x7f\x12\xd2_a(S\x0c\
\x92Z\xc7\xf1\x10U3\x80\x09\xc4\x19\x9dV\x5c\xbd*\
\xa3\xdfZ<\xeb\xf7\xa4\x0d\xfc\x04\x83\xa7\x86\xac\xf7\xdf\
,\xfd\xa2\x1f\xfbk\xdaSr\xa1w6\x15\xf7M\xa9\
\x94\x9fUn%\xce\x9d\x08l\xf8\x5c\xf1\xe1[3\xf6\
\xf7`z21\xf8\x90\x01SS\xf6\xd5\xab-xZ\
;R\xa2\xbaJU\x0ez\xdcvPa\xcd8\xfc\x9a\
1\xe4I\xd1;\x90-\xef\xb5f\xe7\xfdT\xa5\x11\xe5\
\xb0\xb7\xbc\x04*4\xa2c=\xfa\xc1\xd4\xc5\xa7\xe2\xb9\
\xf2\x0a\xa7~t\xaa\xbc\xc7dU\xd8\xb2\xd6\xd3\xdc\x91\
Ra)p\xc4\x19\xb7c\xec~%\x82L?j\xe2\
\xb0`\xea\xca\xbb\x8b^\xf2k\xd9\x1e*r#p\xd4\
\x89\xeb\xbc*?$r\x83\xb9\xda2\xef\xf2\x17\x93\xdc\
\x96\xed\xa1\x8a\x5c/\xca1\x17\xf8\xddE\xbf\xe6\xc9\xe3\
\xd7\xaa\x81Q\x16\x00'\xe2\xd0\xbc\x0a\x08\x8d\x9d\x93\xc8\
ok\xa0\x869\x1e{\x226~\x7fi\x92\xd71?\
#C\x81\x00\x95\xf0+&:\x9b\xd5*:S\xc4\x9f\
&\xca\x1d\x1c\xb3_\x1b\x0eT|\xc8_\xd0w\xe4\xc3\
\x81\xb5\x7fE\xab\x9a\xe2.u\xb9\xfc\xda<\xcdj\xd5\
0\x0d\xa4\x87\xac?\x5c\xfa\xd9ch\x835\x1eT\xac\
5/\xe0r\xce\xc0{\xb8g_\x86\xb5\xf8\xb2-\xa2\
J\xf1\xf5\x1e\xc5\xd4\x8b\x913D\xf9\xe3E\xbf\x0dc\
\xf7s\xe1\x8b\x08g\x0d\xfa.\xd6\xefI\x97\xdd\xaf\xb5\
\xd5hL\x0d\xaa\xbdD\x9c\x1a\xf3\x19\xaf5E?\xef\
\xcd\xcb\x82\xf6Y#og\xfd\x9e4[\xca\xe8W\xda\
1\x0b\xe38+B\x1fA\xdd\x991\xff\xd6\xc6\xe2i\
:\xe7\xe9@\xe8W\xccjZ;Re\xf7C\x052\
a\x8c\xf4\x936}c\x9e\xa3\x8ac\xb88\x13t\xa3\
\x0c\xa8\x98[\x8b~k\xcb\xe8W\xea\x0760\xe4\xf2\
\x83\xe4{\x87\x18\xeb.Fq\x0c\x17\xe7\x0b{\x11\x19\
Td%\xcde\xf7+\xadP\xe6<\xf4\x0fr\xfd\xf5\
c\xbf\x1a\xb44\xc78u\xaf\x8b\x9a\x9czm\xa4e\
{8\xb6\x04\x8bq\x9d\x22\x0a\xfb\xeao\x08\xc3\xb9\xcb\
\xc6\xb7IPZ\xdc4\xe6\x0d\x8c\xe4\x15\x96\x96\xdf\xaf\
\xb8#\xef\x06s\xb5 \x11\xe9\xba\xb3\xe3\xf5#p\x87\
\x0c\x12\x09z#\xad\x1a\x94\x16/+\xe37\x9e\xfch\
x\x8e\x09sG\x11\x89U\xe4zZ\xb7N\x1e\xbf\xe1\
1<\xf4'@\xbd7v\x01\x9b\xd5\x96\xf7\x1d\xf9\x1f\
\xc3o\xb8\x85\x06S\xa7\x11\xd4G\xc1\x1c\x9a\xd5\x8e\xf5\
U\xa4\xb1\xef\x00\xdf\x85\xf5\xde\xcd\xd0\x98\x1a~\xb4 \
\x1a{\x90^\xfa\x9e|\xef\x10\xc4\xe0]\x1d\x0d7\x98\
r\xbf{\x09S2 S\x88r\xd1\xf9\x09x\x1c\x09\
HMO\x1e\xebD\x89ka\x8d)\xfb\xf9\xf6|o\
\x06\x91i\xa8\x1e\x8a\xbc90v\xbf\xe1w[\xae\x8f\
0\xc6\xa8\x0f\xab\xe9*\xf7\xea\x8b(\xa7I\xab\xe84\
\xe0@\xc1\x16\x0e\x14\x8f\xb9\x8c#\x01il\x8aQk\
\xb1A\xb6\xfc\xabW\xa2\x1c\xb4i\xa0\x01\xf4Mj\xfd\
\xc1q\xfbm\xc6\x83\x0f\xa9\x0e3\xb4\xfeN\xf9?\xdf\
\x13\xa4\x04\xa9G\xe4MfOys\xdc~m\xe2\xe9\
\xad\xb34\xdc\x99\xae\xc0\xc5\xe3JzZh\xd0:\x11\
=\x02S\x8f\x8c\xdd\xaf\xd4?\x0e-(\x88\xf5Cx\
\x91\x0a\xec.(\x10\x1a\xa8\x11\x91\xa3TM;vU\
~b\x22\xd0\xb0\xbc~%\x85\xeaB`T\xab\x11\x8e\
3Xs\xe2\xaa\xfc\xbc\x8b\xcb\xefW\xa2\xeb\xb9\x10\x91\
\xac\xa0'\xe9?z\x1aP\xda\xda&\x8f\xdf\xe9y\x16\
1i\xc1\x9f\xc2\xa6zJ\xe3\xf6\x18\x83oQN4\
\x0d\x89JT1\xbf-\x9d\xb6x\xfa\x80\xd3\xf4\xa7\xce\
\x9e\x9fW\xc6\xe8\xf7\xe8\xf2\xd3F\xfd\x11-\xf8\xaa\x8a\
\xf85`\x10\x13\x88J\x0f\x03\xb9\xb1' m\xc5#\
\xa9Q^\xf7\x11\x17\x0e\x83\x9fJ\xda\xa7\xcb\xfe\x1aH\
\xc3\x0d\x06\xeb-\xc8Y\xae\xbf\xa5\x7f\xdc~\x0d\xf1\x01\
\xbc\xf6\xa0\x5cG\xdef\xca\xee\xb7m\x8d\xc1 b\x82\
^\xfa\x96\x0d\x8e\xd7\x8fX\xdf\x04\xce*\xba\x90\xd3\x94\
\xbf\xfd\xba\x9a\x04\xa3*\x9e\xe2m\x1a\xe3\xf5K\xf9\xc3\
 \xbd\x82\xcc\xe7\xd5T\xf9\xdb\xaf\x15A\x9d\x87x\x90\
\xa9\x8b\xc7~[F[\xe9\xd8vm\xedQD\xfb\x05\
\x9dW\x9a\xcb\xcb\xeb\x87\x0a\xd9\xa1\x98\xda\xa9\x83\xb4\xdf\
\x16\x8f\xdb\xcf\xcc8\x06:(\x989p\x22U\x91\xeb\
:\xf3\x8b==\x99x\x5c\x05\xca\xce\xcd1\xb9\x93\x88\
\x0e\x19a6\x83A\xaa2\xa7\xd84\xc4\xc7\xc2\xd1\xc5\
\xf1\xb8\x13\xa4\xaa\xeci\x1cyQ\x99Y\xdc\xe9\xae\x8c\
\x9fx\x17shAa\xec\xfd\xa34\x07\x0eT\x9f\x01\
\xcd+L\xa7\xeb\xb9\xb0\xec\xa7<\xaf\xd6ox\x0e\x0c\
\xab\xce\x02\x110\x8d\xfdL\x9e\xf6\x1b\xfe\x9e\xe9\xbe\xaf\
x\xcd\x996\xf0\xbf\xf7V\xce/\xf6\xee\xaa\xfc\x06\x07\
\x06\xc1\xf8\xe2\xf5\x5c\x9d\xb6\x8c\xef\x00\x97Vq\x96\xbe\
^\xad\xb0Y\x85\xafp\xe3\xae\xecU\x1d\xc3\xd5 \x85\
\xb1)\xb8\x8d\xf2\x1f\x1f\xaaS\xd0\x08\xa1\x9f\x99\x99\xab\
X}_\x83:\xd2\x18R\x1c\xa9-\x7f\x003P\xa7\
\xa0\x05D\xaf\xba\xca\xb4\x9a \xa5FS\x1c\xdf&\x95\
\xa9\x22a\xf2*\x92\xbf\xdac\xac\xa1\x14\xd2\xa1#U\
\x91\xe3C\xc5\xd5\x9e\x02B\x1ef]\xdd1Gk\xd2\
\xc4\xa4*r|\xe8\xc4\x09\x80\x02h\x81#W9\x81\
{\x97&{<U\x99\xab\xb2\x8f\x95\xfc$\xcf\xd5\x08\
n\x11\x17\x9d\xf2{\x22\x96\xed\xaa\xc8]\xa2\xd53\x15\
\xa5\x80\xa7p\xd5\x7fF\x14\x1b*\xc5!\xc0\x98<\x8c\
\xec\xbf\x15\xab\xf61~\xaa\xf2\xea\xa1\xe0!O\xdd<\
\x9d<b#\x1ef\xf5\x05\xa0\xc0\xd4\x82R\xf6\x08\xa4\
\x1c\xa6&\x0f6\x7f\x95oi\x18\x08C\x8cV\xe8\xef\
\xf4\x22xW@\xe2\xc2\xd5\x14\x17\xe1\xb5eC\xa2|\
\x5c`-\xbbo\x18({1\xb69}\x8a\xa7 \x96\
<l\x1b\xff\xef?\x9e\xb3(5 !\xf9\xde\xf2w\
\xac\x99kT\xbc\x14\xc4\xc7\x85\x1f#\xc7J\x83\xa4\xa8\
\xae\x80_c\xb3F\x96B\xa4\xa9\xfc\xb8N\x96\x5c\xf0\
IkZ\xf0\x15*D\xb9\x01\x02\x0a8\x9f\x1f\xfb\xc9\
\x8d\x8b\xe6\x1f%]Zd\xaaL\x91\xae\xa1\x99\x05\x8c\
\xcd_\xd5s=\x07@R@\x8a\x193\xa8\xc4\xd58\
!\xbb\x96\x85\xd3\xcc\x92\xab\xab\x0f0\x07\xd0t\xf1\x15\
\x9c\x0a\xd6j\x0d\x83\xab\xdf\xd93\xa4\x10R\x0c\x1c\x97\
\xc98\xfd\x80\xa4\xf1>\xcd|&\x1f\xbdo\x8a\x81\xb4\
\x81\x14\x83\xe9I\xd4~\xa5 \xe7tJ\x80\x14bR\
T*\x00\xf2\x22\x10E\xc5\xd3+W\x83K#\xe3\x1b\
\xff\xc6^\x04+o\xf2`N\x13\xa4\xe6\x86iYT\
,\x102\x96\x06(%\xc9\xd5\x99Z\x15m@}L\
\x0f\xe5/\xd1\x9fv9\x8470\xd2\x10\xf6\x04\x0b\xc7\
\xed\xb7\xff\xe5\x1a\xd0z\x9cq\xf4\xbc^~\xbf\xa9\xe4\
\x059\x00\xd4\x13\xc8\xbcq\xfb\xd5\xee\xaaR\x1f\xd7\xe1\
Q\xd6l+\xbf\xdfM\x85\x9c\xa2\x87@\xeb(\x98\xb9\
\xe3\xf6k\xb83\xad\x86\x1a\xbc\x8c\xef\xe8\xe5X;\xe1\
\x02\x97W\xe4MTj\xe8\xeb\x9b\x0d\xc8\xb8\x8e\xb8\x9f\
\xde\x1bBP\x85X3\xae\x9d\xd91\x0f\x123\x0a\x8a\
?\x02R\x85?1k\xdc~-/\x06\xf4\x9d\xaeb\
(\x1bP\x89J\x8fUq\xc1+GQ\xc9Bf:\
0\xbeW\x04Z\xd5\xd0\x90\x0bH\xef\xadL\x929p\
<V\xd1\xe3X\xd2\x0c\x0eM\x1d\xf7{&\xb3\xf7\x06\
\x98@A\xa2q\x1d\x9d\x1e\xeb\x19\x9b\xc6wF\x02'\
A\xd2T\x0fL)\x15w\x1a{\xff\x98\x7f0\xa5\xc6\
\x06\xe5\xf7+q=1p\x0a\x08\x89\x06\xebK\xc5\x93\
\x984~\xfffq\x8cJ\x0f\x88\xe5\xe4p5v\x9d\
<\xedG\x93\x13\xf4,xCUu\xd5U\xf9\x05\xc6\
V\xcc\xaf\xe7u\x8f\xb1\xbd\x10@\xba.;n\xbf\xb7\
\x1d\x0c%\xa0\xdf\x18{\x82g(\xff\x02\x16\xdb\xbc\x10\
\xf4\xe1\xac\xd2\xdf\x90\x1e\xb3\xdf\xf0\x18\x14\xa6g\x12f\
B\xd03p&W\xde\xd7h\x80\xc6\x0d*&\x1a\xc0\
{O\xd5\xfep\xcc\x01\x5c\xc9/4~!\x22\xf3Q\
=E\xba.W\xf6\xe3\xb1\x1bP\x5c<\x848GW\
g0\xae\x9dYTR.\xb5\x10X(*\xa7\x98J\
\xbe\xec~m\xbf\xeb\x19\x88r`\x22\xd6\x8e\xe3\xe4`\
\xc9\x8f>\xb3\x00d\x1e\xd0\xc3\x02W~?Pz~\
\x90\xa7\xae\xd7\x8d\xab\x80\xd5\xb0\xdf\xd13\xf3P\x9d\xa7\
\xe8YfP(\xbb_#\x8aQUg\xb2\xcc?\x98\
\x1a_\xffP\x81\xd3sTe\x8eGz\xc9\x9f\x8a\xca\
\x9e|4\xa2 \x91\xaa\x0f\xaf\xcao\xf0\xd4,U\x9d\
\xed\xa1\x9f\xe2Nfe\xfc\x8c\x0d\xae\xca\xaf\xaa\x7f\x06\
\xcaL/2\xc0@*.{\xfev\xd5~\xad\xc5\x0a\
\xdb5\xb3\xa7*2\x1d\xd5!\x1a\xdf\x19\x95}x\x1e\
\xf6\x13\x0d\x99\xd1\x99\xbd\xb4\xf2\xf8\xa8\x05\x18K\xb9e\
\xa1A1\xd3P\x9fg\xea\x9b\xae\x12~\x922\x83^\
\xcc\x1c>\xd3=u\x1c~\xc5\xef\xa9)\xd4\x03S\x11\
\x0a47\xb92&\xc0\xa2l\xc6\xf0\xf4\xa2\x9c\x87\xef\
b3\xd69\x7f{1H\xdff\xc6<\xc1\x0d\x99\xb9\
\xa0\x0d\xe2)^h\x5c\xb6*q%\xbfG\x96\xe4=\
\xf2}\x94zg\xa3\xdb\xc6\xee\xb7\xe1\xdc\x04\xac^\xa7\
\x08\xfe,[\xd6\xba\xf2M\xc0\xa24\x17\xfd\x9c\xd7\xe7\
\x15\xa95\xc6\xdf\x02\xa2l\x1b\x83\xdfp(\x152\x0d\
\x91:\x09\xe8?_\x81\xaf\x8c~m+\x0a\x82\xdf\x8e\
Rc\x0d+@t\x5cG\xf9\xe2\xde)\xaa\xd4FA\
0T|?\xa0\x9c~\x9b\x8b~\xea_B\xa8\xb6>\
^\x0e\x8c\xd1\xaf\xe4\x91\xf7\xb5\x01Z\x03\xb9\xa8\xbcU\
\xecJ~[V\x14\x04\xdd\x89j\x955\xa9\xc5E\xbf\
1\xed\x84K\xe9\x04C\x96L\xba\x0a\x17\xfb\xf2\xae\xae\
\x95*Z\xb6\xaf\x8e\xc4H\x97\x8a\xcfX\xb17\x00\xe3\
+\xf4\xb1\x7f\x7f\x0aj\xaa\x082\xa6\x12\xd7\x97\xd1\xbe\
:\x12\xd8\x8d\xd7t\xe0\xfdu\xe3.\xa41uq\x14\
E\x87wE\xb5g_/\xf3\x1d\x98:\x5c)[\x91\
\xd7<\x1a\x12\xdb\xf9\xe3\xf6\xcb\xf7\xd6\x83\x86\xb6*\xd3\
W\xe6\xf7\xb7t\xb8R\xb6\xa8\xeeG5 \xca\xcc\x1e\
w!\x8d8WS!\xbfb\x15\xe8\xb5\xe2\x8cw\x07\
A\x0c\x91\x991\xee\x05\x8eJ\xfa\xa9\x0a[\xc4\x990\
>\x82\x22T\x15\xa6\x8e{\x7f\xba\x92~\xa5+\x1f,\
\xb6\xf8j\xcf\xd0P\x1d\xe3\x7f\xff\xb0F\x9d\xcf\x1a\xe3\
s\x15\xa9\xe2\xd9\xd6\xe6\xad\x97S\xf8X\x19\xa0z\xdc\
G<\xb3\xb9\x1e\xc8\x7f\x1cc\xee/\x15u*o\x1d\
\x84\xb66_\x08j\xcfD\xc6:8\x93\x19\xc7\x01\x04\
\x03\xe0\x8c\xf9\x00U\xd3\xb2\x1e\xfe\x85G\x96\xe4\xd9L\
y\xdfC\x17Q\xaa}?\x98\x88\x86\x5c0\x8e\x85\x07\
\x03\xa2\xb1\x8b\xdeI\x90\x99\xe1\x84\x97*\xe2\x87B]\
\xf5\x10i\x0a\xe3\xda\xa1\xd9V\xf43\xd8\xd5\x22\xba@\
Ev\xd0\xb6\xa2P<1Q\xc6\xcf\x17`\xda\xdb\xa6\
\x05\x87\xf5fN\xef\x9d6\xe6\x04\xa4\x0b)^\xff\xc8\
\xad\x08sE\xb4\xab\x22~m\xe2\xa3\x94\xefE|P\
\x1c+\x18\xc7\xd1PQ\xeb\xed*`\x8e(\xbb\xd9\xb2\
\xa2@\xf3\xe6\xb2\xfb\xd9\xaaL\x1fhxU~j\x9b\
\x80\xd9\x82\xbeF\xfb\xeah\xf2\xf8m)\xfa\xc5f\xa9\
\x0a\xb3Du\xff\xf9\xab\xc5\x98\x04~M\x02h\x10\xf9\
\x9b\x80\x19^8X,pX)?B\xb2\xf1\xd8\xaf\
:,\xc5\x10\x817\xd7\x1b\xdc\x0c\xf1\x1c9\x7fCC\
\x99\xfc6\xab\xa5M|\xec\xdcG\xa8\x9d\xf37&\xe2\
\x17J\x05\xc2\xecX\xfd\x083\x0bT\xcdTA\x8e\xb3\
V\xc6\xbc\x086\xb6`v\xcb\x16\x00\xacs\x9b\x89\x06\
\x06\x81_\xe6\xe1\x03YXs\xe5r\xf6\xaaB\x1bJ\
\xab\x06\xc6\xfb\xdbP4\xb6\x85\xd7\xcf\xdf\x0bY&\x86\
\xfd\xd0\xbf\x02\x8e\xa1\xfcB\xf1\xba\xa0\xb7\xf0C\x85\xb6\
\x0d\xca][\x03+\xb2\x12c4\xf6z\xa0\xec\x9b\xfb\
\xa5\x1d\x01\xc5|\x1d8&\x9e\x8fp\xcf\xbe\x0ck\xc6\
\xe0'@\xb3Z\xeb\xe2\xa5\xea\xbc\x89l\xe9\xfcj\x05\
\xfc\xac\xe7\x9b\x08'P~\x86{\xb6fh\xdc\xf0\x16\
\xe5\xecK\x13L\xf3f\x1bH\xbc\x08\x11C~\xe0T\
%\x8e\x87\x01X+\xdf\x059\x81\xe8\xfbX\xbf'=\
6\xbfb\x82\x15Z\xe6\x82\xb7\xd8\xf0l\xa5\xfc\x02\xaf\
\xdfC\xe4$^\xd7\xd0\xdc\x91bs\xf3[-T\x14\
\xabT\xaa\x0a\xb1N'\x0e\x02\xe6W\x0f\x96\xffxh\
1Q\x0b\xd0\xe7\x049-\xea\xef\x18\xa3\xdf\x88\xf7\xab\
\x5c]\xb1\xc8\xd9\xf1\x98\x0aU\x09v\x91{\x11\xe8\xf1\
\xc2m\xb4hH\x1bc\xbf\x0e\xe0\xc8\xe1\x0c\x5c\x0f\x9f\
\xbbc\xa8\x02zZ*\xe0\xf7\x8a\xa8\x9c1\xb0\xb2X\
\xe8c,\xd7\xb9\x15'\x9aLL\x0a\xd4\xe7\xe2\xa1\xd3\
\x15\xf33\x85n\x8c\x9c\xb5\x96\xa5\xdc\xb55\x18\xb3_\
\xab\x9aT\x81\x19X\x13W\xc4\xaf\xf4\x9eX\x8c\xbe\x8a\
w}V\xdd\x22\x9a\xd5\x16\xbf~%\xbf\x11\xfdw(\
\x9aY1\xbf\x92Ad\x82\xfd\x22\xf4\x05\x11\xf3\x8a\x85\
4\xc6x}M\xa5\xfdJ\x14r\x03\x87\x81\xfe\xd0\x07\
3J\x85$\xc7\xe7\x17\x84Q\x0e-\xff\xf8\x5c\xf2\xc8\
\xa7\xe2\x13bd\x00\x0d\xeb\xc7V\xa8\xec\xbc_\xaaP\
3\xc3\xa8\x1ev\xba\xec\x07T\xe8\x8eIN\x1c9\x0b\
\xf1 \xe9t\xf6\xdc\xd5Ro\x9dX\xf9\xe2\xdf\xd0\xaf\
\xc2EXas1\xe6\xa8\xc0\x07<\xe4\x060>G\
\x5cm\xc7\xbc\xbb\xdfvw\xcc=\xfb2\x18}\x10\x1f\
\xe7\xad\xca_\x8f\x8c\x89\xca\xca\xd4\xc5\x11'\x9a\x86X\
\xbf\xb7\xf6\xfc5UW\xf0lU\xc3\x9a5\xbe\x18\x8b\
\xc9} \x83\x16\xff\xf7T\xaa\x01C\x9fCL\xf1Y\
?\xf7\xfc\xbd\x85_#Zl?\xf3I g\xad\xf9\
\xd6\xc8\x98\xa8\xac\xc4\x9c\xc6\x9ax\xfc~[3\x18]\
\x8bh\xde\xaa\xdf:2\xe6('\xb9x\xe8*\xfc6\
(\xeb\xf7\xa4\xc1~\x18\xa1`\x8d\xfc\xef\xc9\xe5\xd7\xa9\
|\xe0\x1f\xd2\xc0O\x03\x85@\xf5\xf9J\x8d\xcf\xe7\xfc\
\x9c\xcc\x1cs\xff\xd8\xdc\x5c*P*\xef\x05\x8d\x03\xe1\
G\x15\xf3\xeb/\xf4\x88\xca\xa0\x19\xc8\xfe<-\xdb\xeb\
\xcf9\x5ci\xe1z\x03J\x8b\x86x\xeeB%\x0e\x9c\
\xdbY\xf6*\xdf\xa5\xa1@\xbc\xd9N4\x90E\xb9\x8f\
\x96\xedU\x80\x7fK\xbf6\x94\x96\xed\xa1\x81w\x02\xde\
\xe1w\x8d\xa7\xc0\xe6\x18\x13\xe0\xb5\x8eV5\xf1\xa6\x95\
?\xc0\xeb\xdf\x0az\x87\xed\xef\xfd\xad\xe2}\x8d\xe2\xb9\
kkp\xfe2\xf4\xe1\x8b\xe47\xdbs\xf7\xaf\x1d\xed\
z\x9f*K\xc4\x98\xfd<y\xeb\x9b\xe7\xae\xf6)[\
\x03\x96\xfc\xda\x9b\x9e\x07\xf9\x06\xaa\xb7\x9b\x86\xfa_?\
\xe7\xd7\xac\xf6\x12\xbfs\x1dH\x94\xc53\xde\xad\xe2o\
\x10\xa7\x87\xd9\xb4\xea\xd8\xd8\xaeO\x1ag\x95\xd1V5\
l\x5c\xfe\xa2\xc2\xb7\x14n5\xe9\xdcg.\xf0;w\
\xa7Z\xe9\x9f\x91~\x0d\xdd\xb7+\xb2\xd0\x88\x1c\xe3\xd1\
\xc6S\x95\xf1k5\xd1\xc6\x15/+\xe6\x9f\x14]e\
\xd2\xb3\xee\xa3\xad\xcd\x17+\x90n\xb6#.C\xbf\xd4\
\xaf\xb6i\x95Z3W\xd4\xf5\xf0\xf4\xadg*\xe6\xf7\
Dc\x07\xf8\xef)\xdah\xa2\xe8\xe3\xa3\xf8\x9d\xbf\xa8\
}\xd8\xe1\xc8\xce%\xbe\xe0g\x19\x09\xfbxlE\x7f\
\xf1\xfb\xca\xec\xa7*\x85M+\xbb\xf1\xfe95,1\
\x0d\xfc<R\xbaS\xf2\xdc}\xcf#+\x97\xeb\xf9+\
\x1a>\xd3\xb50\x88\x0b\xd3\x10\xcd\xd1\xb6(W\xf6\x91\
\xaftb\xa0\xf0d\xd3^U\xff/\x0a\x8bl\xbd\xf9\
\xe9+\xfa\x8d\xfc\xff\x07^\x9b\x81\xd1:\xd2A<\xfa\
\xc5\xe9?\xa6\x1f*|q\xd5\xeb\x0a/+\xba\x10v\
\xbf\xe7\xdc\x9d\x9c\xe7\xfa\xee\xc8\x88{\xc4\xff\xaf\xdfS\
Gt\xac\x1a\x97\xb1\x15y1WJ\x13m\xfb\x8a\x03\
\x22t\xa0~..}\xe7%\xf7\x0d^\xbe>!\xb4\
l\x0fs\xbbO\x1c\x8ec\xd3\xc5cM\xe5\x7f\xffr\
\xd8\xef\xc9[\xdf\x14\xd5\xdd\x8a\x9f\xc9\xd2\x99\xb7]\xe8\
w\x85\xc3\x07Gw-\xf4*\xf5\xc6\xbb3\xa5\xfeQ\
^\xbfa\x87M\xab\x8e\x99@^S\xd5\xa9\xd4\xedn\
\x1a\x83_\xd1\xe1`\xd7\x025RWq\xbfG\x1bO\
\x19o\x0e\xaaqu\xd4w\xdfx\xc1]\x83\xa3%o\
\x13\xe6\x87\xf0\xf4\xadg\xac\x8b\x8fj\xe8\xab2\xd3\x97\
\xcf\xbd\xf2\x22\xd9D\xfa\x95<\x1e[\xd1\x1f\xe1O\xe2\
Hqd\xf7\xd41%\xbf%?\xafq\xbdX\x19`\
\x0e\xae\x02~\xa58\xe1\x8e!\xc8\x9fE\xf2\x86\xb5\x9d\
\xd5\x97,\xe4^\xce\xafM<-\x1d\x0bE\x82Gu\
\xe8\xe4/\xc5=\x9d?\x18\xae\x89Pv\xbf\xf6\xd5\x11\
\xd5U\x03\x04\x03\xee\xb2\x0b\xcd\x17\x7f\xadu\x83\xd0\xba\
5\xb0\xe9\xc1'\xa4j\xe6m\xea\xe3\xef\xc4_X\xfe\
l\xf1\xee\xef\xb5e\xf6+]\x17\xd9\xd0=3\xc8\xc7\
M\xd46\xcd\xbf\xe4\xbe\xf8\xcb}\x7f\x9bx[?\xe5\
\x0f\xc5\xa6\xd6\xa0|'noz\xbe\xfc~\xa5g\xe5\
\x91%\xbdF8\xadF\xea8\xd8\xb5`t?\x95s\
\x95\x80\xdb\xc4\xdb\xf4`\xab\xa0?)\xc8\xd6\xe8\xf1\xe5\
/\x96N\xfc\xf8\xb2\xfb=\xb6\xa2\xdfxw\xe6\xca~\
\xa5\xd8j\x84\x9f\xc9\xcc\xfa\xbf\x14\xeeR\xf8~\xb4q\
\xc5\xcb\xd7\xc4\xef\x5c\x8c0\xecW\xaaT\xdc\xd6\xe6M\
.\xfa\xac\xaa\xdc\xa1\xc8\xf3\xd1\x13\x8d\x1d\xc5\xc4d\x82\
\xfcZ\x11Z\xb7\x06\x97\xf8\xdd5\xc2o\xe1\xa2\x16\x15\
\xb9\x1d\xe5G\x85M+\xbb+\xeb\x17\x9c\xd1\xc8UQ\
\xbbr\xd6\xb9\xf9\xedr~\xcd\xc5]OD\xd44\x98\
_V\xcf\xdbT\xd9Yx\xb2ioq\xe3\xb0\xcc~\
\x9b\xd5\xf2\xd4\xf2>o\xcc/J\xf5\xec?\xb1R\xf5\
_\xcf\x8do\x97\xf8\xb5\x96\xfc\xda\x8a~t}L\xd1\
U*t\xe7\xbf\xb8\xea\xf5\xa2_\x19\xab@\x97\xee\x5c\
w\x9b\x1a\xbf\xa3\xf9\xbeoH\xaa\xfaVK\xf6\xf7G\
\xcd/G\xfa!j\xb5\xfaC\x826\x8a\xf8Wi_\
q`<\xf9e0\xdeA\xd0\x05{~\xcf\xc6\xba\x0c\
d\x9d\xb9\xbf+\xef\x07\x0a\xff\x83/\xdf2\xc03\xc5\
\xf3L#\xe2*\xc7\xfa=i;\x14\xff\x14\xca\x1dj\
\xcc1'\xe1\xf7\x80\xe2\xb5E\x95)\xe3$\xcew\xff\
\xdf\x06\x16#|\xd2|\xba\xb3\xe0\x87\xa2G\xf9\xb2\x0c\
\x0c\x9f\xb7\x1a\xe1W\x5c\xb9\xcaE?i\x84\xdbP=\
\xe1l\xee\x85bl]9?\x0d:\x1f\x91Hn@\
\xf4c\xa6\xa5\xbb\xe0\x19\xd8D\xbb\x0c^\xf2\xf3\xdaP\
\x9a;R\xd4\xe9\x1d\xc6\xfb\x95Xs26\xf1\x0e*\
Vyg\x03\xb0A\xd4\xef\xfe\x821r\x9dz\xffa\
\xd3\xd2\x95\xf7\xd55_)\xdd#ya\xe0\x5cZy\
\x81\xec\xdb\x8c\xb2\x04/=q6\xbd\x9b\x8a\xa2\xe2\xe3\
\xae/\xd9\xc0\xccW\xa7\xff\xce\xb4t\x16|\xbe\xea/\
y\xfa\xe2\xa4\xb1T\xa1\xb7U\x03\x0e\xedn\xb4\xe8u\
b\xfd\xd9bu\xeb\xe1x\xad\xcc\xcd\xb8a\x83\x80\xe2\
\xd9\xb1\xd9j8\x1b\xe1n\xfb\xe9\xee\xbc\xcb\xd8\xbf\xa3\
\xed\xe2\xc2b\xa2\x08p\xd7\xd6\x80\xc5\xb3n\x08b\x9d\
-\xd6\xf4\x91\xed9v\xc1\xcep%\xdaO\xba\xbf\x1e\
\xc0L5\xdc\xc1\xfd\x9dyR\xe1w/\xeb\x07\xd0\xbc\
\xd9f\xaa\x97\xcf\xcdEq\x03\xd6\x0c0\xa3p\xb6\xa2\
\xb5*D\xc5\xfb\x9d\xdf6V\xa6\x09\xba\xda\xb7t\xe7\
\xe9q?\xa0mE\xe1\x5c\xdf=\xf7\xddR\x5c\xbd<\
\xf0\xd24\x06\xa2*\xd2f\x88\x85\xbb\xf2\x15+\xacT\
|d\xc4a\xbegpS\x8c\xc8J\xdf\xd2\x95\x87\xc1\
\xed\xb4Kt\xd9\xdf\xa1*|\xa6\xb3\x9a8k\x99Y\
(\xf0\xd4\xf2>*\x8c\xb3\xfey\xeb\xa4\xd6(K\xfc\
\xba\xddy\xe6-\xe9\xa0M\xe2Q\x83\xdaV\x95\xfc\xa1\
\x9dC\xa1\xb8\xa1Bm\xdd\xa1+_>_\x86M\x10\
?\xb4\xc3\x06\xd5U\xd6\xebu\xaeeG\x81\xdd\xa7^\
\xe5\x99Q\xfcZ\xb6\x87\xc4\xd9\xb9A\xc0l\x11;X\
\xa8\xcaV\xdc/J\xb9\xddA\xa4\xe9\xc0\x98\xd9\xf1C\
\x9dyNt\x1e\xba|\xb2S\xbc\xfa\x87\xda\xa6\xf9\x13\
\xe9W\xa8\xab\xdf\x1f\x0e\xf5\xdb\x1c\xa6\x81\x07^\xcd3\
\xeb\xc6\x93\x97\x0f\x96\xae\x8d\x1f\xe9\xd41\xc4B\x7f\xae\
\x9a\xf5?,\xf0\xc7o\xef\xbb|0r\x19\xbfT\xf6\
\xe0\x98\xef\x7f\xe4\xaa\x8bu\x9d\xe1\xf8\xb4Z\x1a\xb2\x96\
\x96\xedaqA\xef-\xfc`\xb6@\xceo\xbc\xf9\xcf\
+\xde~u\x9b\xf2\xd4m\x80\xfb^\x9f\x99\x0e\xba\xb3\
\xf9\xd3;\x0f\x8e\xfa\xfcu\xa9\xa1\xa1{\x86\xa8\x9f\xaf\
\xf9\xbe\xd3\xde\xcaoT\xe0\xdd\xda\xe1\xbd\x92\xe2\xdf7\
\xf0}\xe2\xc2\xc1 \x88g\xc7\xf7vB\xdf\x15\xfa\xc7\
=\x1d\xb3m\xda\xfc\x0eA\xfaA\xe2\xfc\x1bN\xf5\xf7\
P\x95J\xd4\xa0\x1c\xfeL\x0aU\xb5\x87\xc2\xc1\xa1\xaa\
+\xfb\x89\xd2F\xcc\xbd\xdd\xb56\xf0m\xa8|\x06a\
\xb7s\xee\xbf_{\xbfs\xb7\x0bx\x1e\xea\xa8\xb1\x91\
\xf9\x0d<\xebTxU\xbd<R\xb9\xcf\xf7-\xfcF\
\xd6M\x19\xe1gb\xf9UT~\x19\xf4u%l?\
\xef\xd7Vy\xbf\x96\x0e\xa5M\x0e\x5cr\x9d\xe8\xb0\xdf\
'^\xae6\xd9\xf0A\xf0k\x05\xd9\xef\xd4|\xa9\xb2\
~P\x18x\xe5p\x98\xd1\xea H?\xad-\xbb\x0e\
\xb9\xb4\xf9,mKz/\xfb\xdaG\xcb\xf6*C\xd5\
\xa7\xf0\xfe\xc3b8\xe0`3\xa8\x94\xee}/\xef\xf8\
\xd2Y<\x0d&~\xc7_k\xff\x91Ob\xd3\x0f\xd8\
u\x1dy\xe7\xedo\xd3vQ\x5c\xd2\x86B\x1b<|\
 k\xfa\x07~\x11\xf5\xff\x0e8\xe45\xfeF\xc5\xfc\
J'\x86\xfd\xa7_\xfd\xcf\xb60\xd0\x88\xc8glK\
g\xde\x05\xfa\x07<\xb6\xa2\xff\x82\xfcr\xd8\xef\x9e}\
\x19\x93\x1e\xf8\x08\xf8\xbb\x81#\x19\xcc\xb7\x07\x87\xaf\xc5\
\x1dc/\x91\xf1\xde\x15F\x9b\xf8p]g\x933\xd2\
\x0ez\xbd\xc0\xf7\x10\xf35\x87\x7f\x85\x81\xa9\x87\xe1\x18\
T\xa7gX\xf57\x8a\xca\xed*z\x83 \x07\xc2X\
6\x0d=\xb5\xfcpE'\x8f\xe1\x95\xb1\x96\x1d\xcb\x0c\
\xf6\x7f\xa1\xb2@D\x9fE\xcd7\x5c`:p5G\
\xe1\x08\xd8\xf4\xb4 2\xd7{cnQt\xa1\xa8\x1e\
\xf2\xde\xfdEEv\x7f/\xe7w\x7f\xe7b\xab\xf2\x07\
\x8a\xce\x13\xe5\x05D\xbf\xe5\x02\xe9&\x1e:AOA\
\x99\xd9\xd0@l\xe6\x1b\xf5M\xa8\x9f\x0b\x1c\xf1b\xbf\
N\xfb\xb2\x93\x95\xf5k5\xb4\xb5y>\xb5\xfb\x06\x1b\
\xba\xdfT\x98-\xca\x8f\x10\xf9gW\x88_e\xa0\xef\
$Uy%\x98V\x8f\x989\xd6\xc8bEg\x0ar\
\xdcY\xf7O<\xbe\xaagB\xfc\x1e\xea\xbc\xce\x16\xf4\
a\x8c\xcc\x10/;P\xf3\xfdX\x07\xf6\xe1zOS\
7O\xc9\xfbZ$\x9ei}p\x9dj<U\x02{\
\xd2\x85\xf69\x1eY\xd2[Q?-\xad<\xad\xdb3\
\xdf\x9a\xa8\x05\x98\xa6^\xba\xbc\xb8\x17\xf0z\x807\x0f\
\x9d\xa1v\xa12\xbd\xb6\x1a\x97\x9f\x1a\x98h\xaez\xa9\
\x13u=qxr\x07\x8f\xdd\xdd_\xb9\xe4wD\xe0\
\xd6\xd25\xc7\x88|\x5c\xbd6\x88a\xb77\xe6e\x1c\
\x87\xe9\x89{i\xc8)P\x85M\xd7\x85j\xa6\xab\xfa\
*\x11{6:u\xe6\xb5\xe2\x0eJe\x178@\x94\
\xfbv\xcc2\xc6|\x18\x91:Q\xff\xba\x93\xb0\x13[\
8\x86+\xf43\xa7O91#C\xdeW\x13\xd8:\
\x1c)<\xfd,\xd0#\xc5Dy\x02\xfcZvM7\
\xc4\xef\xc3\x9bj1\xbc\xe1l\xfc*A\xe6$;\xde\
\x1cd\xe6\x1a\x85\xe7R\xcc\x9d\x93fh(K.o\
\xa8\x9e:\xc8\xc9\x85\xbd\x15\xd95\xba\x9c\xdf\x83;\x1a\
\xac\x06w\xe25+\xce\x1f\x8e\x83\xd4~\x06\x86\xce\x90\
\xbf9G#JWg@C. \xae\xb6\x04u\x8e\
9sst!\x13\xe6\xb7~O]\x90\x8fnQ\xe7\
\xd2&\x95:\x16\xe5\xcc\x11|\xd8\xc7\xf5\xd7\x17\xd8\x80\
\xb2f\x9be\xe6\x09e\xf6-\xd5A>n\x12\xef\x87\
\x22\xd3\xb0\x87\xf6y\x83T\xbe\xe2\xa5\xf2\x89\x97\xab\xc3\
\x9ap\x89zcc\xe2\x1e\xc8\x9f\x84\xdb\x06i'.\
&Fj\x99\xf6\xda\xb4\x94\xfa\xe9^s\xf5\xe2\xcdD\
\xf9\x15\xb9g_\x86``>\x81\x08\x92>K\xf6x\
\x1f\x87\x0e\x15\xd8\xb2\xd6\xd1\xbc\xb9x\x95\x9a\x19\xaa\x09\
\xe3\xfc\x0c5\xaen\xc2\xfdZ4\xc4\xbc\xd6\x80\x8f=\
\xd4\x0e2gn\x8e\xd3{\xc3s\xd7\xab4\x1c\xbe\xb6\
~\xadj\xe8z.\x0d\xef,d\xa6\xbf:77\x98\
\x8fH\xe7z\xe9\xb9-\x7fe\xbf\xb9C\x15\xdb\x9d\xbe\
\xd0/\x08\x8f\xeeiR_\xa86&}\xa6 \xe6$\
>\xdbO\xcf\xdcK\xfd\xc4W\x89J\x14i\xbe\x9fM\
\xb7\xbdZ\xd1\xf9\xed\xdc\xe7\xfbfU\xe8{\x96\xa8\xf1\
Y\xf1\xb67\x0a\xd2'.\xf0\x9b\xd1\x99%O\xca\x04\
|H\xaa\xe7\x7f\x91\xbe\xc3\xc7\x8d\xd5\x0fDO4\xbd\
T\xfe\xdd\xcbq\xf8\xed\xdeS`\xe6\x1a\xa5n\xe7t\
\x13\xa6?&\xce\xfd\x0a\xa9\xaa[\x89\x06_5\xce|\
4\xda\xb4l\xc7\xb5\xf3;\xd3\xcf\x9c\xbe\x02G\x16V\
\x87\xe4ot\xe8\xdbE\xe5\x17\x81w\x82\xdf\xe9T>\
\xc9\xc6\xa6\xce\x89\xf63\x929[\x10s2E\xd4P\
\x18\xca\x1d#]\xa7\xa1\x0c^\xef0\xabQ\xf9\x08\xe8\
\xed\xa8vy\x09\xee\xa7}\xd9\xae\x89\xf1\xdb^\x15F\
\xe9\xc5\x9a\x92\xb4*\xff\x87\x9a\xf0\x15\x1bG\xdf\x8dL\
n\x1f\xe9:\x0d\x87d\x813\xeeV\xc1\x7fP\xd1\xdb\
\x80n/\xfc\x1aO6\xed\xad\xa8_\xe9\xcfN\xad\xeb\
Z\xe2\xac\xddNfJ-\x83'\xb7\xab\xb2\xc9\xaa{\
6\xcae\xf6\x93v\x8a\xc4\xf3\x8d\x98\x95b\xe4\xfd\xaa\
\xbaJD\xf68k\x7f\x9b\xc7\x97\xbe~.\xc6\xad\xa0\
_xo\xe7\xad>\x90\xbf\xc6\x84\xd7\x89+l\xf3b\
\xfe\xd4{\xff\x02\xde\x1c\x80S`\xa6\xce\xb1F\x1bA\
\xeeVh\x14x\xcd\x89\xfcW\x9e\x5c\xbe\x7fB\xfc\xee\
\xdb\xb1\xca\x1b\xfb\x15DnP\xf4\x9f\xf1\xfa\x17\xde\x04\
/\x12\xc4\xc5\x05\xdcXgYg\x96\x12\xc8\x9d\xaa\xba\
D\xd0\xfd\xce\xea\x1f\xf3\xf8\xca\x83\xe7bp*\x91\x00\
\x97\xca\xb9\xb3E\x1c\xeb\xba\x96\x08\xfaY1\xdc\x81J\
\x0a\xe1\xa8\xc0\x11T\x0b`2\x8aO\x8bH\x8f\xa2/\
\xfa\xd8\xfc-O-?\x5c\xd1\xc6;\xe7\xb7\xd9\xb2e\
\xad\xe3\xbe\x8e\x9b\xc4\x98\x16\x11\x7f;H\x08\x1c\x13\xd5\
c\x88\xc9\x83f@BT\xcf\xa8\x91W|\x1c\x7f\x8b\
M\xab\x8e\x8d\xb7\xf1~,\xbfu\xbb\x16\x89\xb8{\x04\
\xb9\x05\x08E8\x8e\xfa\x13`\xf2()/\x1a\x08r\
V\xact:/\xcf\xd0\xbe\xec\xe4\x84\xfa\xb5t,4\
\xc8\xc7DY\x81\x88\x05N\x8a\xd7\x93\xde\x90\x07B\x10\
\x8bj\xaf\xc0\x1e\xe7\xf5y6\xad8=!\x93\xef\xf0\
\x00\xb6\xee\x95\xf9\xc6\xd8\x9f\x15\x95\xa5`\x8c\x17N\x89\
\xf8\xd3(y\x10\x8b (}\x06\xbb/&x\x85\xf6\
\x1b\xcfN\xa4_UK\xd7\x9c\x9c\xf8\xf7\xab77\x22\
\x88\xe0{\xc0\x9e\x06\xf2\xe0\x0d\x8a\x88\xd0'\xb8Cq\
\x1c\xee.\xee\x0eN`\xfb=\xf0\xeaL\xeb\xf3w)\
f!\xea\x05\x913\xe2\xfd\x99\xe25\x12\xc5\x17\x96 \
\xe8\xb76>Zp\xf97h_=81~\xa51\
\xa2e\xfbtK\xd5\xdbu\xf8\x82\x0a\xf4,\xc8Y\xb1\
\xe4qV!\xf2\x82\x19\x8c\xf0'I\xa7\x8e\xf1\xc8\x92\
<\x13\xc2\x88$\xb3\x10\xde\x8c\x95\x19H\xac\xa8\xe9\x15\
\xe8\x13\xc8\xe3\xbd\x8f\x02\x13\xe3\xdd\x10\x84g\x99\xb3\xf4\
\xcc\xe8\xbb\xb0\x15L2s~\xa9\x8ao@\xd5\x8b\xd0\
'\x9e\xfeHSy\xc49\xc8G\x98t\x0e\xfa\x07\x99\
s[\xae\xe2A\xcb\xc5~\x0fu\xd4\x84\x05\xb9N\x0d\
5\xe0\x5cL\xaa\x1f\xe2A2>\xcf\x80\x89HS\xe0\
D\xd7\x10\x0d+f2X\xe8\xe5\xcb\xb7\x0cL\xc8\xf3\
7\xfc3\x1e~6\xcb`\xc3,4\xca@&\x22\xee\
\x1b\x22\x1d\x0e\x91\x99\x92#\xce\xf9 \xefV\x82\xb7F\
8]\xa8\xaa=T<%3\x11~\xa5$\xbd\xb9#\
\xc5\xb4x\x0a>e\x09)\x10\x0d\x0e1'\x13\x87\xc7\
\xcc\x12u&\x8b\xf8\x00\xf1\xce =\x13\xecW\xe4\xae\
\xad\x01\x0b\x96\xa5\xc9\xef\xf3\xcc\x9e\xee\xc3(j$\x0e\
\x14\x22\x8a\xd5\xbc5\xbc\xa6~\x00\xf7v\xd7\x06\x81o\
\x041 Q\xf1\x1el&\x87_\xcb\xf6\xaa\x94d\xe7\
y\xb4\x01-V\x17\xbf\xc4\xcf\x9a\xd8D\xfel\xa1\xf6\
\xccA>w\xc7\xd0\x84$\x1f\xe7\xfa\xc7\x81lj\xb0\
o\xfe\xa8~F\x03\x89m\xce\x8b\xfb%\x91xs\xdc\
\xbej\xfb\xb9\xd8\xf1Z\xf9\xc5\xde\x91JG\xde\xe5g\
\x93\xaa\xf9\x0e(Z\x18\xf8\x86\x15\xf3\x9bQ\xfb\xf2\x9d\
\xd7\xcc\xcf\xdb@\xac\x1fR\xaf\xd5\xaa\xe6\xcf\xb0v\x01\
6\x0b\x85\xbe\x1c\xc8\xdfZ\xe3\x7f\xb7\xf0\xe4\x8a\xaes\
\xb1\xd9D\xf9\xf5\xf5/P\xaf\xd5>\x90\xb9\xa0_\x03\
\xfaP\x19\x00m@\xa8\x05\x8e\xa3\xfc\x83\xb3\xe6\x8fx\
b\xf9\xee\x09\xf5k\xedH\x99\xa3|TR\x0d\x7f\x86\
\x09`\xf0d\x1e\xe4 B\x1e\xd5:\x85\x1a\x84\x13\x0a\
\xdf\xd6 \xf5y\x1e[\xfc\xea\x84\xf4\x8f\x11I\x9c\xb3\
\xf6\xbf\x08\xf2\x01lh\x89\xa3\xe3\x88\x1eR%_j\
\xbbj\x90\x13\x0a\xdb4\x8a\x9f\xe4\x8b\xab^\x9f\x10\xbf\
\xd23\x1e>\xd0\xb5\xc2{~\x07\xe5=\x08\x19U=\
\x8c\xf0&H\x0e\xa8A\xa9B\xf4$*\xdf\xf7\xa1>\
\xcdcMoL\xa4_\xea\xbe\xdd\xcb\x9d-\xfcGU\
\xf3n\x844p\x04\xe5p\xf1\x1aO\xaa\x10\xcd\xa2r\
\x0a\x91\x1f\xfaB\xbc\x99?Yy\xf0j\xfc\xe4\xc7\x0a\
\xa2\x81\xa0\xa5{\xb5W\xbfFDnB\xb5\xae\xf8\x00\
rL\xbd\xee\x0e\xd0\x1f\x166\xad\xec\xbe`wl\xa2\
VxK~\xe1\xba\x8e[\x9c1w\x0a,\xc2k-\
\x22y\x11=\xeeao \xfc\xa8\xf0d\xd3\xde\x8a\x1f\
k\x1a-\xc8\x07\xc2\x07\xbaV8\xa7\xb7\x0b,D\xb4\
\x1aL^\xe0\xa4z\xdd\xe7\xb0;\xd8\xb8l\xdf\xb5\xf4\
K\xb5\xecZ\x16\x8b\xbf\xd5x\x9d\x87H\xd6{\x0a\x18\
N\x09\xee\x80\xb3t\xf3\xf8\xca\x83\x13\xee7\xe2YJ\
\xdd\xdf\xb9\xd8)M\x8a\x99\x8d\x90F}\x01\x95\x1e\xa3\
\xfafl\xe4U\xda\x1b\x8f\x5cK?\xd6\xedZdM\
\xbc\xb4X\xe2\x9e\x14\xc6\xe4\xc5\xe9Y1\xf1\xd18\x9d\
y\x83G\x96\x9c\xb8\xa6~\x0f\xee\x5c\x108\xb3Ha\
*\xde\x04\x88+`l\xafq\xfeD\x14\xd6\x1c\xe6\xf1\
\xebz\x98pF\xb4EK\xd7\x9c@\xfc\x02\xf5R\x87\
\x1a\x8b%/J\xbf\xb5\xd1\xe9|><1\x11\xc7\x8a\
\xaf\xe8\xf7\xa9=3\xc2\xd0\xcdV\xaf\xd5\x18D|\x5c\
\x10\xc3@\x81\xe0,\x0c\x9e-.\x1c\x5cC\xbf\x07w\
4P0\xd3B5\x19L\xa8Q\x5c(\x10\xc4CT\
\xd7\xf5sx`\x90-\x95\xde5\x7f\x0b\xbf{\xbbk\
\x09M\xb1\xc0\x9a:O&\x9b\xe7lo\x1e\xce\xe4\xb8\
~Ma\xe2\x12\xf3Qx\xf8@\x16z\xb3\x0c\xe4\x0c\
\xf9i1\xe9S\x05z^\xcf3\xedm\xd3\xf0\x92/\
.\xacU\xf2\xb5\x85\xb7\x0a\x18:R\xcc\xaf\xb3\xc49\
O~\xb1\x0f\xd9\xb1\x0c\x1f\xf8(E?g\xc3\x1e\xbe\
r\xee\xf8\xdd\xb5\xf1C\x85\x96\x17\xb3\xa1\xaf_\x04\xf9\
\xd2\xf5C\x12\xd9\x14\xfd\xb9k\xed\xd7\xaa\x86W\xf7\xd6\
d\xea\xa3\x06W\xa0\x06tr\xf9\x01||O\xdd\x98\
\xfc&$\xf9\xbdh\x11\xe6\x0a~\xc6\x9a\x81|\xca\x9e\
.\x9e\xba\x9a\x5c~\xe2\xed\x90\x0f\xfcG\xd5\x98\x17\xdd\
\x13\xcb\xbfu\xad\xfd\xd25n\xaa\x0ai\xef\xdd\x0c\xc5\
|\x15\xecI\x88\xbf\x8f\x98-\xee\xc9\xe5\xdb\xae\xa9\xdf\
\xc3\x07\xb2\xb6\xbf\xefN\xac\xfd<\xceOG(\xe0\xf5\
\x00\xc2\x0fE\xf4\xaf\xe3\xf6\x15\xdf\x9fx\xbf\xf3I\xb0\
=\x16\xbc\x0b\xe7\x9b\x11n\x05\xa6\xa3Z\x10\xe1\xa0C\
\xffE\xbd\xf9;66\xfe\xf0\xe2\x98v\x22\xe3+{\
\xdf\xce5\xd8\xe0C\x22\xbaJ=SU(\x00\x87P\
}\xc9\x88\xf9V\xdc\xbe|\xfb\x84\xfb]\x90\xbfu\xbc\
K\xbd\xfc\x94\x8a4\x02\x0d\x88/\x08\xf6M\xc5\xed\xb0\
\x9e\x7f\x8e6\xaex\xf9\x9a\xfa\xad\xebz\x877\xbcW\
`\xa9\xa2\xf5(\x05\xc1\x1cQ\xf1\x9d\x96\xf8\xfbQ\xfb\
\xcd;'<\xbf<\xd7 #\xdfGhU\xc3\xaf\x1f\
\xa9\xe6\x13/W_X\xb9k\x8c\xf79U\xe2!\xbc\
\xd8\xef\x13/W\xd3\xb2\xbd\xea\xc2\xca\xc1\x93\xc5\xaf\xd5\
\xd0\xb2\xbd\x8a\x87\x0fd'\x85\xdf\xc5?WUh~\
6\xcb=\xfb2\x17U\xe6\x9d<~\xf7\xec\xcb\x14+\
\x12^\xa1 \xd1\xb5\xf2C\x85\xf5{\xd2\xb4v\xa4\xae\
M{\x8d\xc1\xaf\xb9#E\x8b\x86\x93\xd6\xafe{H\
\xab\x06\x93\xc7\x8f\x0b\xfdZ\xb7\x064\xab\x9dD~\x17\
\xf6\x81f\xb5\xe3\xba#\xb3\xf2A\xd6\xa5\x13\xdf%U\
\xdd'C[^\xeb\xb1x\x9c+\xe8\x93\xd5\xb1Ym\
\xd1\x8f\xc9\xe8'\x89_\x05\xfc&\xcf\x98s\xdeO/\
\x8a\x1b&\xcb\x98\xd8\xba5\xe0\x9e}S\xceW\x10\x1e\
\xf6k\xbd\xf6~\xadj\xb8g\xdf\x14\xeeyir\xfa\
5o\xb6\xb4\xbcVO\xcb\xf6\xfa\x0b\xfc\xce\x17\x1c\x9d\
\xf8\xf6\xd2\x8b\xf2\x8f\xf5{\xeaX\xbf\xa7\xee\x92\xfch\
\xb2\xf8\xdd\xdb]\xcb\xbd\xdd\xb5\x93\x22\x7fkm\xbd\xd4\
\xef\xa1\x8e\x1a\x1e\xea\xa8\x99\x14~\x17\x88]\xf0\xc0]\
)\x98\xb9F~\x97\x1b\xe0.~\x00&\x9d_\xeb$\
\xf1k\x1d\xdd\x8fI\xec\xa7\x93$X\x1du\x82\x98,\
\xc1\xf4h\x03\xf0$\xf2c4?&\xb1\xdfd\x09R\
'}\xd26\xf9\x93\xca\x7f\x95\xed:Y\xfa\xc7\xa4\xf7\
\x9b\xe4\xe3K\xe2W\x11\xbff\xb5\x97\x8d[\x13\xbf\xb1\
,\xa6N\x9e\x85\x8d\xe6\xcd\xc3\x8b.\x97~=\xf1\x1b\
c\xfe6\xd9\xfd*\x97_Je:\x8a(L\xdaI\
7\xf1\xfb\xf1\x8e\x9epm\x8e\xd2\x8d\xeby\x9e\xac~\
\x09\x09\x09\x09\x09\x09\x09\x09\xff\x8ab\xc0\x91I\xf0\xa4\
\x8c\x01\xe5\xbc\xd2\xa4\xf7\xd3I\xba\x10M\x92\x1f%$\
$$$$$$$$$$$$$$$$\
$$$$$$$$$$$$$$$$\
$$$$$$$$$$$$$$$$\
$$$$$$$$$$$$$$$$\
$$$$$$$$$$$$$$$$\
$$$$$$$$$$$$$$$$\
$$$$$$$$$$$$$$$$\
$$$$$\x0c\xf3\xff\x02\x8b!\xbc\xbe\x09q\xc2\
\x07\x00\x00\x00\x00IEND\xaeB`\x82\
\x00\x00\x00\xa3\
<\
svg xmlns=\x22http:\
//www.w3.org/200\
0/svg\x22 viewBox=\x22\
0 0 24 24\x22 width\
=\x2224\x22 height=\x2224\
\x22><path d=\x22M20 1\
2l-1.41-1.41L13 \
16.17V4h-2v12.17\
l-5.58-5.59L4 12\
l8 8 8-8z\x22/></sv\
g>\
\x00\x00\x0c\xb0\
<\
?xml version=\x221.\
0\x22 standalone=\x22n\
o\x22?><!DOCTYPE sv\
g PUBLIC \x22-//W3C\
//DTD SVG 1.1//E\
N\x22 \x22http://www.w\
3.org/Graphics/S\
VG/1.1/DTD/svg11\
.dtd\x22><svg t=\x2217\
83837156030\x22 cla\
ss=\x22icon\x22 viewBo\
x=\x220 0 1024 1024\
\x22 version=\x221.1\x22 \
xmlns=\x22http://ww\
w.w3.org/2000/sv\
g\x22 p-id=\x223347\x22 x\
mlns:xlink=\x22http\
://www.w3.org/19\
99/xlink\x22 width=\
\x22200\x22 height=\x2220\
0\x22><path d=\x22M890\
.6752 378.2656h-\
42.0352V309.3504\
a30.1056 30.1056\
 0 0 0-0.5632-5.\
5296v-0.256a29.6\
96 29.696 0 0 0-\
2.6112-7.2704l-0\
.8704-1.5872a28.\
8256 28.8256 0 0\
 0-4.6592-6.2976\
l-182.1696-182.1\
696a29.952 29.95\
2 0 0 0-6.2976-4\
.6592l-1.5872-0.\
8704a28.4672 28.\
4672 0 0 0-7.270\
4-2.6112 28.928 \
28.928 0 0 0-5.5\
808-0.5632H204.9\
536a29.6448 29.6\
448 0 0 0-29.644\
8 29.6448v250.88\
h-42.0864a29.644\
8 29.6448 0 0 0-\
29.6448 29.6448v\
363.52a29.6448 2\
9.6448 0 0 0 29.\
6448 29.6448h42.\
0864v95.1808a29.\
6448 29.6448 0 0\
 0 29.6448 29.64\
48h613.9904a29.6\
448 29.6448 0 0 \
0 29.6448-29.644\
8v-95.1808h42.03\
52a29.6448 29.64\
48 0 0 0 29.6448\
-29.6448v-363.52\
a29.6448 29.6448\
 0 0 0-29.5936-2\
9.44z m-143.36-9\
8.56h-80.9472V19\
9.0656z m-512.76\
8-122.88h372.531\
2v152.5248a29.64\
48 29.6448 0 0 0\
 29.6448 29.6448\
h152.4736v39.270\
4H234.6496zM789.\
248 866.816H234.\
6496v-65.536h554\
.7008z m71.68-12\
4.8256H162.816V4\
37.6064h698.112z\
\x22 fill=\x22#93A6B9\x22\
 p-id=\x223348\x22></p\
ath><path d=\x22M39\
2.4992 575.0784a\
108.9536 108.953\
6 0 0 1-28.8768-\
15.9744 17.92 17\
.92 0 0 1-5.8368\
-12.9024 15.7184\
 15.7184 0 0 1 8\
.4992-13.9776 43\
.6224 43.6224 0 \
0 1 22.784-5.12 \
74.1376 74.1376 \
0 0 1 42.7008 12\
.3904v-36.2496a1\
26.5152 126.5152\
 0 0 0-44.4928-6\
.8608 84.9408 84\
.9408 0 0 0-50.9\
44 13.9776 45.56\
8 45.568 0 0 0-1\
9.2512 39.2192q0\
 34.4576 42.4448\
 52.4288a118.169\
6 118.1696 0 0 1\
 33.3312 17.7664\
 19.5584 19.5584\
 0 0 1 6.3488 13\
.8752 16.3328 16\
.3328 0 0 1-7.98\
72 13.9776 42.03\
52 42.0352 0 0 1\
-23.7056 5.4784 \
76.0832 76.0832 \
0 0 1-49.7152-18\
.1248v38.7072a11\
2.64 112.64 0 0 \
0 50.944 10.24 8\
7.04 87.04 0 0 0\
 52.48-13.7216 4\
6.3872 46.3872 0\
 0 0 18.4832-39.\
7312 47.9232 47.\
9232 0 0 0-10.24\
-30.72 95.488 95\
.488 0 0 0-36.96\
64-24.6784z\x22 fil\
l=\x22#93A6B9\x22 p-id\
=\x223349\x22></path><\
path d=\x22M247.603\
2 608.0512q0 42.\
1888-27.8528 42.\
1888a37.2224 37.\
2224 0 0 1-22.88\
64-7.6288v36.352\
a67.2256 67.2256\
 0 0 0 25.344 4.\
6592 59.4944 59.\
4944 0 0 0 47.36\
-19.0976 81.92 8\
1.92 0 0 0 16.53\
76-55.0912V499.4\
048h-38.6048z\x22 f\
ill=\x22#93A6B9\x22 p-\
id=\x223350\x22></path\
><path d=\x22M790.5\
28 602.6752a171.\
4688 171.4688 0 \
0 0 1.1264 24.98\
56h-0.6144a266.2\
4 266.24 0 0 0-9\
.0112-14.3872l-7\
3.8816-113.8176h\
-42.0864v181.094\
4h36.608v-103.06\
56a288.1536 288.\
1536 0 0 0-1.024\
-28.8768h0.6144a\
138.24 138.24 0 \
0 0 8.6528 14.74\
56l76.8 117.1456\
h39.4752V499.404\
8h-36.608z\x22 fill\
=\x22#93A6B9\x22 p-id=\
\x223351\x22></path><p\
ath d=\x22M549.3248\
 496.384a85.4528\
 85.4528 0 0 0-6\
5.5872 26.7264 9\
7.28 97.28 0 0 0\
-24.832 69.2736 \
92.16 92.16 0 0 \
0 24.2176 65.792\
 83.5072 83.5072\
 0 0 0 63.2832 2\
5.6 84.0192 84.0\
192 0 0 0 64.460\
8-26.368 96.5632\
 96.5632 0 0 0 2\
4.6272-68.6592 9\
4.4128 94.4128 0\
 0 0-23.6544-66.\
56 80.64 80.64 0\
 0 0-62.5152-25.\
8048z m33.2288 1\
37.7792a42.4448 \
42.4448 0 0 1-35\
.2768 16.0256 41\
.5232 41.5232 0 \
0 1-34.9696-16.7\
424 69.5296 69.5\
296 0 0 1-12.748\
8-43.2128 68.966\
4 68.9664 0 0 1 \
13.0048-43.5712 \
42.9568 42.9568 \
0 0 1 35.84-16.7\
936 40.6528 40.6\
528 0 0 1 34.611\
2 16.384 73.1648\
 73.1648 0 0 1 1\
2.2368 44.6976 6\
7.8912 67.8912 0\
 0 1-12.6976 43.\
2128z\x22 fill=\x22#93\
A6B9\x22 p-id=\x223352\
\x22></path></svg>\
\x00\x00\x00v\
<\
svg xmlns=\x22http:\
//www.w3.org/200\
0/svg\x22 viewBox=\x22\
0 0 24 24\x22 width\
=\x2224\x22 height=\x2224\
\x22><path d=\x22M19 1\
3H5v-2h14v2z\x22/><\
/svg>\
\x00\x00\x08j\
<\
?xml version=\x221.\
0\x22 standalone=\x22n\
o\x22?><!DOCTYPE sv\
g PUBLIC \x22-//W3C\
//DTD SVG 1.1//E\
N\x22 \x22http://www.w\
3.org/Graphics/S\
VG/1.1/DTD/svg11\
.dtd\x22><svg t=\x2217\
83752310029\x22 cla\
ss=\x22icon\x22 viewBo\
x=\x220 0 1024 1024\
\x22 version=\x221.1\x22 \
xmlns=\x22http://ww\
w.w3.org/2000/sv\
g\x22 p-id=\x221676\x22 x\
mlns:xlink=\x22http\
://www.w3.org/19\
99/xlink\x22 width=\
\x22200\x22 height=\x2220\
0\x22><path d=\x22M0 5\
51.148426V472.33\
983c0-10.746627 \
8.69965-19.44627\
7 19.446277-19.4\
46277h984.083958\
c10.746627 0 19.\
446277 8.69965 1\
9.446277 19.4462\
77v78.808596c0 1\
0.746627-8.69965\
 19.446277-19.44\
6277 19.446277H1\
9.446277c-10.746\
627 0-19.446277-\
8.69965-19.44627\
7-19.446277zM114\
.118941 153.5232\
38v240.007996c0 \
10.746627-8.6996\
5 19.446277-19.4\
46277 19.446277H\
19.446277C8.6996\
5 412.977511 0 4\
04.277861 0 393.\
531234V78.808596\
C0 35.310345 35.\
310345 0 78.8085\
96 0h314.722638c\
10.746627 0 19.4\
46277 8.69965 19\
.446277 19.44627\
7v75.226387c0 10\
.746627-8.69965 \
19.446277-19.446\
277 19.446277H15\
3.523238c-21.493\
253 0-39.404298 \
17.911044-39.404\
297 39.404297z m\
795.250374 0c0-2\
2.004998-17.3993\
-39.404298-39.40\
4298-39.404297h-\
240.007996c-10.7\
46627 0-19.44627\
7-8.69965-19.446\
276-19.446277V19\
.446277c0-10.746\
627 8.69965-19.4\
46277 19.446276-\
19.446277h315.23\
4383c43.498251 0\
 78.808596 35.31\
0345 78.808596 7\
8.808596v314.722\
638c0 10.746627-\
8.69965 19.44627\
7-19.446277 19.4\
46277h-75.226387\
c-10.746627 0-19\
.446277-8.69965-\
19.446277-19.446\
277l-0.511744-24\
0.007996z m0 716\
.441779v-240.007\
996c0-10.746627 \
8.69965-19.44627\
7 19.446277-19.4\
46276h75.226387c\
10.746627 0 19.4\
46277 8.69965 19\
.446277 19.44627\
6v315.234383c0 4\
3.498251-35.3103\
45 78.808596-78.\
808596 78.808596\
h-314.722639c-10\
.746627 0-19.446\
277-8.69965-19.4\
46276-19.446277v\
-75.226387c0-10.\
746627 8.69965-1\
9.446277 19.4462\
76-19.446277H869\
.965017c21.49325\
3-0.511744 39.40\
4298-18.422789 3\
9.404298-39.9160\
42z m-795.250374\
 0c0 21.493253 1\
7.911044 39.4042\
98 39.404297 39.\
404298h240.00799\
6c10.746627 0 19\
.446277 8.69965 \
19.446277 19.446\
277v75.226387c0 \
10.746627-8.6996\
5 19.446277-19.4\
46277 19.446277H\
78.808596C35.310\
345 1023.488256 \
0 988.177911 0 9\
44.67966v-314.72\
2639c0-10.746627\
 8.69965-19.4462\
77 19.446277-19.\
446276h75.226387\
c10.746627 0 19.\
446277 8.69965 1\
9.446277 19.4462\
76V869.965017z\x22 \
p-id=\x221677\x22></pa\
th></svg>\
\x00\x00\x07\xa0\
<\
?xml version=\x221.\
0\x22 standalone=\x22n\
o\x22?><!DOCTYPE sv\
g PUBLIC \x22-//W3C\
//DTD SVG 1.1//E\
N\x22 \x22http://www.w\
3.org/Graphics/S\
VG/1.1/DTD/svg11\
.dtd\x22><svg t=\x2217\
83837181936\x22 cla\
ss=\x22icon\x22 viewBo\
x=\x220 0 1024 1024\
\x22 version=\x221.1\x22 \
xmlns=\x22http://ww\
w.w3.org/2000/sv\
g\x22 p-id=\x224704\x22 x\
mlns:xlink=\x22http\
://www.w3.org/19\
99/xlink\x22 width=\
\x22200\x22 height=\x2220\
0\x22><path d=\x22M427\
.9296 99.5328l13\
.312 26.112a79.3\
6 79.36 0 0 0 14\
1.5168 0l13.312-\
26.112 28.16 7.8\
336a419.2256 419\
.2256 0 0 1 173.\
568 97.1264l19.5\
584 18.176-11.77\
6 23.9104a79.36 \
79.36 0 0 0 71.2\
192 114.3808h1.1\
264l26.6752-0.35\
84 8.0384 25.446\
4a421.5808 421.5\
808 0 0 1 10.752\
 210.4832l-6.553\
6 31.6928-32.153\
6-3.1744a79.36 7\
9.36 0 0 0-68.60\
8 130.0992l20.83\
84 24.6784-22.37\
44 23.296a419.68\
64 419.6864 0 0 \
1-182.5792 111.3\
088l-33.6384 10.\
0352-10.752-33.4\
336a79.4112 79.4\
112 0 0 0-151.19\
36 0l-10.7008 33\
.4336-33.6384-10\
.0352a419.6864 4\
19.6864 0 0 1-18\
2.5792-111.3088l\
-22.3744-23.296 \
20.8384-24.6784a\
79.36 79.36 0 0 \
0-68.608-130.099\
2l-32.1536 3.174\
4-6.5024-31.6928\
a421.5296 421.52\
96 0 0 1 10.752-\
210.432l7.9872-2\
5.4976 26.6752 0\
.3584h1.1264a79.\
36 79.36 0 0 0 7\
1.2192-114.3808l\
-11.776-23.9104 \
19.5584-18.176a4\
19.2256 419.2256\
 0 0 1 173.568-9\
7.1264l28.16-7.8\
336zM292.864 241\
.4592a151.1424 1\
51.1424 0 0 1-11\
9.3984 188.928 3\
49.184 349.184 0\
 0 0-7.1168 123.\
8016 151.04 151.\
04 0 0 1 115.2 2\
18.8288 348.16 3\
48.16 0 0 0 101.\
9904 62.72A150.8\
864 150.8864 0 0\
 1 512 764.16c54\
.272 0 101.8368 \
28.672 128.4608 \
71.5776a348.16 3\
48.16 0 0 0 101.\
9392-62.72 151.0\
4 151.04 0 0 1 1\
15.2-218.8288 35\
2.4608 352.4608 \
0 0 0-7.0656-123\
.8016 151.0912 1\
51.0912 0 0 1-11\
9.3472-188.928A3\
47.4944 347.4944\
 0 0 0 629.7088 \
184.32 150.7328 \
150.7328 0 0 1 5\
12 240.64c-47.61\
6 0-90.0608-22.0\
16-117.76-56.371\
2-37.0688 13.312\
-71.3216 32.768-\
101.376 57.1904z\
\x22 fill=\x22#747690\x22\
 p-id=\x224705\x22></p\
ath><path d=\x22M34\
1.76 512a170.24 \
170.24 0 1 1 340\
.48 0 170.24 170\
.24 0 0 1-340.48\
 0zM512 413.44a9\
8.56 98.56 0 1 0\
 0 197.12 98.56 \
98.56 0 0 0 0-19\
7.12z\x22 fill=\x22#74\
7690\x22 p-id=\x224706\
\x22></path></svg>\
\x00\x00\x03}\
<\
?xml version=\x221.\
0\x22 standalone=\x22n\
o\x22?><!DOCTYPE sv\
g PUBLIC \x22-//W3C\
//DTD SVG 1.1//E\
N\x22 \x22http://www.w\
3.org/Graphics/S\
VG/1.1/DTD/svg11\
.dtd\x22><svg t=\x2217\
83837210848\x22 cla\
ss=\x22icon\x22 viewBo\
x=\x220 0 1024 1024\
\x22 version=\x221.1\x22 \
xmlns=\x22http://ww\
w.w3.org/2000/sv\
g\x22 p-id=\x225736\x22 x\
mlns:xlink=\x22http\
://www.w3.org/19\
99/xlink\x22 width=\
\x22200\x22 height=\x2220\
0\x22><path d=\x22M512\
 1024C229.376 10\
24 0 794.624 0 5\
12S229.376 0 512\
 0s512 229.376 5\
12 512-229.376 5\
12-512 512z m0-9\
49.248C271.36 74\
.752 75.776 271.\
36 75.776 512S27\
1.36 949.248 512\
 949.248 949.248\
 752.64 949.248 \
512 752.64 74.75\
2 512 74.752z m0\
 753.664a45.44 4\
5.44 0 0 1-45.05\
6-45.056V444.416\
c0-25.6 20.48-45\
.056 45.056-45.0\
56s45.056 19.456\
 45.056 45.056V7\
83.36A45.44 45.4\
4 0 0 1 512 828.\
416z m0-474.112c\
-24.576 0-45.056\
-20.48-45.056-46\
.08V240.64c0-24.\
576 20.48-45.056\
 45.056-45.056s4\
5.056 20.48 45.0\
56 45.056v67.584\
c0 25.6-20.48 46\
.08-45.056 46.08\
z\x22 p-id=\x225737\x22><\
/path></svg>\
\x00\x00\x00\x97\
<\
svg xmlns=\x22http:\
//www.w3.org/200\
0/svg\x22 viewBox=\x22\
0 0 24 24\x22 width\
=\x2224\x22 height=\x2224\
\x22><path d=\x22M9 16\
.17L4.83 12l-1.4\
2 1.41L9 19 21 7\
l-1.41-1.41z\x22/><\
/svg>\x0a\
\x00\x00\x03a\
\x00\
\x00\x0dCx\x9c\xbdW[O\xdb0\x14\xfe+\x9e\xf7\
\x1c\xc7v\xec\xc4Am\x91(\x88M\x1a\x1b\x12\x8ci\
\x8fU\xda\x91hY[\x91(E\xfc\xfa9i\xe3s\
B\xbc\xae\xe3a\x95\xa8\xcc\xf1\xb9|\xe7\xe2\xcf\xee\xe4\
\xfc\xf9WI\x9a\xd5SUl\xd6S*\x18\xa7\xa4\xaa\
\x17\xeb\xe5\xa2\xdc\xacWS\xba\xde\xd0\xf3\xd9\xe4\xdd\xe5\
\x97\xf9\xfd\xf7\xdb+R5\x8f\xe4\xf6\xeb\xc5\xa7\x8fs\
B\x830\xfc\x16\xcd\xc3\xf0\xf2\xfe\x92\xdc=\x5c\x13\xc1\
D\x18^}\xa6\x84\xe6u\xbd=\x0b\xc3\xddn\xc7v\
\x11\xdb<=\x86\xd7O\x8bm^dUh\x15\xc3V\
\xd1\x1a\x85\xd6\x99\x10lY/\xe9l\xd2:\xaem\xfc\
\xc4(n\x22\xae\x22\xa54%Y\xb9\xa8\xaa)-\xb2\
\xcd\x9a\x92\xa6X\xed.6\xcfS\xca\x09'\x82K\xd5\
}Q\x0c^Pb\xd3Y[\x931\x04\xc99oC\
R\xb2\x0d\x8a\xe5\x94Jmz\xf5\xb3\xe7\xb2X\xff\xf4\
\x19\x894M\xc3n\x97\x92]\xb1\xacsk\xc7m\x89\
\xf2U\xf1\x98\xd7\xfb\x7ff\x93\xed\xa2\xce\x89uy\xa3\
\x85$\xcaH\x96(it\x92\x05R\xb0\xb4[\x12\x1e\
D1\xd3\x89P2\x0d\x84bq+\x14H\xd6\xafL\
\x03\xc2\x8c#\x07\x1e#26O+\x992\xd9.#\
[$\x151\xd3\x9a(\x08\x99\x81\x9f\x84Em\xc0\x98\
\xb8 (\x9cs\x13\xb8U\x138\x7f\x16\xd9\xd8O\x80\
l\x9cG\x80\xe8\xd4@\xdfi\xf9*\xe2vs\x14\x17\
4\xc9\xf1\xe2\x18\x94\x81K\x14\xd4\xc0\x0d\xa8\xf52\x09\
uk\x07\xcdc\xe3i\x1b\xc8\xaa\x13;\xdd\xb5\xd75\
\xcb\x15E\x1b\xa6_\xb7\xc5p\xa6\xf6j\xe0\x10\x92\x07\
\xd7\x80;\xd6\xcct\xb9\x04Z0\xe9IR\x10\x17\x08\
\xc9L\xc2\x92.\x9d\xbef\x9a\xe0y\xda\xfbr\x81\x93\
\x88\x89!\x04C<=\x01\x80\xa8\xb0 s^*\x8e\
0\xb9\x9e\xf5\x90\xd2\xcc\xdb4\x80\xd7\x82\xdbg\xdb'\
/JT\x91\x1e\x98\xc98\xf1\x0c\x1e:+\x1e\xb8\xe5\
hx_\xba\xb3\x1e\xdb\xf0|\x7f\xae\x10\x12\x0eMD\
3\x0e\xb2~\xa5\xefT\xa2\x99:\xb4\xc3\xba;\xfcU\
\x80\xc0WD\xb7j\xfa\x90\xf2\x0f9y\x86\x0eY;\
\xbd\x17J~\x14e9\xa5\xefy\xf7A\x0c)-\xbb\
\x85-\xbd\xbd\x22\xb9A\xe2o!9W\xad\xb7\x90\xdc\
p(\xc7\x07\x06\xc9\xdc\xaa\x0a<\xdb\x81G\xb1\x01\x22\
8R\x98\xc8S\x98\xd4\x1a\xca\xfd\xb4\xb57\xd3\x07)\
\xd2Cw3\x84\x9d\x07n\xe2Q\x91\xac\x01S0\xae\
\x81g\xc2\xd1\xae\x9bp$\xeb<<\x08\x15\x1f0d\
\xa8\x1b\xa8\xb0ph_\x99\xce\xc1\x14\x8d\x9d\xb0\xb7\x99\
\xe9K\x0d\x09\x11\x9e\xc7\xb6\x9e]3\xe3\xcc\xdf\x0eD\
+\x8e\xbf@\x13]5\xe3K\x87\x0cY\x0b\x1c4\xda\
\xe8\x03\xfev\xe6\x8f\xd2\x9a\xc7\x1cS\x08\x1c\xcc!C\
z\xc0\x0e:\xe9\x1dw\xc4\xdf\x03\x8eD\x01}\xd4\xed\
\xb91\xf7\xa9sL\xb3=\x15\xa2\xf9\x1fj{\x82x\
+=\xc4\x96\xc7\xa9:\xf46CI\x91\xd3\xd8\xc7T\
\xa7\x12\xcd\xcb\x0d\x9a\x1b7~\xff\xa7\x90M\xcc\x13\xc6\
[e\x9d\x1dg}\xcf\xb5\xe6d\x06\x0f\xbbk\x07\xee\
\x11\x1f?74\x19]\x1a \x01\x04\xe3\xd7S\x13\xe0\
!\x07cD\x94\x9e7\x97\x85\xf0\x97GY/B\xd3\
|\x84\xe0\x94\x87\xe0\x8c\x12=y\xb4\x04w:\xf5\x1b\
\xd8\xb5\xd4\x0f\x87\xe9T\xeeG\xf6\xa7_\x8e(\xcc\xbf\
\xdf\x8eG*\xa3\xa12\xed\xef\x89\xd9o\x18\x5c\xd5\xd9\
\
\x00\x00\x07\x5c\
<\
?xml version=\x221.\
0\x22 standalone=\x22n\
o\x22?><!DOCTYPE sv\
g PUBLIC \x22-//W3C\
//DTD SVG 1.1//E\
N\x22 \x22http://www.w\
3.org/Graphics/S\
VG/1.1/DTD/svg11\
.dtd\x22><svg t=\x2217\
83758650327\x22 cla\
ss=\x22icon\x22 viewBo\
x=\x220 0 1024 1024\
\x22 version=\x221.1\x22 \
xmlns=\x22http://ww\
w.w3.org/2000/sv\
g\x22 p-id=\x228497\x22 x\
mlns:xlink=\x22http\
://www.w3.org/19\
99/xlink\x22 width=\
\x22200\x22 height=\x2220\
0\x22><path d=\x22M876\
.8 709.12H738.56\
V591.36c0-15.36-\
10.24-25.6-25.6-\
25.6-15.36 0-25.\
6 10.24-25.6 25.\
6v143.36c0 15.36\
 10.24 25.6 25.6\
 25.6H876.8c15.3\
6 0 25.6-10.24 2\
5.6-25.6s-12.8-2\
5.6-25.6-25.6zM7\
05.28 463.36c-15\
3.6 0-279.04 125\
.44-279.04 279.0\
4 0 153.6 125.44\
 279.04 279.04 2\
79.04 153.6 0 27\
9.04-125.44 279.\
04-279.04 0-153.\
6-125.44-276.48-\
279.04-279.04z m\
0 506.88c-125.44\
 0-227.84-102.4-\
227.84-227.84s10\
2.4-227.84 227.8\
4-227.84 227.84 \
102.4 227.84 227\
.84c-2.56 128-10\
2.4 227.84-227.8\
4 227.84z m25.6-\
622.08c0-15.36-1\
0.24-25.6-25.6-2\
5.6h-473.6c-15.3\
6 0-25.6 10.24-2\
5.6 25.6 0 15.36\
 10.24 25.6 25.6\
 25.6h473.6c12.8\
 0 25.6-10.24 25\
.6-25.6z m-307.2\
 207.36c0-15.36-\
10.24-25.6-25.6-\
25.6h-166.4c-15.\
36 0-25.6 10.24-\
25.6 25.6s10.24 \
25.6 25.6 25.6h1\
66.4c15.36 0 25.\
6-12.8 25.6-25.6\
z m-192 153.6c-1\
5.36 0-25.6 10.2\
4-25.6 25.6s10.2\
4 25.6 25.6 25.6\
h128c15.36 0 25.\
6-10.24 25.6-25.\
6s-10.24-25.6-25\
.6-25.6h-128zM48\
2.56 972.8H90.88\
V51.2h174.08v38.\
4c0 33.28 25.6 6\
4 58.88 64 12.8 \
0 343.04 2.56 37\
3.76 0 33.28 0 5\
8.88-28.16 56.32\
-61.44v-38.4H928\
v437.76c0 15.36 \
10.24 25.6 25.6 \
25.6 15.36 0 25.\
6-10.24 25.6-25.\
6V28.16c0-15.36-\
10.24-25.6-25.6-\
25.6H728.32c-15.\
36 0-25.6 10.24-\
25.6 25.6v64c0 7\
.68-5.12 12.8-10\
.24 12.8H326.4c-\
7.68 0-12.8-5.12\
-12.8-12.8V25.6C\
313.6 10.24 303.\
36 0 288 0H65.28\
c-15.36 0-25.6 1\
0.24-25.6 25.6v9\
72.8c0 15.36 10.\
24 25.6 25.6 25.\
6h417.28c15.36 0\
 25.6-10.24 25.6\
-25.6 0-15.36-12\
.8-25.6-25.6-25.\
6zM395.52 51.2h2\
30.4c15.36 0 25.\
6-10.24 25.6-25.\
6 0-15.36-10.24-\
25.6-25.6-25.6h-\
230.4c-15.36 0-2\
5.6 10.24-25.6 2\
5.6 0 15.36 12.8\
 25.6 25.6 25.6z\
\x22 p-id=\x228498\x22></\
path></svg>\
\x00\x00\x02'\
<\
?xml version=\x221.\
0\x22 standalone=\x22n\
o\x22?><!DOCTYPE sv\
g PUBLIC \x22-//W3C\
//DTD SVG 1.1//E\
N\x22 \x22http://www.w\
3.org/Graphics/S\
VG/1.1/DTD/svg11\
.dtd\x22><svg t=\x2217\
86063319951\x22 cla\
ss=\x22icon\x22 viewBo\
x=\x220 0 1024 1024\
\x22 version=\x221.1\x22 \
xmlns=\x22http://ww\
w.w3.org/2000/sv\
g\x22 p-id=\x225201\x22 x\
mlns:xlink=\x22http\
://www.w3.org/19\
99/xlink\x22 width=\
\x22200\x22 height=\x2220\
0\x22><path d=\x22M765\
.7 486.8L314.9 1\
34.7c-5.3-4.1-12\
.9-0.4-12.9 6.3v\
77.3c0 4.9 2.3 9\
.6 6.1 12.6l360 \
281.1-360 281.1c\
-3.9 3-6.1 7.7-6\
.1 12.6V883c0 6.\
7 7.7 10.4 12.9 \
6.3l450.8-352.1c\
16.4-12.8 16.4-3\
7.6 0-50.4z\x22 p-i\
d=\x225202\x22></path>\
</svg>\
\x00\x00\x00\xc0\
<\
svg xmlns=\x22http:\
//www.w3.org/200\
0/svg\x22 viewBox=\x22\
0 0 24 24\x22 width\
=\x2224\x22 height=\x2224\
\x22><path d=\x22M19 5\
v14H5V5h14m0-2H5\
c-1.1 0-2 .9-2 2\
v14c0 1.1.9 2 2 \
2h14c1.1 0 2-.9 \
2-2V5c0-1.1-.9-2\
-2-2z\x22/></svg>\x0a\
\x00\x00\x03\x18\
<\
?xml version=\x221.\
0\x22 standalone=\x22n\
o\x22?><!DOCTYPE sv\
g PUBLIC \x22-//W3C\
//DTD SVG 1.1//E\
N\x22 \x22http://www.w\
3.org/Graphics/S\
VG/1.1/DTD/svg11\
.dtd\x22><svg t=\x2217\
83758718020\x22 cla\
ss=\x22icon\x22 viewBo\
x=\x220 0 1024 1024\
\x22 version=\x221.1\x22 \
xmlns=\x22http://ww\
w.w3.org/2000/sv\
g\x22 p-id=\x227191\x22 x\
mlns:xlink=\x22http\
://www.w3.org/19\
99/xlink\x22 width=\
\x22200\x22 height=\x2220\
0\x22><path d=\x22M853\
.333333 146.2857\
14a73.142857 73.\
142857 0 0 1 73.\
142857 73.142857\
v463.238096a73.1\
42857 73.142857 \
0 0 1-73.142857 \
73.142857H170.66\
6667a73.142857 7\
3.142857 0 0 1-7\
3.142857-73.1428\
57V219.428571a73\
.142857 73.14285\
7 0 0 1 73.14285\
7-73.142857h682.\
666666z m0 73.14\
2857H170.666667v\
463.238096h682.6\
66666V219.428571\
z m-170.666666 1\
95.047619v73.142\
858H341.333333v-\
73.142858h341.33\
3334zM341.333333\
 804.571429h341.\
333334v73.142857\
H341.333333z\x22 p-\
id=\x227192\x22></path\
></svg>\
\x00\x00\x0b\x8a\
<\
?xml version=\x221.\
0\x22 standalone=\x22n\
o\x22?><!DOCTYPE sv\
g PUBLIC \x22-//W3C\
//DTD SVG 1.1//E\
N\x22 \x22http://www.w\
3.org/Graphics/S\
VG/1.1/DTD/svg11\
.dtd\x22><svg t=\x2217\
83837144957\x22 cla\
ss=\x22icon\x22 viewBo\
x=\x220 0 1024 1024\
\x22 version=\x221.1\x22 \
xmlns=\x22http://ww\
w.w3.org/2000/sv\
g\x22 p-id=\x223081\x22 x\
mlns:xlink=\x22http\
://www.w3.org/19\
99/xlink\x22 width=\
\x22200\x22 height=\x2220\
0\x22><path d=\x22M266\
.666667 85.33333\
3C214.016 85.333\
333 170.666667 1\
28.682667 170.66\
6667 181.333333v\
289.066667c-24.3\
2 4.970667-42.66\
6667 26.517333-4\
2.666667 52.2666\
67v234.666666c0 \
25.749333 18.346\
667 47.296 42.66\
6667 52.266667v3\
3.066667c0 52.92\
8 43.072 96 96 9\
6h481.066666l-43\
.2-43.2A74.66666\
7 74.666667 0 0 \
1 690.133333 874\
.666667H266.6666\
67c-17.642667 0-\
32-14.357333-32-\
32V810.666667h45\
5.466666c3.62666\
7-7.573333 8.32-\
14.677333 14.4-2\
0.8A74.176 74.17\
6 0 0 1 757.3333\
33 768c11.264 0 \
22.122667 2.4746\
67 32 7.168V746.\
666667H192V533.3\
33333h640v50.176\
A73.92 73.92 0 0\
 1 864 576c11.49\
8667 0 22.272 2.\
858667 32 7.5093\
33V522.666667c0-\
25.749333-18.346\
667-47.296-42.66\
6667-52.266667V3\
94.666667a32 32 \
0 0 0-9.386666-2\
2.613334l-0.32-0\
.341333L566.6133\
33 94.698667A32 \
32 0 0 0 544 85.\
333333h-277.3333\
33z m0 64H512v18\
1.333334c0 52.65\
0667 43.349333 9\
6 96 96H789.3333\
33v42.666666H234\
.666667V181.3333\
33c0-18.048 13.9\
52-32 32-32zM576\
 194.581333L744.\
085333 362.66666\
7H608c-18.048 0-\
32-13.952-32-32V\
194.581333zM368.\
917333 554.66666\
7C330.197333 554\
.666667 298.6666\
67 592.938667 29\
8.666667 640s31.\
530667 85.333333\
 70.250666 85.33\
3333a62.293333 6\
2.293333 0 0 0 5\
5.338667-33.28 2\
1.333333 21.3333\
33 0 1 0-38.2933\
33-18.773333 19.\
733333 19.733333\
 0 0 1-17.045334\
 9.386667C354.24\
 682.666667 341.\
333333 662.72 34\
1.333333 640s12.\
906667-42.666667\
 27.584-42.66666\
7c11.178667 0 16\
.213333 7.978667\
 17.216 9.706667\
a21.333333 21.33\
3333 0 0 0 38.16\
5334-19.072A62.3\
36 62.336 0 0 0 \
368.917333 554.6\
66667z m135.0826\
67 0a53.397333 5\
3.397333 0 0 0-5\
3.333333 53.3333\
33c0 29.397333 2\
3.936 53.333333 \
53.333333 53.333\
333h18.666667a10\
.666667 10.66666\
7 0 0 1 0 21.333\
334h-23.296c-7.2\
96 0-13.290667-5\
.418667-14.95466\
7-7.082667a21.31\
2 21.312 0 1 0-3\
0.165333 30.1653\
33c5.888 5.888 2\
2.058667 19.584 \
45.12 19.584H522\
.666667c29.39733\
3 0 53.333333-23\
.936 53.333333-5\
3.333333S552.064\
 618.666667 522.\
666667 618.66666\
7h-18.666667a10.\
666667 10.666667\
 0 0 1 0-21.3333\
34h18.666667c6.4\
85333 0 11.56266\
7 4.437333 11.58\
4 4.416a21.33333\
3 21.333333 0 1 \
0 30.165333-30.1\
65333c-1.728-1.7\
28-17.621333-16.\
917333-41.749333\
-16.917333h-18.6\
66667z m114.7733\
33 0a21.312 21.3\
12 0 0 0-19.8186\
66 29.546666l53.\
333333 128a21.35\
4667 21.354667 0\
 0 0 39.424 0l53\
.333333-128a21.3\
54667 21.354667 \
0 0 0-39.424-16.\
426666L672 648.5\
33333l-33.621333\
-80.746666a21.33\
3333 21.333333 0\
 0 0-19.584-13.1\
2zM864 618.66666\
7a32 32 0 0 0-32\
 32v221.418666l-\
52.053333-52.053\
333a32 32 0 1 0-\
45.226667 45.269\
333l106.666667 1\
06.666667c6.208 \
6.250667 14.4213\
33 9.365333 22.6\
13333 9.365333s1\
6.384-3.114667 2\
2.613333-9.38666\
6l106.666667-106\
.666667a32 32 0 \
1 0-45.248-45.24\
8L896 872.106667\
V650.666667a32 3\
2 0 0 0-32-32z\x22 \
p-id=\x223082\x22></pa\
th></svg>\
\x00\x00\x00\x89\
<\
svg xmlns=\x22http:\
//www.w3.org/200\
0/svg\x22 viewBox=\x22\
0 0 24 24\x22 width\
=\x2224\x22 height=\x2224\
\x22><path d=\x22M10 2\
0v-6h4v6h5v-8h3L\
12 3 2 12h3v8z\x22/\
></svg>\x0a\
\x00\x00\x03\x8d\
<\
?xml version=\x221.\
0\x22 standalone=\x22n\
o\x22?><!DOCTYPE sv\
g PUBLIC \x22-//W3C\
//DTD SVG 1.1//E\
N\x22 \x22http://www.w\
3.org/Graphics/S\
VG/1.1/DTD/svg11\
.dtd\x22><svg t=\x2217\
83770932709\x22 cla\
ss=\x22icon\x22 viewBo\
x=\x220 0 1024 1024\
\x22 version=\x221.1\x22 \
xmlns=\x22http://ww\
w.w3.org/2000/sv\
g\x22 p-id=\x2211147\x22 \
xmlns:xlink=\x22htt\
p://www.w3.org/1\
999/xlink\x22 width\
=\x22200\x22 height=\x222\
00\x22><path d=\x22M53\
.333333 618.6666\
67a32 32 0 0 1 3\
2-32h853.333334a\
32 32 0 0 1 32 3\
2V896a32 32 0 0 \
1-32 32H85.33333\
3a32 32 0 0 1-32\
-32v-277.333333z\
 m64 32v213.3333\
33h789.333334v-2\
13.333333H117.33\
3333z\x22 p-id=\x22111\
48\x22></path><path\
 d=\x22M757.333333 \
810.666667a53.33\
3333 53.333333 0\
 1 0 0-106.66666\
7 53.333333 53.3\
33333 0 0 0 0 10\
6.666667z\x22 p-id=\
\x2211149\x22></path><\
path d=\x22M161.493\
333 100.053333a3\
2 32 0 0 1 31.31\
7334-25.386666H8\
32.426667a32 32 \
0 0 1 31.36 25.4\
72l106.24 512-62\
.72 13.013333L80\
6.4 138.666667H2\
18.794667L116.65\
0667 625.237333l\
-62.634667-13.14\
1333 107.52-512z\
\x22 p-id=\x2211150\x22><\
/path></svg>\
\x00\x00\x00\xc6\
<\
svg xmlns=\x22http:\
//www.w3.org/200\
0/svg\x22 viewBox=\x22\
0 0 24 24\x22 width\
=\x2224\x22 height=\x2224\
\x22><path d=\x22M12 2\
C6.48 2 2 6.48 2\
 12s4.48 10 10 1\
0 10-4.48 10-10S\
17.52 2 12 2zm1 \
15h-2v-6h2v6zm0-\
8h-2V7h2v2z\x22/></\
svg>\x0a\
\x00\x00\x04\x5c\
<\
?xml version=\x221.\
0\x22 standalone=\x22n\
o\x22?><!DOCTYPE sv\
g PUBLIC \x22-//W3C\
//DTD SVG 1.1//E\
N\x22 \x22http://www.w\
3.org/Graphics/S\
VG/1.1/DTD/svg11\
.dtd\x22><svg t=\x2217\
83752416177\x22 cla\
ss=\x22icon\x22 viewBo\
x=\x220 0 1024 1024\
\x22 version=\x221.1\x22 \
xmlns=\x22http://ww\
w.w3.org/2000/sv\
g\x22 p-id=\x225560\x22 x\
mlns:xlink=\x22http\
://www.w3.org/19\
99/xlink\x22 width=\
\x22200\x22 height=\x2220\
0\x22><path d=\x22M103\
.36 375.488c-6.4\
 0-12.8 0-25.6-6\
.4-19.2-12.8-25.\
6-38.4-12.8-64 7\
0.4-121.6 185.6-\
204.8 320-243.2 \
140.8-32 281.6-1\
2.8 403.2 57.6 3\
8.4 19.2 70.4 44\
.8 96 76.8v-44.8\
c0-25.6 19.2-44.\
8 44.8-44.8s44.8\
 19.2 44.8 44.8v\
172.8c0 19.2-12.\
8 38.4-32 44.8-1\
9.2 6.4-38.4 0-5\
1.2-19.2-38.4-64\
-89.6-115.2-153.\
6-147.2-96-64-21\
7.6-76.8-326.4-5\
1.2-115.2 32-211\
.2 102.4-268.8 2\
04.8-6.4 12.8-25\
.6 19.2-38.4 19.\
2zM512.96 964.28\
8c-96 0-185.6-25\
.6-268.8-76.8-38\
.4-19.2-70.4-44.\
8-96-76.8v51.2c0\
 25.6-19.2 44.8-\
44.8 44.8s-44.8-\
19.2-44.8-44.8v-\
172.8c0-19.2 12.\
8-38.4 32-44.8 1\
9.2-6.4 38.4 0 5\
1.2 19.2 38.4 64\
 89.6 115.2 153.\
6 147.2 204.8 12\
1.6 473.6 51.2 6\
01.6-153.6 12.8-\
19.2 38.4-25.6 6\
4-12.8 19.2 12.8\
 25.6 38.4 12.8 \
64-70.4 121.6-18\
5.6 204.8-320 24\
3.2-51.2 6.4-96 \
12.8-140.8 12.8z\
\x22 p-id=\x225561\x22></\
path></svg>\
\x00\x00\x00\x98\
<\
svg xmlns=\x22http:\
//www.w3.org/200\
0/svg\x22 viewBox=\x22\
0 0 24 24\x22 width\
=\x2224\x22 height=\x2224\
\x22><path d=\x22M1 21\
h22L12 2 1 21zm1\
2-3h-2v-2h2v2zm0\
-4h-2v-4h2v4z\x22/>\
</svg>\x0a\
\x00\x00\x04\xfc\
<\
?xml version=\x221.\
0\x22 standalone=\x22n\
o\x22?><!DOCTYPE sv\
g PUBLIC \x22-//W3C\
//DTD SVG 1.1//E\
N\x22 \x22http://www.w\
3.org/Graphics/S\
VG/1.1/DTD/svg11\
.dtd\x22><svg t=\x2217\
83758702270\x22 cla\
ss=\x22icon\x22 viewBo\
x=\x220 0 1024 1024\
\x22 version=\x221.1\x22 \
xmlns=\x22http://ww\
w.w3.org/2000/sv\
g\x22 p-id=\x226183\x22 x\
mlns:xlink=\x22http\
://www.w3.org/19\
99/xlink\x22 width=\
\x22200\x22 height=\x2220\
0\x22><path d=\x22M85.\
333333 682.66666\
7v-51.498667c0-1\
0.410667 1.49333\
3-20.736 4.48-30\
.634667L205.0986\
67 216.32A64 64 \
0 0 1 266.410667\
 170.666667h448.\
512a64 64 0 0 1 \
61.312 45.653333\
l115.285333 384.\
213333c2.986667 \
9.898667 4.48 20\
.224 4.48 30.634\
667V789.333333a6\
4 64 0 0 1-64 64\
h-682.666667A64 \
64 0 0 1 85.3333\
33 789.333333V68\
2.666667z m64-85\
.333334h682.6666\
67c4.992 0 9.813\
333 0.554667 14.\
506667 1.664l-11\
1.146667-370.432\
A21.333333 21.33\
3333 0 0 0 714.9\
22667 213.333333\
H266.410667a21.3\
33333 21.333333 \
0 0 0-20.48 15.2\
32L134.826667 59\
8.997333c4.69333\
3-1.109333 9.514\
667-1.664 14.506\
666-1.664zM128 7\
04v85.333333a21.\
333333 21.333333\
 0 0 0 21.333333\
 21.333334h682.6\
66667a21.333333 \
21.333333 0 0 0 \
21.333333-21.333\
334v-128a21.3333\
33 21.333333 0 0\
 0-21.333333-21.\
333333h-682.6666\
67a21.333333 21.\
333333 0 0 0-21.\
333333 21.333333\
v42.666667zM234.\
666667 768a21.33\
3333 21.333333 0\
 1 1 0-42.666667\
h512a21.333333 2\
1.333333 0 1 1 0\
 42.666667h-512z\
\x22 p-id=\x226184\x22></\
path></svg>\
\x00\x00\x02\xaf\
<\
?xml version=\x221.\
0\x22 standalone=\x22n\
o\x22?><!DOCTYPE sv\
g PUBLIC \x22-//W3C\
//DTD SVG 1.1//E\
N\x22 \x22http://www.w\
3.org/Graphics/S\
VG/1.1/DTD/svg11\
.dtd\x22><svg t=\x2217\
83752383152\x22 cla\
ss=\x22icon\x22 viewBo\
x=\x220 0 1024 1024\
\x22 version=\x221.1\x22 \
xmlns=\x22http://ww\
w.w3.org/2000/sv\
g\x22 p-id=\x223489\x22 x\
mlns:xlink=\x22http\
://www.w3.org/19\
99/xlink\x22 width=\
\x22200\x22 height=\x2220\
0\x22><path d=\x22M426\
.666667 288v448a\
32.426667 32.426\
667 0 0 1-32 32h\
-64a32.426667 32\
.426667 0 0 1-32\
-32V288A32.42666\
7 32.426667 0 0 \
1 330.666667 256\
h64a32.426667 32\
.426667 0 0 1 32\
 32zM693.333333 \
256h-64a32.42666\
7 32.426667 0 0 \
0-32 32v448a32.4\
26667 32.426667 \
0 0 0 32 32h64a3\
2.426667 32.4266\
67 0 0 0 32-32V2\
88a32.426667 32.\
426667 0 0 0-32-\
32z\x22 p-id=\x223490\x22\
></path></svg>\
\x00\x00\x02\x14\
<\
?xml version=\x221.\
0\x22 standalone=\x22n\
o\x22?><!DOCTYPE sv\
g PUBLIC \x22-//W3C\
//DTD SVG 1.1//E\
N\x22 \x22http://www.w\
3.org/Graphics/S\
VG/1.1/DTD/svg11\
.dtd\x22><svg t=\x2217\
84817054393\x22 cla\
ss=\x22icon\x22 viewBo\
x=\x220 0 1024 1024\
\x22 version=\x221.1\x22 \
xmlns=\x22http://ww\
w.w3.org/2000/sv\
g\x22 p-id=\x222581\x22 x\
mlns:xlink=\x22http\
://www.w3.org/19\
99/xlink\x22 width=\
\x22200\x22 height=\x2220\
0\x22><path d=\x22M960\
 1024H128a128 12\
8 0 0 1-128-128V\
64a64 64 0 0 1 1\
28 0v832h832a64 \
64 0 1 1 0 128zM\
768 64h192v768h-\
192V64zM512 320h\
192v512H512V320z\
M256 576h192v256\
H256V576z\x22 fill=\
\x22#000000\x22 p-id=\x22\
2582\x22></path></s\
vg>\
\x00\x00~m\
\x00\
\x00\x01\x00\x0a\x00\x10\x10\x10\x00\x01\x00\x04\x00(\x01\x00\
\x00\xa6\x00\x00\x00\x10\x10\x00\x00\x01\x00\x08\x00h\x05\x00\
\x00\xce\x01\x00\x00\x10\x10\x00\x00\x01\x00 \x00h\x04\x00\
\x006\x07\x00\x00  \x10\x00\x01\x00\x04\x00\xe8\x02\x00\
\x00\x9e\x0b\x00\x00  \x00\x00\x01\x00\x08\x00\xa8\x08\x00\
\x00\x86\x0e\x00\x00  \x00\x00\x01\x00 \x00\xa8\x10\x00\
\x00.\x17\x00\x0000\x10\x00\x01\x00\x04\x00h\x06\x00\
\x00\xd6'\x00\x0000\x00\x00\x01\x00\x08\x00\xa8\x0e\x00\
\x00>.\x00\x0000\x00\x00\x01\x00 \x00\xa8%\x00\
\x00\xe6<\x00\x00\x00\x00\x00\x00\x01\x00 \x00\xdf\x1b\x00\
\x00\x8eb\x00\x00(\x00\x00\x00\x10\x00\x00\x00 \x00\x00\
\x00\x01\x00\x04\x00\x00\x00\x00\x00\x00\x00\x00\x00\x00\x00\x00\
\x00\x00\x00\x00\x00\x00\x00\x00\x00\x00\x00\x00\x00\x00\x00\x00\
\x00\xff\xff\x00\x00\x80\x80\x80\x00\xc0\xc0\xc0\x00\xff\xff\xff\
\x00\xff\x00\x00\x00\x00\x00\x00\x00\x00\x00\x00\x00\x00\x00\x00\
\x00\x00\x00\x00\x00\x00\x00\x00\x00\x00\x00\x00\x00\x00\x00\x00\
\x00\x00\x00\x00\x00\x00\x00\x00\x00\x00\x00\x00\x00\x02\x12\x12\
!S\x151 !!\x22\x12\x12\x22\x12\x13\x12!!\
\x22!!%5!#D\x12\x1241!\x12\x14%\
1\x22\x221\x22!#\x13\x12!!2!\x12#\x15\
1Q\x22\x22\x15!!3\x13311\x22\x12#3\
3142\x12!#\x12!2%1\x22\x12\x14S\
\x12Q!E1!$\x12!\x22\x12AS\x12\x13A\
2\x1332\x12!\x2221\x222\x12!\x12\x12\x12\
\x12\x12!\x22\x12\x01!!!!!! \x80\x01\x00\
\x00\x00\x00\x00\x00\x00\x00\x00\x00\x00\x00\x00\x00\x00\x00\x00\
\x00\x00\x00\x00\x00\x00\x00\x00\x00\x00\x00\x00\x00\x00\x00\x00\
\x00\x00\x00\x00\x00\x00\x00\x00\x00\x00\x00\x00\x00\x00\x00\x00\
\x00\x00\x00\x00\x00\x00\x00\x00\x00\x80\x01\x00\x00(\x00\x00\
\x00\x10\x00\x00\x00 \x00\x00\x00\x01\x00\x08\x00\x00\x00\x00\
\x00\x00\x00\x00\x00\x00\x00\x00\x00\x00\x00\x00\x00\x00\x00\x00\
\x00\x00\x00\x00\x00\x00\x00\x00\x00\xff\xb5H\x00\xff\xb3J\
\x00\xff\xb1L\x00\xff\xafM\x00\xff\xadN\x00\xff\xaaO\
\x00\xff\xa9P\x00\xff\xa8P\x00\xff\xa8N\x00\xff\xb3I\
\x00\xff\xb0L\x00\xff\xaeN\x00\xff\xa6P\x00\xff\xa1P\
\x00\xff\xa0P\x00\xff\xa5N\x00\xff\xb3N\x00\xff\xbdm\
\x00\xff\xben\x00\xff\xb9c\x00\xff\xacN\x00\xff\xb2e\
\x00\xff\xb8q\x00\xff\xb6p\x00\xff\xa2S\x00\xff\xb2K\
\x00\xff\xe1\xbe\x00\xff\xe3\xc2\x00\xff\xe0\xba\x00\xff\xd0\x9f\
\x00\xff\xcf\x9f\x00\xff\xdb\xbc\x00\xff\xde\xc2\x00\xff\xdd\xc1\
\x00\xff\xef\xdc\x00\xff\xa7P\x00\xff\xed\xdd\x00\xff\xb4H\
\x00\xff\xa2P\x00\xff\xc3|\x00\xff\xb8~\x00\xff\xb3U\
\x00\xff\xce\x93\x00\xff\xcb\x96\x00\xff\xca\x96\x00\xff\xc8\x96\
\x00\xff\xc6\x96\x00\xff\xc5\x95\x00\xff\xa5Y\x00\xff\xb3V\
\x00\xff\xcf\x97\x00\xff\xcc\x99\x00\xff\xc7\x99\x00\xff\xc7\x98\
\x00\xff\xbet\x00\xff\xb5v\x00\xff\xe8\xca\x00\xff\xe5\xcc\
\x00\xff\xdc\xb2\x00\xff\xda\xb2\x00\xff\xd7\xac\x00\xff\xca\x94\
\x00\xff\xc5\x93\x00\xff\xd3\xac\x00\xff\xd6\xb2\x00\xff\xd8\xb4\
\x00\xff\xaeR\x00\xff\xb7o\x00\xff\xb8p\x00\xff\xb3e\
\x00\xff\xabe\x00\xff\xb2p\x00\xff\xb1o\x00\xff\xa2T\
\x00\xff\xa4P\x00\x00\x00\x00\x00\x00\x00\x00\x00\x00\x00\x00\
\x00\x00\x00\x00\x00\x00\x00\x00\x00\x00\x00\x00\x00\x00\x00\x00\
\x00\x00\x00\x00\x00\x00\x00\x00\x00\x00\x00\x00\x00\x00\x00\x00\
\x00\x00\x00\x00\x00\x00\x00\x00\x00\x00\x00\x00\x00\x00\x00\x00\
\x00\x00\x00\x00\x00\x00\x00\x00\x00\x00\x00\x00\x00\x00\x00\x00\
\x00\x00\x00\x00\x00\x00\x00\x00\x00\x00\x00\x00\x00\x00\x00\x00\
\x00\x00\x00\x00\x00\x00\x00\x00\x00\x00\x00\x00\x00\x00\x00\x00\
\x00\x00\x00\x00\x00\x00\x00\x00\x00\x00\x00\x00\x00\x00\x00\x00\
\x00\x00\x00\x00\x00\x00\x00\x00\x00\x00\x00\x00\x00\x00\x00\x00\
\x00\x00\x00\x00\x00\x00\x00\x00\x00\x00\x00\x00\x00\x00\x00\x00\
\x00\x00\x00\x00\x00\x00\x00\x00\x00\x00\x00\x00\x00\x00\x00\x00\
\x00\x00\x00\x00\x00\x00\x00\x00\x00\x00\x00\x00\x00\x00\x00\x00\
\x00\x00\x00\x00\x00\x00\x00\x00\x00\x00\x00\x00\x00\x00\x00\x00\
\x00\x00\x00\x00\x00\x00\x00\x00\x00\x00\x00\x00\x00\x00\x00\x00\
\x00\x00\x00\x00\x00\x00\x00\x00\x00\x00\x00\x00\x00\x00\x00\x00\
\x00\x00\x00\x00\x00\x00\x00\x00\x00\x00\x00\x00\x00\x00\x00\x00\
\x00\x00\x00\x00\x00\x00\x00\x00\x00\x00\x00\x00\x00\x00\x00\x00\
\x00\x00\x00\x00\x00\x00\x00\x00\x00\x00\x00\x00\x00\x00\x00\x00\
\x00\x00\x00\x00\x00\x00\x00\x00\x00\x00\x00\x00\x00\x00\x00\x00\
\x00\x00\x00\x00\x00\x00\x00\x00\x00\x00\x00\x00\x00\x00\x00\x00\
\x00\x00\x00\x00\x00\x00\x00\x00\x00\x00\x00\x00\x00\x00\x00\x00\
\x00\x00\x00\x00\x00\x00\x00\x00\x00\x00\x00\x00\x00\x00\x00\x00\
\x00\x00\x00\x00\x00\x00\x00\x00\x00\x00\x00\x00\x00\x00\x00\x00\
\x00\x00\x00\x00\x00\x00\x00\x00\x00\x00\x00\x00\x00\x00\x00\x00\
\x00\x00\x00\x00\x00\x00\x00\x00\x00\x00\x00\x00\x00\x00\x00\x00\
\x00\x00\x00\x00\x00\x00\x00\x00\x00\x00\x00\x00\x00\x00\x00\x00\
\x00\x00\x00\x00\x00\x00\x00\x00\x00\x00\x00\x00\x00\x00\x00\x00\
\x00\x00\x00\x00\x00\x00\x00\x00\x00\x00\x00\x00\x00\x00\x00\x00\
\x00\x00\x00\x00\x00\x00\x00\x00\x00\x00\x00\x00\x00\x00\x00\x00\
\x00\x00\x00\x00\x00\x00\x00\x00\x00\x00\x00\x00\x00\x00\x00\x00\
\x00\x00\x00\x00\x00\x00\x00\x00\x00\x00\x00\x00\x00\x00\x00\x00\
\x00\x00\x00\x00\x00\x00\x00\x00\x00\x00\x00\x00\x00\x00\x00\x00\
\x00\x00\x00\x00\x00\x00\x00\x00\x00\x00\x00\x00\x00\x00\x00\x00\
\x00\x00\x00\x00\x00\x00\x00\x00\x00\x00\x00\x00\x00\x00\x00\x00\
\x00\x00\x00\x00\x00\x00\x00\x00\x00\x00\x00\x00\x00\x00\x00\x00\
\x00\x00\x00\x00\x00\x00\x00\x00\x00\x00\x00\x00\x00\x00\x00\x00\
\x00\x00\x00\x00\x00\x00\x00\x00\x00\x00\x00\x00\x00\x00\x00\x00\
\x00\x00\x00\x00\x00\x00\x00\x00\x00\x00\x00\x00\x00\x00\x00\x00\
\x00\x00\x00\x00\x00\x00\x00\x00\x00\x00\x00\x00\x00\x00\x00\x00\
\x00\x00\x00\x00\x00\x00\x00\x00\x00\x00\x00\x00\x00\x00\x00\x00\
\x00\x00\x00\x00\x00\x00\x00\x00\x00\x00\x00\x00\x00\x00\x00\x00\
\x00\x00\x00\x00\x00\x00\x00\x00\x00\x00\x00\x00\x00\x00\x00\x00\
\x00\x00\x00\x00\x00\x00\x00\x00\x00\x00\x00\x00\x00\x00\x00\x00\
\x00\x00\x00\x00\x00\x00\x00\x00\x00\x00\x00\x00\x00\x00\x00\x00\
\x00\x00\x00\x00\x00\x00\x00\x00\x00\x00\x00\x00\x00\x00\x00\x00\
\x00\x00\x00\x00\x00\x00\x0b\x04\x04\x07\x08\x08\x08K\x0f\x0f\
\x0f\x0f\x0e\x10\x00\x0b\x04\x04\x0c\x08\x08\x08\x08'\x0f\x0f\
\x0f\x0f\x0f\x0f\x10\x04\x04\x04CDEF\x08\x0fGH\
IJ\x0f\x0f\x0e\x04\x04\x04;<=>$\x0f?@\
AB\x0f\x0f\x0f\x04\x04\x049\x08\x08\x08\x0d\x0f\x0f\x0f\
\x0f:\x0f\x0f\x0f\x04\x04\x049\x08\x08\x08\x0d\x0f\x0f\x0f\
\x0f:\x0f\x0f\x0f\x04\x04\x047\x08\x08\x08$\x0f\x0f\x0f\
\x0f8\x0f\x0f\x0f\x04\x04234444555\
561\x0f\x0f\x04\x04*+,---.//\
/01\x0f\x0f\x1a\x04\x04(\x15\x08\x08\x08\x0d\x0f\x0f\
\x0f)\x0f\x0f\x0f&\x04\x04#\x04\x07\x08\x08\x08'\x0f\
\x0f%\x0f\x0f\x0f\x01\x02\x04#\x04\x05\x08\x08\x08$\x0f\
\x0f%\x0f\x0f\x0f\x01\x01\x1a\x1b\x1c\x1d\x1e\x08\x08\x1f \
!\x22\x0f\x0f\x0f\x01\x01\x01\x11\x12\x13\x14\x15\x08\x16\x17\
\x18\x19\x0f\x0f\x0e\x01\x01\x01\x01\x0a\x0b\x04\x04\x0c\x06\x08\
\x08\x0d\x0e\x0f\x10\x00\x01\x01\x01\x01\x01\x02\x03\x04\x04\x05\
\x06\x07\x08\x09\x00\x80\x01\x00\x00\x00\x00\x00\x00\x00\x00\x00\
\x00\x00\x00\x00\x00\x00\x00\x00\x00\x00\x00\x00\x00\x00\x00\x00\
\x00\x00\x00\x00\x00\x00\x00\x00\x00\x00\x00\x00\x00\x00\x00\x00\
\x00\x00\x00\x00\x00\x00\x00\x00\x00\x00\x00\x00\x00\x00\x00\x00\
\x00\x80\x01\x00\x00(\x00\x00\x00\x10\x00\x00\x00 \x00\x00\
\x00\x01\x00 \x00\x00\x00\x00\x00\x00\x00\x00\x00\x00\x00\x00\
\x00\x00\x00\x00\x00\x00\x00\x00\x00\x00\x00\x00\x00\xff\xb4I\
\x13\xff\xb0L\xa9\xff\xafM\xf3\xff\xafM\xff\xff\xa9P\
\xff\xff\xa8P\xff\xff\xa8P\xff\xff\xa8P\xff\xff\xa4P\
\xff\xff\xa0P\xff\xff\xa0P\xff\xff\xa0P\xff\xff\xa0P\
\xff\xff\xa1P\xf4\xff\xa5N\xaa\xff\xb2I\x14\xff\xb0L\
\xa8\xff\xafM\xff\xff\xafM\xff\xff\xaeN\xff\xff\xa8P\
\xff\xff\xa8P\xff\xff\xa8P\xff\xff\xa8P\xff\xff\xa2P\
\xff\xff\xa0P\xff\xff\xa0P\xff\xff\xa0P\xff\xff\xa0P\
\xff\xff\xa0P\xff\xff\xa0P\xff\xff\xa5N\xaa\xff\xafM\
\xf1\xff\xafM\xff\xff\xafM\xff\xff\xaeR\xff\xff\xb7o\
\xff\xff\xb8p\xff\xff\xb3e\xff\xff\xa8P\xff\xff\xa0P\
\xff\xff\xabe\xff\xff\xb2p\xff\xff\xb1o\xff\xff\xa2T\
\xff\xff\xa0P\xff\xff\xa0P\xff\xff\xa1P\xf3\xff\xafM\
\xff\xff\xafM\xff\xff\xafM\xff\xff\xdc\xb2\xff\xff\xda\xb2\
\xff\xff\xd7\xac\xff\xff\xca\x94\xff\xff\xa7P\xff\xff\xa0P\
\xff\xff\xc5\x93\xff\xff\xd3\xac\xff\xff\xd6\xb2\xff\xff\xd8\xb4\
\xff\xff\xa0P\xff\xff\xa0P\xff\xff\xa0P\xff\xff\xafM\
\xff\xff\xafM\xff\xff\xafM\xff\xff\xe8\xca\xff\xff\xa8P\
\xff\xff\xa8P\xff\xff\xa8P\xff\xff\xa6P\xff\xff\xa0P\
\xff\xff\xa0P\xff\xff\xa0P\xff\xff\xa0P\xff\xff\xe5\xcc\
\xff\xff\xa0P\xff\xff\xa0P\xff\xff\xa0P\xff\xff\xafM\
\xff\xff\xafM\xff\xff\xafM\xff\xff\xe8\xca\xff\xff\xa8P\
\xff\xff\xa8P\xff\xff\xa8P\xff\xff\xa6P\xff\xff\xa0P\
\xff\xff\xa0P\xff\xff\xa0P\xff\xff\xa0P\xff\xff\xe5\xcc\
\xff\xff\xa0P\xff\xff\xa0P\xff\xff\xa0P\xff\xff\xafM\
\xff\xff\xafM\xff\xff\xafM\xff\xff\xbet\xff\xff\xa8P\
\xff\xff\xa8P\xff\xff\xa8P\xff\xff\xa7P\xff\xff\xa0P\
\xff\xff\xa0P\xff\xff\xa0P\xff\xff\xa0P\xff\xff\xb5v\
\xff\xff\xa0P\xff\xff\xa0P\xff\xff\xa0P\xff\xff\xafM\
\xff\xff\xafM\xff\xff\xb3V\xff\xff\xcf\x97\xff\xff\xcc\x99\
\xff\xff\xcc\x99\xff\xff\xcc\x99\xff\xff\xcc\x99\xff\xff\xc7\x99\
\xff\xff\xc7\x99\xff\xff\xc7\x99\xff\xff\xc7\x99\xff\xff\xc7\x98\
\xff\xff\xa5Y\xff\xff\xa0P\xff\xff\xa0P\xff\xff\xafM\
\xff\xff\xafM\xff\xff\xb3U\xff\xff\xce\x93\xff\xff\xcb\x96\
\xff\xff\xca\x96\xff\xff\xca\x96\xff\xff\xca\x96\xff\xff\xc8\x96\
\xff\xff\xc6\x96\xff\xff\xc6\x96\xff\xff\xc6\x96\xff\xff\xc5\x95\
\xff\xff\xa5Y\xff\xff\xa0P\xff\xff\xa0P\xff\xff\xb2K\
\xff\xff\xafM\xff\xff\xafM\xff\xff\xc3|\xff\xff\xacN\
\xff\xff\xa8P\xff\xff\xa8P\xff\xff\xa8P\xff\xff\xa6P\
\xff\xff\xa0P\xff\xff\xa0P\xff\xff\xa0P\xff\xff\xb8~\
\xff\xff\xa0P\xff\xff\xa0P\xff\xff\xa0P\xff\xff\xb4H\
\xff\xff\xafM\xff\xff\xafM\xff\xff\xef\xdc\xff\xff\xafM\
\xff\xff\xa9P\xff\xff\xa8P\xff\xff\xa8P\xff\xff\xa8P\
\xff\xff\xa2P\xff\xff\xa0P\xff\xff\xa0P\xff\xff\xed\xdd\
\xff\xff\xa0P\xff\xff\xa0P\xff\xff\xa0P\xff\xff\xb5H\
\xff\xff\xb3J\xff\xff\xafM\xff\xff\xef\xdc\xff\xff\xafM\
\xff\xff\xadN\xff\xff\xa8P\xff\xff\xa8P\xff\xff\xa8P\
\xff\xff\xa7P\xff\xff\xa0P\xff\xff\xa0P\xff\xff\xed\xdd\
\xff\xff\xa0P\xff\xff\xa0P\xff\xff\xa0P\xff\xff\xb5H\
\xff\xff\xb5H\xff\xff\xb2K\xff\xff\xe1\xbe\xff\xff\xe3\xc2\
\xff\xff\xe0\xba\xff\xff\xd0\x9f\xff\xff\xa8P\xff\xff\xa8P\
\xff\xff\xcf\x9f\xff\xff\xdb\xbc\xff\xff\xde\xc2\xff\xff\xdd\xc1\
\xff\xff\xa0P\xff\xff\xa0P\xff\xff\xa0P\xff\xff\xb5H\
\xef\xff\xb5H\xff\xff\xb5H\xff\xff\xb3N\xff\xff\xbdm\
\xff\xff\xben\xff\xff\xb9c\xff\xff\xacN\xff\xff\xa8P\
\xff\xff\xb2e\xff\xff\xb8q\xff\xff\xb6p\xff\xff\xa2S\
\xff\xff\xa0P\xff\xff\xa0P\xff\xff\xa1P\xf2\xff\xb5H\
\xa5\xff\xb5H\xff\xff\xb5H\xff\xff\xb5H\xff\xff\xb3I\
\xff\xff\xb0L\xff\xff\xafM\xff\xff\xafM\xff\xff\xaeN\
\xff\xff\xaaO\xff\xff\xa8P\xff\xff\xa8P\xff\xff\xa6P\
\xff\xff\xa1P\xff\xff\xa0P\xff\xff\xa5N\xa7\xff\xb5H\
\x12\xff\xb5H\xa5\xff\xb5H\xef\xff\xb5H\xfe\xff\xb5H\
\xff\xff\xb5H\xff\xff\xb3J\xff\xff\xb1L\xff\xff\xafM\
\xff\xff\xafM\xff\xff\xadN\xff\xff\xaaO\xff\xff\xa9P\
\xff\xff\xa8P\xf0\xff\xa8N\xa6\xff\xb3I\x13\x00\x00\x00\
\x00\x00\x00\x00\x00\x00\x00\x00\x00\x00\x00\x00\x00\x00\x00\x00\
\x00\x00\x00\x00\x00\x00\x00\x00\x00\x00\x00\x00\x00\x00\x00\x00\
\x00\x00\x00\x00\x00\x00\x00\x00\x00\x00\x00\x00\x00\x00\x00\x00\
\x00\x00\x00\x00\x00\x00\x00\x00\x00\x00\x00\x00\x00(\x00\x00\
\x00 \x00\x00\x00@\x00\x00\x00\x01\x00\x04\x00\x00\x00\x00\
\x00\x00\x00\x00\x00\x00\x00\x00\x00\x00\x00\x00\x00\x00\x00\x00\
\x00\x00\x00\x00\x00\x00\x00\x00\x00\xff\xff\x00\x00\x80\x80\x80\
\x00\xff\x00\x00\x00\xc0\xc0\xc0\x00\xff\xff\xff\x00\x80\x80\x00\
\x00\x00\x00\x00\x00\x00\x00\x00\x00\x00\x00\x00\x00\x00\x00\x00\
\x00\x00\x00\x00\x00\x00\x00\x00\x00\x00\x00\x00\x00\x00\x00\x00\
\x00\x00\x00\x00\x00\x00\x01\x22!\x22\x12\x14!\x22\x12\x12\
!\x22\x12\x10\x00\x00\x12\x12\x12!!#\x12!4!\
\x22\x13A$\x00\x01\x22!!\x13B!\x22\x14\x22\x13\
A\x22\x121 \x22\x12\x12\x22$\x12\x12!#\x12\x12\
\x13A!$\x22\x11!\x22\x12\x13\x12!\x22\x12&\x22\
\x22\x124\x13\x11\x22!!!DAA!\x22\x14A\
A\x22\x12\x22$\x12\x12!%EUT4\x12EU\
UAB\x12\x13!\x22\x12EA\x22A!4\x12\x22\
$T1#A\x12\x12\x12\x15\x22!\x22\x12A4\x12\
\x14T\x12!\x22!\x22\x12E\x12\x12!!2A!\
#T!\x22\x12\x12!\x22D!\x22\x12\x22!#C\
AT\x12!\x22!!!E\x13A4\x12\x12!!\
!T4\x13!\x12\x22\x12D!\x22\x12!4\x12\x12\
4D\x12\x14\x12!!!\x22\x12A\x22\x12A2$\
\x12!#CA\x12\x12!!!1!!4\x12\x13\
\x12\x13A\x22\x13!\x22\x12UEUETTTU\
EU\x12\x12!\x12!\x22TTTTUUTT\
UT\x22!\x22!!!!\x22\x12\x12!!\x22\x12\
\x224\x12\x13A\x12\x12!!!\x22\x22\x13C\x12\x22\
\x12\x12\x12$\x12!\x22\x12D!!!A$\x12\x12\
\x12T1#\x12\x12!!E\x12&!4\x13A4\
2T\x14\x12\x22!!\x22E!!\x22!!\x22A\
!T#A!\x12\x12!E\x12\x22\x12\x12B!1\
\x22T\x14\x13\x22!\x22\x12E!!\x22!1\x12\x22\
!T#A!\x12\x12\x12EA$\x12\x12\x22$\x12\
\x14T!!\x22!\x22\x12\x15UUT!!EU\
UR\x12CA\x12\x12\x12!D\x14B\x12!!D\
B!!4\x13!\x22\x12\x12\x22!!!\x22\x22!\
\x22\x13D!\x22\x12\x12\x12\x12\x12\x12!\x22\x12\x12\x12\
!\x22\x13\x12!\x01\x22\x12!!\x22\x12!\x22!\x22\
\x12!\x22\x22\x10\x00\x12\x12\x12\x12\x12\x12\x12\x12\x12!\
\x22\x12!!\x00\x00\x01!!!!!!!!!\
!!! \x00\xe0\x00\x00\x07\xc0\x00\x00\x03\x80\x00\x00\
\x01\x00\x00\x00\x00\x00\x00\x00\x00\x00\x00\x00\x00\x00\x00\x00\
\x00\x00\x00\x00\x00\x00\x00\x00\x00\x00\x00\x00\x00\x00\x00\x00\
\x00\x00\x00\x00\x00\x00\x00\x00\x00\x00\x00\x00\x00\x00\x00\x00\
\x00\x00\x00\x00\x00\x00\x00\x00\x00\x00\x00\x00\x00\x00\x00\x00\
\x00\x00\x00\x00\x00\x00\x00\x00\x00\x00\x00\x00\x00\x00\x00\x00\
\x00\x00\x00\x00\x00\x00\x00\x00\x00\x00\x00\x00\x00\x00\x00\x00\
\x00\x00\x00\x00\x00\x00\x00\x00\x00\x80\x00\x00\x01\xc0\x00\x00\
\x03\xe0\x00\x00\x07(\x00\x00\x00 \x00\x00\x00@\x00\x00\
\x00\x01\x00\x08\x00\x00\x00\x00\x00\x00\x00\x00\x00\x00\x00\x00\
\x00\x00\x00\x00\x00\x00\x00\x00\x00\x00\x00\x00\x00\x00\x00\x00\
\x00\xff\xb5H\x00\xff\xb3J\x00\xff\xb1K\x00\xff\xafM\
\x00\xff\xaeM\x00\xff\xacN\x00\xff\xaaO\x00\xff\xa8P\
\x00\xff\xa9P\x00\xff\xaeL\x00\xff\xb2K\x00\xff\xadN\
\x00\xff\xa4P\x00\xff\xa7N\x00\xff\xb2J\x00\xff\xa9O\
\x00\xff\xa5P\x00\xff\xa1P\x00\xff\xa0P\x00\xff\xa6N\
\x00\xff\xb4I\x00\xff\xb0L\x00\xff\xabO\x00\xff\xa7P\
\x00\xff\xa3P\x00\xff\xa9M\x00\xff\xaeN\x00\xff\xa3O\
\x00\xff\xb4Y\x00\xff\xca\x8b\x00\xff\xcd\x90\x00\xff\xcd\x8f\
\x00\xff\xb8b\x00\xff\xb1c\x00\xff\xc8\x91\x00\xff\xc9\x92\
\x00\xff\xc8\x92\x00\xff\xc1\x8d\x00\xff\xa7]\x00\xff\xb8a\
\x00\xff\xf7\xed\x00\xff\xff\xff\x00\xff\xd8\xb0\x00\xff\xd5\xad\
\x00\xff\xf6\xef\x00\xff\xabf\x00\xff\xd8\xaa\x00\xff\xce\x93\
\x00\xff\xc1v\x00\xff\xbfv\x00\xff\xacX\x00\xff\xabW\
\x00\xff\xbbx\x00\xff\xbax\x00\xff\xb5x\x00\xff\xc3\x92\
\x00\xff\xd3\xaf\x00\xff\xdf\xb9\x00\xff\xa2P\x00\xff\xda\xbc\
\x00\xff\xe5\xc9\x00\xff\xa6P\x00\xff\xe0\xc7\x00\xff\xc2\x90\
\x00\xff\xbdn\x00\xff\xec\xd8\x00\xff\xee\xdc\x00\xff\xed\xdc\
\x00\xff\xec\xdc\x00\xff\xeb\xdc\x00\xff\xe9\xd9\x00\xff\xb2s\
\x00\xff\xbeq\x00\xff\xef\xde\x00\xff\xf0\xe1\x00\xff\xef\xe2\
\x00\xff\xee\xe2\x00\xff\xed\xdf\x00\xff\xb4v\x00\xff\xc6\x80\
\x00\xff\xda\xb3\x00\xff\xd6\xb2\x00\xff\xbd\x84\x00\xff\xda\xab\
\x00\xff\xf6\xe9\x00\xff\xd5\xae\x00\xff\xd4\x9f\x00\xff\xc3\x87\
\x00\xff\xb7p\x00\xff\xb7o\x00\xff\xaaT\x00\xff\xa2T\
\x00\xff\xb0o\x00\xff\xb1p\x00\xff\xbd\x85\x00\xff\xcf\xa4\
\x00\xff\xef\xdc\x00\xff\xd2\xa3\x00\xff\xcc\xa0\x00\xff\xacf\
\x00\xff\xb0]\x00\xff\xc6\x8b\x00\xff\xb2e\x00\xff\xaac\
\x00\xff\xc3\x91\x00\xff\xc4\x91\x00\xff\xc1\x8c\x00\xff\xa8_\
\x00\x00\x00\x00\x00\x00\x00\x00\x00\x00\x00\x00\x00\x00\x00\x00\
\x00\x00\x00\x00\x00\x00\x00\x00\x00\x00\x00\x00\x00\x00\x00\x00\
\x00\x00\x00\x00\x00\x00\x00\x00\x00\x00\x00\x00\x00\x00\x00\x00\
\x00\x00\x00\x00\x00\x00\x00\x00\x00\x00\x00\x00\x00\x00\x00\x00\
\x00\x00\x00\x00\x00\x00\x00\x00\x00\x00\x00\x00\x00\x00\x00\x00\
\x00\x00\x00\x00\x00\x00\x00\x00\x00\x00\x00\x00\x00\x00\x00\x00\
\x00\x00\x00\x00\x00\x00\x00\x00\x00\x00\x00\x00\x00\x00\x00\x00\
\x00\x00\x00\x00\x00\x00\x00\x00\x00\x00\x00\x00\x00\x00\x00\x00\
\x00\x00\x00\x00\x00\x00\x00\x00\x00\x00\x00\x00\x00\x00\x00\x00\
\x00\x00\x00\x00\x00\x00\x00\x00\x00\x00\x00\x00\x00\x00\x00\x00\
\x00\x00\x00\x00\x00\x00\x00\x00\x00\x00\x00\x00\x00\x00\x00\x00\
\x00\x00\x00\x00\x00\x00\x00\x00\x00\x00\x00\x00\x00\x00\x00\x00\
\x00\x00\x00\x00\x00\x00\x00\x00\x00\x00\x00\x00\x00\x00\x00\x00\
\x00\x00\x00\x00\x00\x00\x00\x00\x00\x00\x00\x00\x00\x00\x00\x00\
\x00\x00\x00\x00\x00\x00\x00\x00\x00\x00\x00\x00\x00\x00\x00\x00\
\x00\x00\x00\x00\x00\x00\x00\x00\x00\x00\x00\x00\x00\x00\x00\x00\
\x00\x00\x00\x00\x00\x00\x00\x00\x00\x00\x00\x00\x00\x00\x00\x00\
\x00\x00\x00\x00\x00\x00\x00\x00\x00\x00\x00\x00\x00\x00\x00\x00\
\x00\x00\x00\x00\x00\x00\x00\x00\x00\x00\x00\x00\x00\x00\x00\x00\
\x00\x00\x00\x00\x00\x00\x00\x00\x00\x00\x00\x00\x00\x00\x00\x00\
\x00\x00\x00\x00\x00\x00\x00\x00\x00\x00\x00\x00\x00\x00\x00\x00\
\x00\x00\x00\x00\x00\x00\x00\x00\x00\x00\x00\x00\x00\x00\x00\x00\
\x00\x00\x00\x00\x00\x00\x00\x00\x00\x00\x00\x00\x00\x00\x00\x00\
\x00\x00\x00\x00\x00\x00\x00\x00\x00\x00\x00\x00\x00\x00\x00\x00\
\x00\x00\x00\x00\x00\x00\x00\x00\x00\x00\x00\x00\x00\x00\x00\x00\
\x00\x00\x00\x00\x00\x00\x00\x00\x00\x00\x00\x00\x00\x00\x00\x00\
\x00\x00\x00\x00\x00\x00\x00\x00\x00\x00\x00\x00\x00\x00\x00\x00\
\x00\x00\x00\x00\x00\x00\x00\x00\x00\x00\x00\x00\x00\x00\x00\x00\
\x00\x00\x00\x00\x00\x00\x00\x00\x00\x00\x00\x00\x00\x00\x00\x00\
\x00\x00\x00\x00\x00\x00\x00\x00\x00\x00\x00\x00\x00\x00\x00\x00\
\x00\x00\x00\x00\x00\x00\x00\x00\x00\x00\x00\x00\x00\x00\x00\x00\
\x00\x00\x00\x00\x00\x00\x00\x00\x00\x00\x00\x00\x00\x00\x00\x00\
\x00\x00\x00\x00\x00\x00\x00\x00\x00\x00\x00\x00\x00\x00\x00\x00\
\x00\x00\x00\x00\x00\x00\x00\x00\x00\x00\x00\x00\x00\x00\x00\x00\
\x00\x00\x00\x00\x00\x00\x00\x00\x00\x00\x00\x00\x00\x00\x00\x00\
\x00\x00\x00\x00\x00\x00\x00\x00\x00\x00\x00\x00\x00\x00\x00\x00\
\x00\x00\x00\x00\x00\x00\x00\x00\x00\x00\x00\x00\x00\x00\x00\x00\
\x0b\x16\x04\x04\x04\x17\x08\x08\x08\x08\x08\x08\x08\x08\x19\x13\
\x13\x13\x13\x13\x13\x13\x13\x12\x1c\x1a\x00\x00\x00\x00\x00\x03\
\x04\x04\x04\x04\x04\x09\x08\x08\x08\x08\x08\x08\x08\x18\x13\x13\
\x13\x13\x13\x13\x13\x13\x13\x13\x13\x13\x14\x00\x00\x00\x03\x04\
\x04\x04\x04\x04\x0c\x08\x08\x08\x08\x08\x08\x08\x08\x11\x13\x13\
\x13\x13\x13\x13\x13\x13\x13\x13\x13\x13\x13\x14\x00\x0f\x04\x04\
\x04\x04\x04\x04\x06\x08\x08\x08\x08\x08\x08\x08\x08\x19\x13\x13\
\x13\x13\x13\x13\x13\x13\x13\x13\x13\x13\x13\x13\x1a\x16\x04\x04\
\x04\x04\x04\x04\x07\x08\x08\x08\x08\x08\x08\x08\x08\x12\x13\x13\
\x13\x13\x13\x13\x13\x13\x13\x13\x13\x13\x13\x13\x1c\x04\x04\x04\
\x04\x04\x04\x04ef####g\x08\x18\x13\x13h\
ijjjkl\x13\x13\x13\x13\x13\x13\x12\x04\x04\x04\
\x04\x04\x04(aUUUUUb\x08>\x13\x13c\
UUUUUJd\x13\x13\x13\x13\x13\x13\x04\x04\x04\
\x04\x04\x04WUXYYYZ[\x08\x11\x13\x13\x5c\
]^^^_U`\x13\x13\x13\x13\x13\x13\x04\x04\x04\
\x04\x04\x04TU\x08\x08\x08\x08\x08\x08\x08\x11\x13\x13\x13\
\x13\x13\x13\x13\x13UV\x13\x13\x13\x13\x13\x13\x04\x04\x04\
\x04\x04\x04TU\x08\x08\x08\x08\x08\x08\x08\x0d\x13\x13\x13\
\x13\x13\x13\x13\x13UV\x13\x13\x13\x13\x13\x13\x04\x04\x04\
\x04\x04\x04TU\x08\x08\x08\x08\x08\x08\x08\x11\x13\x13\x13\
\x13\x13\x13\x13\x13UV\x13\x13\x13\x13\x13\x13\x04\x04\x04\
\x04\x04\x04TU\x08\x08\x08\x08\x08\x08\x08\x11\x13\x13\x13\
\x13\x13\x13\x13\x13UV\x13\x13\x13\x13\x13\x13\x04\x04\x04\
\x04\x04\x04PQ\x08\x08\x08\x08\x08\x08\x08>\x13\x13\x13\
\x13\x13\x13\x13\x13RS\x13\x13\x13\x13\x13\x13\x04\x04\x04\
\x04\x04\x04\x04\x07\x08\x08\x08\x08\x08\x08\x08\x18\x13\x13\x13\
\x13\x13\x13\x13\x13\x13\x13\x13\x13\x13\x13\x13\x13\x04\x04\x04\
\x04\x04\x04\x04\x06\x08\x08\x08\x08\x08\x08\x08\x08\x12\x13\x13\
\x13\x13\x13\x13\x13\x13\x13\x13\x13\x13\x13\x13\x13\x04\x04\x04\
\x04\x04IJKLLLLLLLLMMM\
MMMMMMNO\x13\x13\x13\x13\x13\x04\x04\x04\
\x04\x04ABCDDDDDDDDEFF\
FFFFFFGH\x13\x13\x13\x13\x13\x16\x04\x04\
\x04\x04\x04\x04\x04\x17\x08\x08\x08\x08\x08\x08\x08\x08\x13\x13\
\x13\x13\x13\x13\x13\x13\x13\x13\x13\x13\x13\x13\x13\x02\x04\x04\
\x04\x04\x04\x04\x04\x05\x08\x08\x08\x08\x08\x08\x08\x08\x19\x13\
\x13\x13\x13\x13\x13\x13\x13\x13\x13\x13\x13\x13\x13\x01\x16\x04\
\x04\x04\x04\x1e=\x04\x17\x08\x08\x08\x08\x08\x08\x08>\x13\
\x13\x13\x13\x13\x13?@\x13\x13\x13\x13\x13\x13\x01\x02\x04\
\x04\x04\x04:*\x04\x05\x08\x08\x08\x08\x08\x08\x08\x08;\
\x13\x13\x13\x13\x13*<\x13\x13\x13\x13\x13\x13\x01\x01\x16\
\x04\x04\x04:*\x04\x04\x06\x08\x08\x08\x08\x08\x08\x08\x18\
\x13\x13\x13\x13\x13*<\x13\x13\x13\x13\x13\x13\x01\x01\x15\
\x04\x04\x04:*\x04\x04\x04\x10\x08\x08\x08\x08\x08\x08\x08\
\x0d\x13\x13\x13\x13*<\x13\x13\x13\x13\x13\x13\x01\x01\x01\
\x02\x04\x04:*\x04\x04\x04\x05\x09\x08\x08\x08\x08\x08\x08\
\x08;\x13\x13\x13*<\x13\x13\x13\x13\x13\x13\x01\x01\x01\
\x01\x0b\x04/*011123\x08\x08\x08\x084\
56778*9\x13\x13\x13\x13\x13\x13\x01\x01\x01\
\x01\x01\x03()*****+\x08\x08\x08\x08,\
*****-.\x13\x13\x13\x13\x13\x13\x01\x01\x01\
\x01\x01\x01\x03\x1d\x1e\x1f\x1f\x1f !\x0c\x08\x08\x08\x22\
#$$%&'\x13\x13\x13\x13\x13\x13\x12\x01\x01\x01\
\x01\x01\x01\x01\x0f\x04\x04\x04\x04\x04\x04\x04\x1b\x09\x08\x08\
\x08\x08\x08\x08\x18\x12\x13\x13\x13\x13\x13\x13\x1c\x01\x01\x01\
\x01\x01\x01\x01\x01\x15\x16\x04\x04\x04\x04\x04\x04\x04\x17\x08\
\x08\x08\x08\x08\x08\x18\x19\x13\x13\x13\x13\x13\x1a\x00\x01\x01\
\x01\x01\x01\x01\x01\x01\x01\x0f\x04\x04\x04\x04\x04\x04\x04\x0c\
\x10\x08\x08\x08\x08\x08\x08\x11\x12\x13\x13\x14\x00\x00\x00\x01\
\x01\x01\x01\x01\x01\x01\x01\x01\x01\x0b\x04\x04\x04\x04\x04\x04\
\x04\x0c\x07\x08\x08\x08\x08\x08\x08\x0d\x0e\x00\x00\x00\x00\x00\
\x01\x01\x01\x01\x01\x01\x01\x01\x01\x01\x01\x02\x03\x04\x04\x04\
\x04\x04\x04\x05\x06\x07\x08\x09\x07\x0a\x00\x00\x00\xe0\x00\x00\
\x07\xc0\x00\x00\x03\x80\x00\x00\x01\x00\x00\x00\x00\x00\x00\x00\
\x00\x00\x00\x00\x00\x00\x00\x00\x00\x00\x00\x00\x00\x00\x00\x00\
\x00\x00\x00\x00\x00\x00\x00\x00\x00\x00\x00\x00\x00\x00\x00\x00\
\x00\x00\x00\x00\x00\x00\x00\x00\x00\x00\x00\x00\x00\x00\x00\x00\
\x00\x00\x00\x00\x00\x00\x00\x00\x00\x00\x00\x00\x00\x00\x00\x00\
\x00\x00\x00\x00\x00\x00\x00\x00\x00\x00\x00\x00\x00\x00\x00\x00\
\x00\x00\x00\x00\x00\x00\x00\x00\x00\x00\x00\x00\x00\x00\x00\x00\
\x00\x80\x00\x00\x01\xc0\x00\x00\x03\xe0\x00\x00\x07(\x00\x00\
\x00 \x00\x00\x00@\x00\x00\x00\x01\x00 \x00\x00\x00\x00\
\x00\x00\x00\x00\x00\x00\x00\x00\x00\x00\x00\x00\x00\x00\x00\x00\
\x00\x00\x00\x00\x00\x00\x00\x00\x00\x00\x00\x00\x00\xff\xb5H\
!\xff\xb2K\x8f\xff\xb0L\xd4\xff\xafM\xfa\xff\xafM\
\xff\xff\xafM\xff\xff\xabO\xff\xff\xa8P\xff\xff\xa8P\
\xff\xff\xa8P\xff\xff\xa8P\xff\xff\xa8P\xff\xff\xa8P\
\xff\xff\xa8P\xff\xff\xa8P\xff\xff\xa3P\xff\xff\xa0P\
\xff\xff\xa0P\xff\xff\xa0P\xff\xff\xa0P\xff\xff\xa0P\
\xff\xff\xa0P\xff\xff\xa0P\xff\xff\xa0P\xff\xff\xa1P\
\xfb\xff\xa3O\xd6\xff\xa9M\x91\xff\xb5H#\x00\x00\x00\
\x00\x00\x00\x00\x00\x00\x00\x00\x00\xff\xb4IN\xff\xb1K\
\xf4\xff\xafM\xff\xff\xafM\xff\xff\xafM\xff\xff\xafM\
\xff\xff\xafM\xff\xff\xa9P\xff\xff\xa8P\xff\xff\xa8P\
\xff\xff\xa8P\xff\xff\xa8P\xff\xff\xa8P\xff\xff\xa8P\
\xff\xff\xa8P\xff\xff\xa7P\xff\xff\xa0P\xff\xff\xa0P\
\xff\xff\xa0P\xff\xff\xa0P\xff\xff\xa0P\xff\xff\xa0P\
\xff\xff\xa0P\xff\xff\xa0P\xff\xff\xa0P\xff\xff\xa0P\
\xff\xff\xa0P\xff\xff\xa0P\xff\xff\xa6N\xf6\xff\xb2I\
Q\x00\x00\x00\x00\xff\xb5H\x1f\xff\xb1K\xf4\xff\xafM\
\xff\xff\xafM\xff\xff\xafM\xff\xff\xafM\xff\xff\xafM\
\xff\xff\xadN\xff\xff\xa8P\xff\xff\xa8P\xff\xff\xa8P\
\xff\xff\xa8P\xff\xff\xa8P\xff\xff\xa8P\xff\xff\xa8P\
\xff\xff\xa8P\xff\xff\xa5P\xff\xff\xa0P\xff\xff\xa0P\
\xff\xff\xa0P\xff\xff\xa0P\xff\xff\xa0P\xff\xff\xa0P\
\xff\xff\xa0P\xff\xff\xa0P\xff\xff\xa0P\xff\xff\xa0P\
\xff\xff\xa0P\xff\xff\xa0P\xff\xff\xa0P\xff\xff\xa6N\
\xf6\xff\xb5H\x22\xff\xb2J\x8c\xff\xafM\xff\xff\xafM\
\xff\xff\xafM\xff\xff\xafM\xff\xff\xafM\xff\xff\xafM\
\xff\xff\xacN\xff\xff\xa8P\xff\xff\xa8P\xff\xff\xa8P\
\xff\xff\xa8P\xff\xff\xa8P\xff\xff\xa8P\xff\xff\xa8P\
\xff\xff\xa8P\xff\xff\xa3P\xff\xff\xa0P\xff\xff\xa0P\
\xff\xff\xa0P\xff\xff\xa0P\xff\xff\xa0P\xff\xff\xa0P\
\xff\xff\xa0P\xff\xff\xa0P\xff\xff\xa0P\xff\xff\xa0P\
\xff\xff\xa0P\xff\xff\xa0P\xff\xff\xa0P\xff\xff\xa0P\
\xff\xff\xa9M\x90\xff\xb0L\xd0\xff\xafM\xff\xff\xafM\
\xff\xff\xafM\xff\xff\xafM\xff\xff\xafM\xff\xff\xafM\
\xff\xff\xaaO\xff\xff\xa8P\xff\xff\xa8P\xff\xff\xa8P\
\xff\xff\xa8P\xff\xff\xa8P\xff\xff\xa8P\xff\xff\xa8P\
\xff\xff\xa8P\xff\xff\xa1P\xff\xff\xa0P\xff\xff\xa0P\
\xff\xff\xa0P\xff\xff\xa0P\xff\xff\xa0P\xff\xff\xa0P\
\xff\xff\xa0P\xff\xff\xa0P\xff\xff\xa0P\xff\xff\xa0P\
\xff\xff\xa0P\xff\xff\xa0P\xff\xff\xa0P\xff\xff\xa0P\
\xff\xff\xa3O\xd4\xff\xafM\xf5\xff\xafM\xff\xff\xafM\
\xff\xff\xafM\xff\xff\xafM\xff\xff\xafM\xff\xff\xafM\
\xff\xff\xb0]\xff\xff\xc6\x8b\xff\xff\xc8\x91\xff\xff\xc8\x91\
\xff\xff\xc8\x91\xff\xff\xc8\x91\xff\xff\xb2e\xff\xff\xa8P\
\xff\xff\xa7P\xff\xff\xa0P\xff\xff\xa0P\xff\xff\xaac\
\xff\xff\xc3\x91\xff\xff\xc4\x91\xff\xff\xc4\x91\xff\xff\xc4\x91\
\xff\xff\xc1\x8c\xff\xff\xa8_\xff\xff\xa0P\xff\xff\xa0P\
\xff\xff\xa0P\xff\xff\xa0P\xff\xff\xa0P\xff\xff\xa0P\
\xff\xff\xa1P\xfa\xff\xafM\xff\xff\xafM\xff\xff\xafM\
\xff\xff\xafM\xff\xff\xafM\xff\xff\xafM\xff\xff\xb8a\
\xff\xff\xef\xdc\xff\xff\xf6\xe9\xff\xff\xf6\xe9\xff\xff\xf6\xe9\
\xff\xff\xf6\xe9\xff\xff\xf6\xe9\xff\xff\xd2\xa3\xff\xff\xa8P\
\xff\xff\xa6P\xff\xff\xa0P\xff\xff\xa0P\xff\xff\xcc\xa0\
\xff\xff\xf6\xe9\xff\xff\xf6\xe9\xff\xff\xf6\xe9\xff\xff\xf6\xe9\
\xff\xff\xf6\xe9\xff\xff\xef\xde\xff\xff\xacf\xff\xff\xa0P\
\xff\xff\xa0P\xff\xff\xa0P\xff\xff\xa0P\xff\xff\xa0P\
\xff\xff\xa0P\xff\xff\xafM\xff\xff\xafM\xff\xff\xafM\
\xff\xff\xafM\xff\xff\xafM\xff\xff\xafM\xff\xff\xd4\x9f\
\xff\xff\xf6\xe9\xff\xff\xc3\x87\xff\xff\xb7p\xff\xff\xb7p\
\xff\xff\xb7p\xff\xff\xb7o\xff\xff\xaaT\xff\xff\xa8P\
\xff\xff\xa5P\xff\xff\xa0P\xff\xff\xa0P\xff\xff\xa2T\
\xff\xff\xb0o\xff\xff\xb1p\xff\xff\xb1p\xff\xff\xb1p\
\xff\xff\xbd\x85\xff\xff\xf6\xe9\xff\xff\xcf\xa4\xff\xff\xa0P\
\xff\xff\xa0P\xff\xff\xa0P\xff\xff\xa0P\xff\xff\xa0P\
\xff\xff\xa0P\xff\xff\xafM\xff\xff\xafM\xff\xff\xafM\
\xff\xff\xafM\xff\xff\xafM\xff\xff\xafM\xff\xff\xda\xab\
\xff\xff\xf6\xe9\xff\xff\xa8P\xff\xff\xa8P\xff\xff\xa8P\
\xff\xff\xa8P\xff\xff\xa8P\xff\xff\xa8P\xff\xff\xa8P\
\xff\xff\xa5P\xff\xff\xa0P\xff\xff\xa0P\xff\xff\xa0P\
\xff\xff\xa0P\xff\xff\xa0P\xff\xff\xa0P\xff\xff\xa0P\
\xff\xff\xa0P\xff\xff\xf6\xe9\xff\xff\xd5\xae\xff\xff\xa0P\
\xff\xff\xa0P\xff\xff\xa0P\xff\xff\xa0P\xff\xff\xa0P\
\xff\xff\xa0P\xff\xff\xafM\xff\xff\xafM\xff\xff\xafM\
\xff\xff\xafM\xff\xff\xafM\xff\xff\xafM\xff\xff\xda\xab\
\xff\xff\xf6\xe9\xff\xff\xa8P\xff\xff\xa8P\xff\xff\xa8P\
\xff\xff\xa8P\xff\xff\xa8P\xff\xff\xa8P\xff\xff\xa8P\
\xff\xff\xa4P\xff\xff\xa0P\xff\xff\xa0P\xff\xff\xa0P\
\xff\xff\xa0P\xff\xff\xa0P\xff\xff\xa0P\xff\xff\xa0P\
\xff\xff\xa0P\xff\xff\xf6\xe9\xff\xff\xd5\xae\xff\xff\xa0P\
\xff\xff\xa0P\xff\xff\xa0P\xff\xff\xa0P\xff\xff\xa0P\
\xff\xff\xa0P\xff\xff\xafM\xff\xff\xafM\xff\xff\xafM\
\xff\xff\xafM\xff\xff\xafM\xff\xff\xafM\xff\xff\xda\xab\
\xff\xff\xf6\xe9\xff\xff\xa8P\xff\xff\xa8P\xff\xff\xa8P\
\xff\xff\xa8P\xff\xff\xa8P\xff\xff\xa8P\xff\xff\xa8P\
\xff\xff\xa5P\xff\xff\xa0P\xff\xff\xa0P\xff\xff\xa0P\
\xff\xff\xa0P\xff\xff\xa0P\xff\xff\xa0P\xff\xff\xa0P\
\xff\xff\xa0P\xff\xff\xf6\xe9\xff\xff\xd5\xae\xff\xff\xa0P\
\xff\xff\xa0P\xff\xff\xa0P\xff\xff\xa0P\xff\xff\xa0P\
\xff\xff\xa0P\xff\xff\xafM\xff\xff\xafM\xff\xff\xafM\
\xff\xff\xafM\xff\xff\xafM\xff\xff\xafM\xff\xff\xda\xab\
\xff\xff\xf6\xe9\xff\xff\xa8P\xff\xff\xa8P\xff\xff\xa8P\
\xff\xff\xa8P\xff\xff\xa8P\xff\xff\xa8P\xff\xff\xa8P\
\xff\xff\xa5P\xff\xff\xa0P\xff\xff\xa0P\xff\xff\xa0P\
\xff\xff\xa0P\xff\xff\xa0P\xff\xff\xa0P\xff\xff\xa0P\
\xff\xff\xa0P\xff\xff\xf6\xe9\xff\xff\xd5\xae\xff\xff\xa0P\
\xff\xff\xa0P\xff\xff\xa0P\xff\xff\xa0P\xff\xff\xa0P\
\xff\xff\xa0P\xff\xff\xafM\xff\xff\xafM\xff\xff\xafM\
\xff\xff\xafM\xff\xff\xafM\xff\xff\xafM\xff\xff\xc6\x80\
\xff\xff\xda\xb3\xff\xff\xa8P\xff\xff\xa8P\xff\xff\xa8P\
\xff\xff\xa8P\xff\xff\xa8P\xff\xff\xa8P\xff\xff\xa8P\
\xff\xff\xa6P\xff\xff\xa0P\xff\xff\xa0P\xff\xff\xa0P\
\xff\xff\xa0P\xff\xff\xa0P\xff\xff\xa0P\xff\xff\xa0P\
\xff\xff\xa0P\xff\xff\xd6\xb2\xff\xff\xbd\x84\xff\xff\xa0P\
\xff\xff\xa0P\xff\xff\xa0P\xff\xff\xa0P\xff\xff\xa0P\
\xff\xff\xa0P\xff\xff\xafM\xff\xff\xafM\xff\xff\xafM\
\xff\xff\xafM\xff\xff\xafM\xff\xff\xafM\xff\xff\xafM\
\xff\xff\xaaO\xff\xff\xa8P\xff\xff\xa8P\xff\xff\xa8P\
\xff\xff\xa8P\xff\xff\xa8P\xff\xff\xa8P\xff\xff\xa8P\
\xff\xff\xa7P\xff\xff\xa0P\xff\xff\xa0P\xff\xff\xa0P\
\xff\xff\xa0P\xff\xff\xa0P\xff\xff\xa0P\xff\xff\xa0P\
\xff\xff\xa0P\xff\xff\xa0P\xff\xff\xa0P\xff\xff\xa0P\
\xff\xff\xa0P\xff\xff\xa0P\xff\xff\xa0P\xff\xff\xa0P\
\xff\xff\xa0P\xff\xff\xafM\xff\xff\xafM\xff\xff\xafM\
\xff\xff\xafM\xff\xff\xafM\xff\xff\xafM\xff\xff\xafM\
\xff\xff\xacN\xff\xff\xa8P\xff\xff\xa8P\xff\xff\xa8P\
\xff\xff\xa8P\xff\xff\xa8P\xff\xff\xa8P\xff\xff\xa8P\
\xff\xff\xa8P\xff\xff\xa1P\xff\xff\xa0P\xff\xff\xa0P\
\xff\xff\xa0P\xff\xff\xa0P\xff\xff\xa0P\xff\xff\xa0P\
\xff\xff\xa0P\xff\xff\xa0P\xff\xff\xa0P\xff\xff\xa0P\
\xff\xff\xa0P\xff\xff\xa0P\xff\xff\xa0P\xff\xff\xa0P\
\xff\xff\xa0P\xff\xff\xafM\xff\xff\xafM\xff\xff\xafM\
\xff\xff\xafM\xff\xff\xafM\xff\xff\xbeq\xff\xff\xef\xde\
\xff\xff\xf0\xe1\xff\xff\xef\xe2\xff\xff\xef\xe2\xff\xff\xef\xe2\
\xff\xff\xef\xe2\xff\xff\xef\xe2\xff\xff\xef\xe2\xff\xff\xef\xe2\
\xff\xff\xef\xe2\xff\xff\xee\xe2\xff\xff\xee\xe2\xff\xff\xee\xe2\
\xff\xff\xee\xe2\xff\xff\xee\xe2\xff\xff\xee\xe2\xff\xff\xee\xe2\
\xff\xff\xee\xe2\xff\xff\xee\xe2\xff\xff\xed\xdf\xff\xff\xb4v\
\xff\xff\xa0P\xff\xff\xa0P\xff\xff\xa0P\xff\xff\xa0P\
\xff\xff\xa0P\xff\xff\xafM\xff\xff\xafM\xff\xff\xafM\
\xff\xff\xafM\xff\xff\xafM\xff\xff\xbdn\xff\xff\xec\xd8\
\xff\xff\xee\xdc\xff\xff\xed\xdc\xff\xff\xed\xdc\xff\xff\xed\xdc\
\xff\xff\xed\xdc\xff\xff\xed\xdc\xff\xff\xed\xdc\xff\xff\xed\xdc\
\xff\xff\xed\xdc\xff\xff\xec\xdc\xff\xff\xeb\xdc\xff\xff\xeb\xdc\
\xff\xff\xeb\xdc\xff\xff\xeb\xdc\xff\xff\xeb\xdc\xff\xff\xeb\xdc\
\xff\xff\xeb\xdc\xff\xff\xeb\xdc\xff\xff\xe9\xd9\xff\xff\xb2s\
\xff\xff\xa0P\xff\xff\xa0P\xff\xff\xa0P\xff\xff\xa0P\
\xff\xff\xa0P\xff\xff\xb0L\xff\xff\xafM\xff\xff\xafM\
\xff\xff\xafM\xff\xff\xafM\xff\xff\xafM\xff\xff\xafM\
\xff\xff\xafM\xff\xff\xabO\xff\xff\xa8P\xff\xff\xa8P\
\xff\xff\xa8P\xff\xff\xa8P\xff\xff\xa8P\xff\xff\xa8P\
\xff\xff\xa8P\xff\xff\xa8P\xff\xff\xa0P\xff\xff\xa0P\
\xff\xff\xa0P\xff\xff\xa0P\xff\xff\xa0P\xff\xff\xa0P\
\xff\xff\xa0P\xff\xff\xa0P\xff\xff\xa0P\xff\xff\xa0P\
\xff\xff\xa0P\xff\xff\xa0P\xff\xff\xa0P\xff\xff\xa0P\
\xff\xff\xa0P\xff\xff\xb3J\xff\xff\xafM\xff\xff\xafM\
\xff\xff\xafM\xff\xff\xafM\xff\xff\xafM\xff\xff\xafM\
\xff\xff\xafM\xff\xff\xaeM\xff\xff\xa8P\xff\xff\xa8P\
\xff\xff\xa8P\xff\xff\xa8P\xff\xff\xa8P\xff\xff\xa8P\
\xff\xff\xa8P\xff\xff\xa8P\xff\xff\xa3P\xff\xff\xa0P\
\xff\xff\xa0P\xff\xff\xa0P\xff\xff\xa0P\xff\xff\xa0P\
\xff\xff\xa0P\xff\xff\xa0P\xff\xff\xa0P\xff\xff\xa0P\
\xff\xff\xa0P\xff\xff\xa0P\xff\xff\xa0P\xff\xff\xa0P\
\xff\xff\xa0P\xff\xff\xb5H\xff\xff\xb0L\xff\xff\xafM\
\xff\xff\xafM\xff\xff\xafM\xff\xff\xafM\xff\xff\xca\x8b\
\xff\xff\xe5\xc9\xff\xff\xafM\xff\xff\xabO\xff\xff\xa8P\
\xff\xff\xa8P\xff\xff\xa8P\xff\xff\xa8P\xff\xff\xa8P\
\xff\xff\xa8P\xff\xff\xa8P\xff\xff\xa6P\xff\xff\xa0P\
\xff\xff\xa0P\xff\xff\xa0P\xff\xff\xa0P\xff\xff\xa0P\
\xff\xff\xa0P\xff\xff\xe0\xc7\xff\xff\xc2\x90\xff\xff\xa0P\
\xff\xff\xa0P\xff\xff\xa0P\xff\xff\xa0P\xff\xff\xa0P\
\xff\xff\xa0P\xff\xff\xb5H\xff\xff\xb3J\xff\xff\xafM\
\xff\xff\xafM\xff\xff\xafM\xff\xff\xafM\xff\xff\xdf\xb9\
\xff\xff\xff\xff\xff\xff\xafM\xff\xff\xaeM\xff\xff\xa8P\
\xff\xff\xa8P\xff\xff\xa8P\xff\xff\xa8P\xff\xff\xa8P\
\xff\xff\xa8P\xff\xff\xa8P\xff\xff\xa8P\xff\xff\xa2P\
\xff\xff\xa0P\xff\xff\xa0P\xff\xff\xa0P\xff\xff\xa0P\
\xff\xff\xa0P\xff\xff\xff\xff\xff\xff\xda\xbc\xff\xff\xa0P\
\xff\xff\xa0P\xff\xff\xa0P\xff\xff\xa0P\xff\xff\xa0P\
\xff\xff\xa0P\xff\xff\xb5H\xff\xff\xb5H\xff\xff\xb0L\
\xff\xff\xafM\xff\xff\xafM\xff\xff\xafM\xff\xff\xdf\xb9\
\xff\xff\xff\xff\xff\xff\xafM\xff\xff\xafM\xff\xff\xacN\
\xff\xff\xa8P\xff\xff\xa8P\xff\xff\xa8P\xff\xff\xa8P\
\xff\xff\xa8P\xff\xff\xa8P\xff\xff\xa8P\xff\xff\xa7P\
\xff\xff\xa0P\xff\xff\xa0P\xff\xff\xa0P\xff\xff\xa0P\
\xff\xff\xa0P\xff\xff\xff\xff\xff\xff\xda\xbc\xff\xff\xa0P\
\xff\xff\xa0P\xff\xff\xa0P\xff\xff\xa0P\xff\xff\xa0P\
\xff\xff\xa0P\xff\xff\xb5H\xff\xff\xb5H\xff\xff\xb4I\
\xff\xff\xafM\xff\xff\xafM\xff\xff\xafM\xff\xff\xdf\xb9\
\xff\xff\xff\xff\xff\xff\xafM\xff\xff\xafM\xff\xff\xafM\
\xff\xff\xa9O\xff\xff\xa8P\xff\xff\xa8P\xff\xff\xa8P\
\xff\xff\xa8P\xff\xff\xa8P\xff\xff\xa8P\xff\xff\xa8P\
\xff\xff\xa4P\xff\xff\xa0P\xff\xff\xa0P\xff\xff\xa0P\
\xff\xff\xa0P\xff\xff\xff\xff\xff\xff\xda\xbc\xff\xff\xa0P\
\xff\xff\xa0P\xff\xff\xa0P\xff\xff\xa0P\xff\xff\xa0P\
\xff\xff\xa0P\xff\xff\xb5H\xff\xff\xb5H\xff\xff\xb5H\
\xff\xff\xb3J\xff\xff\xafM\xff\xff\xafM\xff\xff\xdf\xb9\
\xff\xff\xff\xff\xff\xff\xafM\xff\xff\xafM\xff\xff\xafM\
\xff\xff\xaeM\xff\xff\xa9P\xff\xff\xa8P\xff\xff\xa8P\
\xff\xff\xa8P\xff\xff\xa8P\xff\xff\xa8P\xff\xff\xa8P\
\xff\xff\xa8P\xff\xff\xa2P\xff\xff\xa0P\xff\xff\xa0P\
\xff\xff\xa0P\xff\xff\xff\xff\xff\xff\xda\xbc\xff\xff\xa0P\
\xff\xff\xa0P\xff\xff\xa0P\xff\xff\xa0P\xff\xff\xa0P\
\xff\xff\xa0P\xff\xff\xb5H\xff\xff\xb5H\xff\xff\xb5H\
\xff\xff\xb5H\xff\xff\xb2K\xff\xff\xafM\xff\xff\xd8\xaa\
\xff\xff\xff\xff\xff\xff\xce\x93\xff\xff\xc1v\xff\xff\xc1v\
\xff\xff\xc1v\xff\xff\xbfv\xff\xff\xacX\xff\xff\xa8P\
\xff\xff\xa8P\xff\xff\xa8P\xff\xff\xa8P\xff\xff\xabW\
\xff\xff\xbbx\xff\xff\xbax\xff\xff\xb5x\xff\xff\xb5x\
\xff\xff\xc3\x92\xff\xff\xff\xff\xff\xff\xd3\xaf\xff\xff\xa0P\
\xff\xff\xa0P\xff\xff\xa0P\xff\xff\xa0P\xff\xff\xa0P\
\xff\xff\xa0P\xff\xff\xb5H\xfd\xff\xb5H\xff\xff\xb5H\
\xff\xff\xb5H\xff\xff\xb5H\xff\xff\xb1K\xff\xff\xb8a\
\xff\xff\xf7\xed\xff\xff\xff\xff\xff\xff\xff\xff\xff\xff\xff\xff\
\xff\xff\xff\xff\xff\xff\xff\xff\xff\xff\xd8\xb0\xff\xff\xa8P\
\xff\xff\xa8P\xff\xff\xa8P\xff\xff\xa8P\xff\xff\xd5\xad\
\xff\xff\xff\xff\xff\xff\xff\xff\xff\xff\xff\xff\xff\xff\xff\xff\
\xff\xff\xff\xff\xff\xff\xf6\xef\xff\xff\xabf\xff\xff\xa0P\
\xff\xff\xa0P\xff\xff\xa0P\xff\xff\xa0P\xff\xff\xa0P\
\xff\xff\xa0P\xff\xff\xb5H\xf2\xff\xb5H\xff\xff\xb5H\
\xff\xff\xb5H\xff\xff\xb5H\xff\xff\xb5H\xff\xff\xb1K\
\xff\xff\xb4Y\xff\xff\xca\x8b\xff\xff\xcd\x90\xff\xff\xcd\x90\
\xff\xff\xcd\x90\xff\xff\xcd\x8f\xff\xff\xb8b\xff\xff\xadN\
\xff\xff\xa8P\xff\xff\xa8P\xff\xff\xa8P\xff\xff\xb1c\
\xff\xff\xc8\x91\xff\xff\xc9\x92\xff\xff\xc9\x92\xff\xff\xc8\x92\
\xff\xff\xc1\x8d\xff\xff\xa7]\xff\xff\xa0P\xff\xff\xa0P\
\xff\xff\xa0P\xff\xff\xa0P\xff\xff\xa0P\xff\xff\xa0P\
\xff\xff\xa1P\xfa\xff\xb5H\xce\xff\xb5H\xff\xff\xb5H\
\xff\xff\xb5H\xff\xff\xb5H\xff\xff\xb5H\xff\xff\xb5H\
\xff\xff\xb2J\xff\xff\xafM\xff\xff\xafM\xff\xff\xafM\
\xff\xff\xafM\xff\xff\xafM\xff\xff\xafM\xff\xff\xafM\
\xff\xff\xaeN\xff\xff\xa9P\xff\xff\xa8P\xff\xff\xa8P\
\xff\xff\xa8P\xff\xff\xa8P\xff\xff\xa8P\xff\xff\xa8P\
\xff\xff\xa7P\xff\xff\xa1P\xff\xff\xa0P\xff\xff\xa0P\
\xff\xff\xa0P\xff\xff\xa0P\xff\xff\xa0P\xff\xff\xa0P\
\xff\xff\xa3O\xd2\xff\xb5H\x89\xff\xb5H\xff\xff\xb5H\
\xff\xff\xb5H\xff\xff\xb5H\xff\xff\xb5H\xff\xff\xb5H\
\xff\xff\xb5H\xff\xff\xb4I\xff\xff\xb0L\xff\xff\xafM\
\xff\xff\xafM\xff\xff\xafM\xff\xff\xafM\xff\xff\xafM\
\xff\xff\xafM\xff\xff\xafM\xff\xff\xabO\xff\xff\xa8P\
\xff\xff\xa8P\xff\xff\xa8P\xff\xff\xa8P\xff\xff\xa8P\
\xff\xff\xa8P\xff\xff\xa7P\xff\xff\xa3P\xff\xff\xa0P\
\xff\xff\xa0P\xff\xff\xa0P\xff\xff\xa0P\xff\xff\xa0P\
\xff\xff\xa9M\x8c\xff\xb5H\x1c\xff\xb5H\xf2\xff\xb5H\
\xff\xff\xb5H\xff\xff\xb5H\xff\xff\xb5H\xff\xff\xb5H\
\xff\xff\xb5H\xff\xff\xb5H\xff\xff\xb5H\xff\xff\xb2J\
\xff\xff\xafM\xff\xff\xafM\xff\xff\xafM\xff\xff\xafM\
\xff\xff\xafM\xff\xff\xafM\xff\xff\xafM\xff\xff\xadN\
\xff\xff\xa9O\xff\xff\xa8P\xff\xff\xa8P\xff\xff\xa8P\
\xff\xff\xa8P\xff\xff\xa8P\xff\xff\xa8P\xff\xff\xa5P\
\xff\xff\xa1P\xff\xff\xa0P\xff\xff\xa0P\xff\xff\xa6N\
\xf3\xff\xb5H\x1e\x00\x00\x00\x00\xff\xb5HH\xff\xb5H\
\xf1\xff\xb5H\xff\xff\xb5H\xff\xff\xb5H\xff\xff\xb5H\
\xff\xff\xb5H\xff\xff\xb5H\xff\xff\xb5H\xff\xff\xb5H\
\xff\xff\xb5H\xff\xff\xb2K\xff\xff\xafM\xff\xff\xafM\
\xff\xff\xafM\xff\xff\xafM\xff\xff\xafM\xff\xff\xafM\
\xff\xff\xafM\xff\xff\xadN\xff\xff\xaaO\xff\xff\xa8P\
\xff\xff\xa8P\xff\xff\xa8P\xff\xff\xa8P\xff\xff\xa8P\
\xff\xff\xa8P\xff\xff\xa4P\xff\xff\xa7N\xf3\xff\xb3I\
K\x00\x00\x00\x00\x00\x00\x00\x00\x00\x00\x00\x00\xff\xb5H\
\x1c\xff\xb5H\x87\xff\xb5H\xcc\xff\xb5H\xf0\xff\xb5H\
\xfc\xff\xb5H\xff\xff\xb5H\xff\xff\xb5H\xff\xff\xb5H\
\xff\xff\xb5H\xff\xff\xb5H\xff\xff\xb5H\xff\xff\xb3J\
\xff\xff\xb1K\xff\xff\xafM\xff\xff\xafM\xff\xff\xafM\
\xff\xff\xafM\xff\xff\xafM\xff\xff\xafM\xff\xff\xaeM\
\xff\xff\xacN\xff\xff\xaaO\xff\xff\xa8P\xff\xff\xa9P\
\xf5\xff\xaaO\xce\xff\xaeL\x89\xff\xb5H\x1e\x00\x00\x00\
\x00\x00\x00\x00\x00\xc0\x00\x00\x03\x80\x00\x00\x01\x00\x00\x00\
\x00\x00\x00\x00\x00\x00\x00\x00\x00\x00\x00\x00\x00\x00\x00\x00\
\x00\x00\x00\x00\x00\x00\x00\x00\x00\x00\x00\x00\x00\x00\x00\x00\
\x00\x00\x00\x00\x00\x00\x00\x00\x00\x00\x00\x00\x00\x00\x00\x00\
\x00\x00\x00\x00\x00\x00\x00\x00\x00\x00\x00\x00\x00\x00\x00\x00\
\x00\x00\x00\x00\x00\x00\x00\x00\x00\x00\x00\x00\x00\x00\x00\x00\
\x00\x00\x00\x00\x00\x00\x00\x00\x00\x00\x00\x00\x00\x00\x00\x00\
\x00\x00\x00\x00\x00\x00\x00\x00\x00\x00\x00\x00\x00\x80\x00\x00\
\x01\xc0\x00\x00\x03(\x00\x00\x000\x00\x00\x00`\x00\x00\
\x00\x01\x00\x04\x00\x00\x00\x00\x00\x00\x00\x00\x00\x00\x00\x00\
\x00\x00\x00\x00\x00\x00\x00\x00\x00\x00\x00\x00\x00\x00\x00\x00\
\x00\xff\xff\x00\x00\x80\x80\x80\x00\xff\x00\x00\x00\xc0\xc0\xc0\
\x00\xff\xff\xff\x00\x80\x80\x00\x00\xff\x00\xff\x00\x00\x00\x00\
\x00\x00\x00\x00\x00\x00\x00\x00\x00\x00\x00\x00\x00\x00\x00\x00\
\x00\x00\x00\x00\x00\x00\x00\x00\x00\x00\x00\x00\x00\x00\x00\x00\
\x12\x12!\x22\x16\x12!A4!\x22\x13A!\x12\x12\
$\x12\x00\x00\x00\x00\x00!\x22b\x12\x12\x22\x22\x124\
\x12\x13A\x22\x12444\x13\x12! \x00\x00\x12\x12\
\x12\x12\x12!!!\x22\x12!$\x13A4\x12!!\
\x22\x22\x13A\x00\x00\x22\x12!\x22!!\x22\x13A!\
\x22\x13A\x22A!\x22\x13A!\x22\x12@\x01!\x22\
\x14\x12\x12#A$\x12\x22\x12$\x12!44\x12\x22\
!#A!0\x02\x12\x12\x13A!!\x22\x13A!\
!#\x12\x12!!4\x12\x13A\x224\x10!\x22!\
$\x13A$\x12!#A4\x12&$\x12\x22!#\
A\x22\x12!\x22\x12\x12\x12\x13A\x22\x13\x14\x12\x11\x22\
\x12!\x22\x13\x12\x12\x12!\x22\x12\x12\x12!!\x22\x12\
!!!DADD!\x22\x12!DDAD\x12\
!44\x12\x12\x12!\x22\x12!%UUUU\x12\
A2\x12U\x15UTR\x12!!44!\x12\x12\
\x12\x12UTDDT!4!\x22UUEUU\
\x22\x12\x22!!\x12\x22!!\x22U\x22\x12!\x22\x12\
\x12\x12\x12#CA1U\x124\x12\x14b\x22\x12\x12\
\x22\x14U\x11\x22\x12!\x22A2\x22\x12!\x22\x22T\
A\x22\x13CA\x11!\x22\x12\x12T\x22!\x22\x12!\
4A!!\x22\x12\x11UB\x12!\x22\x14\x22!!\
A$U\x12\x12!\x22\x12!4\x124\x1244E\
A4\x12!#\x12\x12!4\x14T!4\x13A!\
\x22\x124\x12!\x22\x12U\x22\x124\x13A!\x22\x12\
!4U\x12A$\x13B\x12!A!4\x12!E\
A\x22\x12!\x22\x12\x12\x12\x12\x14U!4\x13A!\
!444\x12\x12\x12U\x12\x12!\x22\x12!\x22\x12\
!\x22T\x12A!\x22\x12$\x12!!\x2244E\
\x224\x13A\x22\x12!\x22\x12!\x22!4\x12!4\
\x13A!\x22\x12\x12A\x22!!\x22\x13F!!!\
\x22\x12\x12\x12!4\x12!\x22\x13CA\x22!2\x12\
\x12\x12!\x22\x12\x12!\x22\x12\x12!\x22\x12!!\x22\
\x12!\x22\x13\x12\x12!\x22\x224\x13A\x22\x22\x12!\
!$\x12A$\x12A!A$\x12$\x22A$\x12\
\x12\x12\x22\x12\x12\x11!!$\x15UUUUUU\
UUUUUUUUT!!41\x22!\x22\
\x13EUUUUUUUUUUUUUU\
T\x13D\x12\x12\x12\x12!\x22\x12A$ABBB\
\x22AqD\x14\x12$$A\x22\x13B\x22!\x22\x12\
!\x22!\x22\x13A!A!\x22\x12\x13CB\x12!\
2!\x22\x13A\x12\x12\x12\x12\x12\x12!\x22!44\
\x12!!\x22\x12!4\x12!!!A\x12!\x22!\
\x22\x12\x12\x12!!!!4\x124!\x22\x12!4\
\x12#CCC\x12\x12\x12\x12\x12U!!\x22$\x12\
A!\x22\x13A\x22\x12U!\x22\x12\x12\x12!!\x22\
\x12$U\x12\x22\x12\x13!4\x12!\x22\x13A\x22U\
A!&\x22A\x12!!\x22\x14U\x12\x12\x14\x14\x12\
A4\x12!\x22\x13!UCA\x22\x121\x12\x12\x22\
\x12\x14U4\x13CCA4A!4\x12$\x12U\
A#A!\x22!!!!5U\x12\x12\x12\x12\x12\
!1AA4\x13\x12UA!!4\x12\x12!\x22\
\x12$U!\x22\x12!\x22\x12\x2244\x12\x22!U\
CB\x22A4!!!\x22\x14U\x12A$\x12!\
!!!!\x22\x12\x12UA!!4!\x12\x12\x12\
!$U!1\x13\x12\x12\x22\x12!!1!4U\
A2$\x11\x22!\x22\x12\x12\x12UUUUT\x14\
\x11\x22\x12EUEUU4\x12\x13CA\x12\x12\x12\
\x12!EUUUUCCA$UUUUT\
A\x22!\x22\x13!!\x22\x12\x12\x12DDDD!\
!\x22\x12DDTD!2\x12\x12!A\x12!!\
\x22\x12!\x22\x12!!!\x22\x124\x12A4\x12\x12\
A#A44\x12\x12!!!!!!!\x22\x12\
!!\x12!4\x12\x12!2!\x22\x12!\x02\x12\x12\
\x12\x12!\x22!!!\x22\x12\x22\x22\x12!\x224\x12\
A\x12!\x22\x10\x01!!\x22\x12\x12\x12\x12\x22!!\
!!!!\x22\x12\x12!44\x13! \x00\x12!\
!\x22\x12!\x22\x12\x12!\x22\x12\x12\x22\x12!\x22\x12\
!!\x22\x12\x00\x00\x12\x12!!!!!!\x22\x12\
!\x22!!\x22\x12!\x22\x12\x22!!\x00\x00\x00\x12\
\x12\x12\x12\x12\x12\x12\x12\x12\x12\x12\x12!!\x22\x12!\
\x22\x12\x12\x00\x00\x00\x00\x00\x12\x12\x12\x12\x12\x12\x12\x12\
\x12\x12\x12\x12\x12\x12\x12\x12\x12\x12\x00\x00\x00\xfc\x00\x00\
\x00\x00?\x00\x00\xf0\x00\x00\x00\x00\x07\x00\x00\xc0\x00\x00\
\x00\x00\x03\x00\x00\xc0\x00\x00\x00\x00\x01\x00\x00\x80\x00\x00\
\x00\x00\x01\x00\x00\x80\x00\x00\x00\x00\x01\x00\x00\x00\x00\x00\
\x00\x00\x00\x00\x00\x00\x00\x00\x00\x00\x00\x00\x00\x00\x00\x00\
\x00\x00\x00\x00\x00\x00\x00\x00\x00\x00\x00\x00\x00\x00\x00\x00\
\x00\x00\x00\x00\x00\x00\x00\x00\x00\x00\x00\x00\x00\x00\x00\x00\
\x00\x00\x00\x00\x00\x00\x00\x00\x00\x00\x00\x00\x00\x00\x00\x00\
\x00\x00\x00\x00\x00\x00\x00\x00\x00\x00\x00\x00\x00\x00\x00\x00\
\x00\x00\x00\x00\x00\x00\x00\x00\x00\x00\x00\x00\x00\x00\x00\x00\
\x00\x00\x00\x00\x00\x00\x00\x00\x00\x00\x00\x00\x00\x00\x00\x00\
\x00\x00\x00\x00\x00\x00\x00\x00\x00\x00\x00\x00\x00\x00\x00\x00\
\x00\x00\x00\x00\x00\x00\x00\x00\x00\x00\x00\x00\x00\x00\x00\x00\
\x00\x00\x00\x00\x00\x00\x00\x00\x00\x00\x00\x00\x00\x00\x00\x00\
\x00\x00\x00\x00\x00\x00\x00\x00\x00\x00\x00\x00\x00\x00\x00\x00\
\x00\x00\x00\x00\x00\x00\x00\x00\x00\x00\x00\x00\x00\x00\x00\x00\
\x00\x00\x00\x00\x00\x00\x00\x00\x00\x00\x00\x00\x00\x00\x00\x00\
\x00\x00\x00\x00\x00\x00\x00\x00\x00\x00\x00\x00\x00\x00\x00\x00\
\x00\x00\x00\x00\x00\x00\x00\x00\x00\x00\x00\x00\x00\x00\x00\x00\
\x00\x00\x00\x00\x00\x00\x00\x00\x00\x00\x00\x00\x00\x00\x00\x00\
\x00\x00\x00\x00\x00\x00\x00\x00\x00\x00\x00\x00\x00\x00\x00\x00\
\x00\x00\x00\x00\x00\x00\x00\x00\x00\x00\x00\x00\x00\x80\x00\x00\
\x00\x00\x01\x00\x00\x80\x00\x00\x00\x00\x01\x00\x00\xc0\x00\x00\
\x00\x00\x03\x00\x00\xc0\x00\x00\x00\x00\x03\x00\x00\xf0\x00\x00\
\x00\x00\x0f\x00\x00\xfc\x00\x00\x00\x00?\x00\x00(\x00\x00\
\x000\x00\x00\x00`\x00\x00\x00\x01\x00\x08\x00\x00\x00\x00\
\x00\x00\x00\x00\x00\x00\x00\x00\x00\x00\x00\x00\x00\x00\x00\x00\
\x00\x00\x00\x00\x00\x00\x00\x00\x00\xff\xb5H\x00\xff\xb4I\
\x00\xff\xb2K\x00\xff\xb0L\x00\xff\xafM\x00\xff\xadN\
\x00\xff\xabO\x00\xff\xa9O\x00\xff\xa8P\x00\xff\xa9P\
\x00\xff\xacN\x00\xff\xb2J\x00\xff\xaeN\x00\xff\xadM\
\x00\xff\xb1K\x00\xff\xaaO\x00\xff\xa7P\x00\xff\xa3P\
\x00\xff\xa0P\x00\xff\xa5N\x00\xff\xb3I\x00\xff\xa4P\
\x00\xff\xaeM\x00\xff\xa6P\x00\xff\xa1P\x00\xff\xa9M\
\x00\xff\xb3J\x00\xff\xa2P\x00\xff\xa6N\x00\xff\xa2O\
\x00\xff\xbah\x00\xff\xd6\xa6\x00\xff\xdc\xb1\x00\xff\xb2T\
\x00\xff\xaaV\x00\xff\xd2\xa6\x00\xff\xd9\xb2\x00\xff\xd7\xb2\
\x00\xff\xcf\xa8\x00\xff\xafm\x00\xff\xca\x8b\x00\xff\xfd\xfa\
\x00\xff\xff\xff\x00\xff\xca\x91\x00\xff\xc5\x8d\x00\xff\xfd\xfc\
\x00\xff\xc3\x93\x00\xff\xb5]\x00\xff\xfa\xf5\x00\xff\xfc\xfa\
\x00\xff\xf2\xe4\x00\xff\xf2\xe3\x00\xff\xea\xd5\x00\xff\xb2f\
\x00\xff\xb0c\x00\xff\xe8\xd4\x00\xff\xf1\xe4\x00\xff\xf0\xe4\
\x00\xff\xef\xe4\x00\xff\xfb\xf9\x00\xff\xfb\xf8\x00\xff\xaac\
\x00\xff\xc9\x8a\x00\xff\xc1x\x00\xff\xb3v\x00\xff\xc2\x91\
\x00\xff\xcf\x95\x00\xff\xc8\x9a\x00\xff\xc2z\x00\xff\xfe\xfd\
\x00\xff\xf3\xe8\x00\xff\xb9\x81\x00\xff\xbbj\x00\xff\xb5[\
\x00\xff\xa6]\x00\xff\xafn\x00\xff\xbai\x00\xff\xbdq\
\x00\xff\xbbr\x00\xff\xb8s\x00\xff\xb3s\x00\xff\xb1s\
\x00\xff\xael\x00\xff\xa0Q\x00\xff\xcf\x97\x00\xff\xff\xfe\
\x00\xff\xc9\x9e\x00\xff\xd1\x9c\x00\xff\xcc\xa3\x00\xff\xafO\
\x00\xff\xber\x00\xff\xc1y\x00\xff\xbfz\x00\xff\xbc{\
\x00\xff\xb8{\x00\xff\xb6{\x00\xff\xb3u\x00\xff\xa1R\
\x00\xff\xb5^\x00\xff\xacW\x00\xff\xa4W\x00\xff\xa9a\
\x00\xff\xbeq\x00\xff\xf4\xe6\x00\xff\xe8\xcf\x00\xff\xa5P\
\x00\xff\xe5\xcd\x00\xff\xb5w\x00\xff\xcb\x8d\x00\xff\xf6\xe9\
\x00\xff\xc4\x91\x00\xff\xc7\x84\x00\xff\xb6o\x00\xff\xaek\
\x00\xff\xc0\x8a\x00\xff\xb6]\x00\xff\xf3\xe3\x00\xff\xf1\xe1\
\x00\xff\xe6\xcc\x00\xff\xde\xbc\x00\xff\xaf`\x00\xff\xa7]\
\x00\xff\xdb\xba\x00\xff\xe4\xcc\x00\xff\xf1\xe0\x00\xff\xf3\xe4\
\x00\xff\xc9\x8c\x00\xff\xf5\xe7\x00\xff\xc5\x8a\x00\xff\xbd\x85\
\x00\xff\xc3\x91\x00\xff\xb7o\x00\xff\xd3\xa5\x00\xff\xd8\xb1\
\x00\xff\xd3\xa6\x00\xff\xacY\x00\xff\xce\xa4\x00\xff\xd5\xb1\
\x00\xff\xcf\xa6\x00\xff\xb2q\x00\xff\xa8M\x00\xff\xa4O\
\x00\xff\xb2I\x00\x00\x00\x00\x00\x00\x00\x00\x00\x00\x00\x00\
\x00\x00\x00\x00\x00\x00\x00\x00\x00\x00\x00\x00\x00\x00\x00\x00\
\x00\x00\x00\x00\x00\x00\x00\x00\x00\x00\x00\x00\x00\x00\x00\x00\
\x00\x00\x00\x00\x00\x00\x00\x00\x00\x00\x00\x00\x00\x00\x00\x00\
\x00\x00\x00\x00\x00\x00\x00\x00\x00\x00\x00\x00\x00\x00\x00\x00\
\x00\x00\x00\x00\x00\x00\x00\x00\x00\x00\x00\x00\x00\x00\x00\x00\
\x00\x00\x00\x00\x00\x00\x00\x00\x00\x00\x00\x00\x00\x00\x00\x00\
\x00\x00\x00\x00\x00\x00\x00\x00\x00\x00\x00\x00\x00\x00\x00\x00\
\x00\x00\x00\x00\x00\x00\x00\x00\x00\x00\x00\x00\x00\x00\x00\x00\
\x00\x00\x00\x00\x00\x00\x00\x00\x00\x00\x00\x00\x00\x00\x00\x00\
\x00\x00\x00\x00\x00\x00\x00\x00\x00\x00\x00\x00\x00\x00\x00\x00\
\x00\x00\x00\x00\x00\x00\x00\x00\x00\x00\x00\x00\x00\x00\x00\x00\
\x00\x00\x00\x00\x00\x00\x00\x00\x00\x00\x00\x00\x00\x00\x00\x00\
\x00\x00\x00\x00\x00\x00\x00\x00\x00\x00\x00\x00\x00\x00\x00\x00\
\x00\x00\x00\x00\x00\x00\x00\x00\x00\x00\x00\x00\x00\x00\x00\x00\
\x00\x00\x00\x00\x00\x00\x00\x00\x00\x00\x00\x00\x00\x00\x00\x00\
\x00\x00\x00\x00\x00\x00\x00\x00\x00\x00\x00\x00\x00\x00\x00\x00\
\x00\x00\x00\x00\x00\x00\x00\x00\x00\x00\x00\x00\x00\x00\x00\x00\
\x00\x00\x00\x00\x00\x00\x00\x00\x00\x00\x00\x00\x00\x00\x00\x00\
\x00\x00\x00\x00\x00\x00\x00\x00\x00\x00\x00\x00\x00\x00\x00\x00\
\x00\x00\x00\x00\x00\x00\x00\x00\x00\x00\x00\x00\x00\x00\x00\x00\
\x00\x00\x00\x00\x00\x00\x00\x00\x00\x00\x00\x00\x00\x00\x00\x00\
\x00\x00\x00\x00\x00\x00\x00\x00\x00\x00\x00\x00\x00\x00\x00\x00\
\x00\x00\x00\x00\x00\x00\x00\x00\x00\x00\x00\x00\x00\x00\x00\x00\
\x00\x00\x00\x00\x00\x00\x00\x00\x00\x00\x00\x00\x00\x00\x00\x00\
\x00\x00\x00\x00\x00\x00\x00\x00\x00\x00\x00\x00\x00\x00\x00\x00\
\x00\x00\x00\x00\x00\x00\x00\x00\x00\x00\x00\x00\x00\x00\x00\x00\
\x00\x00\x00\x00\x00\x00\x00\x00\x00\x00\x00\x00\x00\x00\x00\x00\
\x00\x00\x00\x00\x00\x00\x00\x00\x00\x00\x00\x0f\x04\x05\x05\x05\
\x05\x06\x09\x09\x09\x09\x09\x09\x09\x09\x09\x09\x09\x09\x09\x19\
\x13\x13\x13\x13\x13\x13\x13\x13\x13\x13\x13\x13\x13\x1e\x14\x00\
\x00\x00\x00\x00\x00\x00\x00\x00\x00\x03\x05\x05\x05\x05\x05\x05\
\x05\x07\x09\x09\x09\x09\x09\x09\x09\x09\x09\x09\x09\x09j\x13\
\x13\x13\x13\x13\x13\x13\x13\x13\x13\x13\x13\x13\x13\x13\x13\x13\
\x8d\x15\x00\x00\x00\x00\x00\x02\x04\x05\x05\x05\x05\x05\x05\x05\
\x05\x09\x09\x09\x09\x09\x09\x09\x09\x09\x09\x09\x09\x09\x1c\x13\
\x13\x13\x13\x13\x13\x13\x13\x13\x13\x13\x13\x13\x13\x13\x13\x13\
\x13\x8e\x8f\x00\x00\x00\x00\x04\x05\x05\x05\x05\x05\x05\x05\x05\
\x06\x09\x09\x09\x09\x09\x09\x09\x09\x09\x09\x09\x09\x11\x13\x13\
\x13\x13\x13\x13\x13\x13\x13\x13\x13\x13\x13\x13\x13\x13\x13\x13\
\x13\x13\x8e\x15\x00\x00\x0f\x05\x05\x05\x05\x05\x05\x05\x05\x05\
\x07\x09\x09\x09\x09\x09\x09\x09\x09\x09\x09\x09\x09j\x13\x13\
\x13\x13\x13\x13\x13\x13\x13\x13\x13\x13\x13\x13\x13\x13\x13\x13\
\x13\x13\x13\x8d\x00\x00\x05\x05\x05\x05\x05\x05\x05\x05\x05\x05\
\x08\x09\x09\x09\x09\x09\x09\x09\x09\x09\x09\x09\x09\x12\x13\x13\
\x13\x13\x13\x13\x13\x13\x13\x13\x13\x13\x13\x13\x13\x13\x13\x13\
\x13\x13\x13\x13\x00\x0f\x05\x05\x05\x05\x05\x05\x05\x05\x05\x05\
\x09\x09\x09\x09\x09\x09\x09\x09\x09\x09\x09\x09\x09\x19\x13\x13\
\x13\x13\x13\x13\x13\x13\x13\x13\x13\x13\x13\x13\x13\x13\x13\x13\
\x13\x13\x13\x13\x14\x04\x05\x05\x05\x05\x05\x05\x05\x05\x05\x0d\
\x09\x09\x09\x09\x09\x09\x09\x09\x09\x09\x09\x09\x09\x13\x13\x13\
\x13\x13\x13\x13\x13\x13\x13\x13\x13\x13\x13\x13\x13\x13\x13\x13\
\x13\x13\x13\x13\x1e\x05\x05\x05\x05\x05\x05\x05\x05\x05\x05\x06\
\x84\x85\x86\x86\x86\x86\x86\x86\x87\x88\x09\x09\x18\x13\x13\x13\
e\x89\x8a\x8a\x8a\x8a\x8a\x8a\x8b\x8c\x13\x13\x13\x13\x13\x13\
\x13\x13\x13\x13\x19\x05\x05\x05\x05\x05\x05\x05\x05\x05\x05\x7f\
\x80nnnnnnnn\x81\x09\x09j\x13\x13\x13\
\x82nnnnnnnn\x80\x83\x13\x13\x13\x13\x13\
\x13\x13\x13\x13\x13\x05\x05\x05\x05\x05\x05\x05\x05\x05tu\
nvwwwwwwxy\x09\x09\x16\x13\x13\x13\
z{||||||}n~>\x13\x13\x13\x13\
\x13\x13\x13\x13\x13\x05\x05\x05\x05\x05\x05\x05\x05\x05pn\
nq\x09\x09\x09\x09\x09\x09\x09\x09\x09\x09\x12\x13\x13\x13\
\x13\x13\x13\x13\x13\x13\x13\x13rnns\x13\x13\x13\x13\
\x13\x13\x13\x13\x13\x05\x05\x05\x05\x05\x05\x05\x05\x05mn\
n\x09\x09\x09\x09\x09\x09\x09\x09\x09\x09\x09\x12\x13\x13\x13\
\x13\x13\x13\x13\x13\x13\x13\x13\x13nno\x13\x13\x13\x13\
\x13\x13\x13\x13\x13\x05\x05\x05\x05\x05\x05\x05\x05\x05mn\
n\x09\x09\x09\x09\x09\x09\x09\x09\x09\x09\x09\x12\x13\x13\x13\
\x13\x13\x13\x13\x13\x13\x13\x13\x13nno\x13\x13\x13\x13\
\x13\x13\x13\x13\x13\x05\x05\x05\x05\x05\x05\x05\x05\x05mn\
n\x09\x09\x09\x09\x09\x09\x09\x09\x09\x09\x09\x12\x13\x13\x13\
\x13\x13\x13\x13\x13\x13\x13\x13\x13nno\x13\x13\x13\x13\
\x13\x13\x13\x13\x13\x05\x05\x05\x05\x05\x05\x05\x05\x05mn\
n\x09\x09\x09\x09\x09\x09\x09\x09\x09\x09\x09\x12\x13\x13\x13\
\x13\x13\x13\x13\x13\x13\x13\x13\x13nno\x13\x13\x13\x13\
\x13\x13\x13\x13\x13\x05\x05\x05\x05\x05\x05\x05\x05\x05mn\
n\x09\x09\x09\x09\x09\x09\x09\x09\x09\x09\x09\x12\x13\x13\x13\
\x13\x13\x13\x13\x13\x13\x13\x13\x13nno\x13\x13\x13\x13\
\x13\x13\x13\x13\x13\x05\x05\x05\x05\x05\x05\x05\x05\x05mn\
n\x09\x09\x09\x09\x09\x09\x09\x09\x09\x09\x09\x16\x13\x13\x13\
\x13\x13\x13\x13\x13\x13\x13\x13\x13nno\x13\x13\x13\x13\
\x13\x13\x13\x13\x13\x05\x05\x05\x05\x05\x05\x05\x05\x05gh\
i\x09\x09\x09\x09\x09\x09\x09\x09\x09\x09\x09j\x13\x13\x13\
\x13\x13\x13\x13\x13\x13\x13\x13\x13khl\x13\x13\x13\x13\
\x13\x13\x13\x13\x13\x05\x05\x05\x05\x05\x05\x05\x05\x05\x05c\
d\x09\x09\x09\x09\x09\x09\x09\x09\x09\x09\x09\x18\x13\x13\x13\
\x13\x13\x13\x13\x13\x13\x13\x13\x13ef\x13\x13\x13\x13\x13\
\x13\x13\x13\x13\x13\x05\x05\x05\x05\x05\x05\x05\x05\x05\x05\x05\
\x09\x09\x09\x09\x09\x09\x09\x09\x09\x09\x09\x09\x11\x13\x13\x13\
\x13\x13\x13\x13\x13\x13\x13\x13\x13\x13\x13\x13\x13\x13\x13\x13\
\x13\x13\x13\x13\x13\x05\x05\x05\x05\x05\x05\x05\x05\x05\x05\x05\
\x10\x09\x09\x09\x09\x09\x09\x09\x09\x09\x09\x09\x09\x19\x13\x13\
\x13\x13\x13\x13\x13\x13\x13\x13\x13\x13\x13\x13\x13\x13\x13\x13\
\x13\x13\x13\x13\x13\x05\x05\x05\x05\x05\x05\x05\x05Z[\x5c\
]^^^^^^^^^^^^_``\
```````````ab\x13\x13\x13\
\x13\x13\x13\x13\x13\x05\x05\x05\x05\x05\x05\x05\x05X++\
++++++++++++++++\
++++++++++++Y\x13\x13\x13\
\x13\x13\x13\x13\x13\x05\x05\x05\x05\x05\x05\x05\x05UV+\
++++++++++++++++\
+++++++++++VW\x13\x13\x13\
\x13\x13\x13\x13\x13\x04\x05\x05\x05\x05\x05\x05\x05\x05MN\
NOPPPPPPPPPPPPQR\
RRRRRRRRRRRST\x13\x13\x13\
\x13\x13\x13\x13\x13\x03\x05\x05\x05\x05\x05\x05\x05\x05\x05\x05\
\x05\x0d\x09\x09\x09\x09\x09\x09\x09\x09\x09\x09\x09\x09\x16\x13\
\x13\x13\x13\x13\x13\x13\x13\x13\x13\x13\x13\x13\x13\x13\x13\x13\
\x13\x13\x13\x13\x13\x02\x05\x05\x05\x05\x05\x05\x05\x05\x05\x05\
\x05\x05\x10\x09\x09\x09\x09\x09\x09\x09\x09\x09\x09\x09\x11\x13\
\x13\x13\x13\x13\x13\x13\x13\x13\x13\x13\x13\x13\x13\x13\x13\x13\
\x13\x13\x13\x13\x13\x01\x0f\x05\x05\x05\x05\x05\x05\x05\x05I\
J\x05\x06\x09\x09\x09\x09\x09\x09\x09\x09\x09\x09\x09\x09\x12\
\x13\x13\x13\x13\x13\x13\x13\x13\x13KL\x13\x13\x13\x13\x13\
\x13\x13\x13\x13\x13\x01\x02\x05\x05\x05\x05\x05\x05\x05EF\
G\x05\x05\x10\x09\x09\x09\x09\x09\x09\x09\x09\x09\x09\x09\x11\
\x13\x13\x13\x13\x13\x13\x13\x13\x13;FH\x13\x13\x13\x13\
\x13\x13\x13\x13\x13\x01\x01\x0f\x05\x05\x05\x05\x05\x05C+\
+\x05\x05\x06\x09\x09\x09\x09\x09\x09\x09\x09\x09\x09\x09\x09\
\x12\x13\x13\x13\x13\x13\x13\x13\x13++D\x13\x13\x13\x13\
\x13\x13\x13\x13\x13\x01\x01\x02\x05\x05\x05\x05\x05\x05C+\
+\x05\x05\x05\x10\x09\x09\x09\x09\x09\x09\x09\x09\x09\x09\x09\
\x11\x13\x13\x13\x13\x13\x13\x13\x13++D\x13\x13\x13\x13\
\x13\x13\x13\x13\x13\x01\x01\x01\x0c\x05\x05\x05\x05\x05C+\
+\x05\x05\x05\x17\x09\x09\x09\x09\x09\x09\x09\x09\x09\x09\x09\
\x09\x16\x13\x13\x13\x13\x13\x13\x13++D\x13\x13\x13\x13\
\x13\x13\x13\x13\x13\x01\x01\x01\x01\x04\x05\x05\x05\x05C+\
+\x05\x05\x05\x05\x0b\x09\x09\x09\x09\x09\x09\x09\x09\x09\x09\
\x09\x09\x19\x13\x13\x13\x13\x13\x13++D\x13\x13\x13\x13\
\x13\x13\x13\x13\x13\x01\x01\x01\x01\x02\x05\x05\x05\x05C+\
+\x05\x05\x05\x05\x05\x10\x09\x09\x09\x09\x09\x09\x09\x09\x09\
\x09\x09\x18\x13\x13\x13\x13\x13\x13++D\x13\x13\x13\x13\
\x13\x13\x13\x13\x13\x01\x01\x01\x01\x01\x1b\x05\x05\x05C+\
+\x05\x05\x05\x05\x05\x05\x0a\x09\x09\x09\x09\x09\x09\x09\x09\
\x09\x09\x09\x16\x13\x13\x13\x13\x13++D\x13\x13\x13\x13\
\x13\x13\x13\x13\x13\x01\x01\x01\x01\x01\x01\x03\x05\x05?+\
+@\x05\x05\x05\x05\x05\x0d\x0a\x09\x09\x09\x09\x09\x09\x09\
\x09\x09\x09\x09\x1c\x13\x13\x13A++B\x13\x13\x13\x13\
\x13\x13\x13\x13\x13\x01\x01\x01\x01\x01\x01\x01\x0f\x0501\
+234444456\x09\x09\x09\x09\x09\x09\
7899:;;:<+=>\x13\x13\x13\x13\
\x13\x13\x13\x13\x13\x01\x01\x01\x01\x01\x01\x01\x01\x0f\x05)\
*++++++++,\x09\x09\x09\x09\x09\x09\
-++++++++./\x13\x13\x13\x13\x13\
\x13\x13\x13\x13\x13\x01\x01\x01\x01\x01\x01\x01\x01\x01\x0f\x05\
\x1f !!!!!! \x22\x06\x0a\x09\x09\x09\x09\
#$%%%%%&'(\x13\x13\x13\x13\x13\x13\
\x13\x13\x13\x13\x19\x01\x01\x01\x01\x01\x01\x01\x01\x01\x01\x03\
\x05\x05\x05\x05\x05\x05\x05\x05\x05\x05\x05\x17\x0a\x09\x09\x09\
\x09\x09\x09\x09\x09\x09\x09\x11\x19\x13\x13\x13\x13\x13\x13\x13\
\x13\x13\x13\x13\x1e\x01\x01\x01\x01\x01\x01\x01\x01\x01\x01\x01\
\x1b\x05\x05\x05\x05\x05\x05\x05\x05\x05\x05\x05\x05\x10\x09\x09\
\x09\x09\x09\x09\x09\x09\x09\x09\x09\x1c\x13\x13\x13\x13\x13\x13\
\x13\x13\x13\x13\x1d\x00\x01\x01\x01\x01\x01\x01\x01\x01\x01\x01\
\x01\x02\x04\x05\x05\x05\x05\x05\x05\x05\x05\x05\x05\x05\x0b\x09\
\x09\x09\x09\x09\x09\x09\x09\x09\x09\x09\x16\x13\x13\x13\x13\x13\
\x13\x13\x13\x19\x00\x00\x01\x01\x01\x01\x01\x01\x01\x01\x01\x01\
\x01\x01\x01\x0c\x05\x05\x05\x05\x05\x05\x05\x05\x05\x05\x05\x17\
\x10\x09\x09\x09\x09\x09\x09\x09\x09\x09\x09\x18\x19\x13\x13\x13\
\x13\x13\x13\x1a\x00\x00\x00\x01\x01\x01\x01\x01\x01\x01\x01\x01\
\x01\x01\x01\x01\x02\x0f\x05\x05\x05\x05\x05\x05\x05\x05\x05\x05\
\x05\x06\x08\x09\x09\x09\x09\x09\x09\x09\x09\x09\x09\x16\x13\x13\
\x13\x13\x14\x00\x00\x00\x00\x01\x01\x01\x01\x01\x01\x01\x01\x01\
\x01\x01\x01\x01\x01\x01\x02\x0f\x05\x05\x05\x05\x05\x05\x05\x05\
\x05\x05\x05\x06\x10\x09\x09\x09\x09\x09\x09\x09\x09\x09\x11\x12\
\x13\x14\x15\x00\x00\x00\x00\x00\x00\x01\x01\x01\x01\x01\x01\x01\
\x01\x01\x01\x01\x01\x01\x01\x01\x02\x0c\x04\x05\x05\x05\x05\x05\
\x05\x05\x05\x05\x05\x0d\x07\x0a\x09\x09\x09\x09\x09\x09\x09\x0a\
\x0e\x00\x00\x00\x00\x00\x00\x00\x00\x00\x00\x01\x01\x01\x01\x01\
\x01\x01\x01\x01\x01\x01\x01\x01\x01\x01\x01\x02\x03\x04\x05\x05\
\x05\x05\x05\x05\x05\x05\x05\x05\x06\x07\x08\x09\x0a\x08\x0b\x00\
\x00\x00\x00\x00\x00\xfc\x00\x00\x00\x00?\x00\x00\xf0\x00\x00\
\x00\x00\x07\x00\x00\xc0\x00\x00\x00\x00\x03\x00\x00\xc0\x00\x00\
\x00\x00\x01\x00\x00\x80\x00\x00\x00\x00\x01\x00\x00\x80\x00\x00\
\x00\x00\x01\x00\x00\x00\x00\x00\x00\x00\x00\x00\x00\x00\x00\x00\
\x00\x00\x00\x00\x00\x00\x00\x00\x00\x00\x00\x00\x00\x00\x00\x00\
\x00\x00\x00\x00\x00\x00\x00\x00\x00\x00\x00\x00\x00\x00\x00\x00\
\x00\x00\x00\x00\x00\x00\x00\x00\x00\x00\x00\x00\x00\x00\x00\x00\
\x00\x00\x00\x00\x00\x00\x00\x00\x00\x00\x00\x00\x00\x00\x00\x00\
\x00\x00\x00\x00\x00\x00\x00\x00\x00\x00\x00\x00\x00\x00\x00\x00\
\x00\x00\x00\x00\x00\x00\x00\x00\x00\x00\x00\x00\x00\x00\x00\x00\
\x00\x00\x00\x00\x00\x00\x00\x00\x00\x00\x00\x00\x00\x00\x00\x00\
\x00\x00\x00\x00\x00\x00\x00\x00\x00\x00\x00\x00\x00\x00\x00\x00\
\x00\x00\x00\x00\x00\x00\x00\x00\x00\x00\x00\x00\x00\x00\x00\x00\
\x00\x00\x00\x00\x00\x00\x00\x00\x00\x00\x00\x00\x00\x00\x00\x00\
\x00\x00\x00\x00\x00\x00\x00\x00\x00\x00\x00\x00\x00\x00\x00\x00\
\x00\x00\x00\x00\x00\x00\x00\x00\x00\x00\x00\x00\x00\x00\x00\x00\
\x00\x00\x00\x00\x00\x00\x00\x00\x00\x00\x00\x00\x00\x00\x00\x00\
\x00\x00\x00\x00\x00\x00\x00\x00\x00\x00\x00\x00\x00\x00\x00\x00\
\x00\x00\x00\x00\x00\x00\x00\x00\x00\x00\x00\x00\x00\x00\x00\x00\
\x00\x00\x00\x00\x00\x00\x00\x00\x00\x00\x00\x00\x00\x00\x00\x00\
\x00\x00\x00\x00\x00\x00\x00\x00\x00\x00\x00\x00\x00\x00\x00\x00\
\x00\x00\x00\x00\x00\x80\x00\x00\x00\x00\x01\x00\x00\x80\x00\x00\
\x00\x00\x01\x00\x00\xc0\x00\x00\x00\x00\x03\x00\x00\xc0\x00\x00\
\x00\x00\x03\x00\x00\xf0\x00\x00\x00\x00\x0f\x00\x00\xfc\x00\x00\
\x00\x00?\x00\x00(\x00\x00\x000\x00\x00\x00`\x00\x00\
\x00\x01\x00 \x00\x00\x00\x00\x00\x00\x00\x00\x00\x00\x00\x00\
\x00\x00\x00\x00\x00\x00\x00\x00\x00\x00\x00\x00\x00\x00\x00\x00\
\x00\x00\x00\x00\x00\x00\x00\x00\x00\x00\x00\x00\x00\xfe\xb5H\
\x17\xff\xb3Io\xff\xb1K\xb3\xff\xb0L\xe2\xff\xafM\
\xfd\xff\xafM\xff\xff\xafM\xff\xff\xafM\xff\xff\xadN\
\xff\xff\xa8P\xff\xff\xa8P\xff\xff\xa8P\xff\xff\xa8P\
\xff\xff\xa8P\xff\xff\xa8P\xff\xff\xa8P\xff\xff\xa8P\
\xff\xff\xa8P\xff\xff\xa8P\xff\xff\xa8P\xff\xff\xa8P\
\xff\xff\xa8P\xff\xff\xa1P\xff\xff\xa0P\xff\xff\xa0P\
\xff\xff\xa0P\xff\xff\xa0P\xff\xff\xa0P\xff\xff\xa0P\
\xff\xff\xa0P\xff\xff\xa0P\xff\xff\xa0P\xff\xff\xa0P\
\xff\xff\xa0P\xff\xff\xa0P\xff\xff\xa0P\xfe\xff\xa2O\
\xe4\xff\xa5N\xb5\xff\xaeKq\xff\xb5H\x1a\x00\x00\x00\
\x00\x00\x00\x00\x00\x00\x00\x00\x00\x00\x00\x00\x00\x00\x00\x00\
\x00\x00\x00\x00\x00\xfe\xb5H\x04\xff\xb4H{\xff\xb2K\
\xf2\xff\xafM\xff\xff\xafM\xff\xff\xafM\xff\xff\xafM\
\xff\xff\xafM\xff\xff\xafM\xff\xff\xafM\xff\xff\xabO\
\xff\xff\xa8P\xff\xff\xa8P\xff\xff\xa8P\xff\xff\xa8P\
\xff\xff\xa8P\xff\xff\xa8P\xff\xff\xa8P\xff\xff\xa8P\
\xff\xff\xa8P\xff\xff\xa8P\xff\xff\xa8P\xff\xff\xa8P\
\xff\xff\xa5P\xff\xff\xa0P\xff\xff\xa0P\xff\xff\xa0P\
\xff\xff\xa0P\xff\xff\xa0P\xff\xff\xa0P\xff\xff\xa0P\
\xff\xff\xa0P\xff\xff\xa0P\xff\xff\xa0P\xff\xff\xa0P\
\xff\xff\xa0P\xff\xff\xa0P\xff\xff\xa0P\xff\xff\xa0P\
\xff\xff\xa0P\xff\xff\xa0P\xff\xff\xa8M\xf4\xff\xb3I\
\x82\xfe\xb5H\x05\x00\x00\x00\x00\x00\x00\x00\x00\x00\x00\x00\
\x00\xfe\xb5H\x04\xff\xb4I\xa7\xff\xb0L\xff\xff\xafM\
\xff\xff\xafM\xff\xff\xafM\xff\xff\xafM\xff\xff\xafM\
\xff\xff\xafM\xff\xff\xafM\xff\xff\xafM\xff\xff\xa8P\
\xff\xff\xa8P\xff\xff\xa8P\xff\xff\xa8P\xff\xff\xa8P\
\xff\xff\xa8P\xff\xff\xa8P\xff\xff\xa8P\xff\xff\xa8P\
\xff\xff\xa8P\xff\xff\xa8P\xff\xff\xa8P\xff\xff\xa8P\
\xff\xff\xa2P\xff\xff\xa0P\xff\xff\xa0P\xff\xff\xa0P\
\xff\xff\xa0P\xff\xff\xa0P\xff\xff\xa0P\xff\xff\xa0P\
\xff\xff\xa0P\xff\xff\xa0P\xff\xff\xa0P\xff\xff\xa0P\
\xff\xff\xa0P\xff\xff\xa0P\xff\xff\xa0P\xff\xff\xa0P\
\xff\xff\xa0P\xff\xff\xa0P\xff\xff\xa0P\xff\xff\xa4O\
\xff\xff\xb2I\xac\xfe\xb5H\x05\x00\x00\x00\x00\x00\x00\x00\
\x00\xff\xb4Hz\xff\xb0L\xff\xff\xafM\xff\xff\xafM\
\xff\xff\xafM\xff\xff\xafM\xff\xff\xafM\xff\xff\xafM\
\xff\xff\xafM\xff\xff\xafM\xff\xff\xadN\xff\xff\xa8P\
\xff\xff\xa8P\xff\xff\xa8P\xff\xff\xa8P\xff\xff\xa8P\
\xff\xff\xa8P\xff\xff\xa8P\xff\xff\xa8P\xff\xff\xa8P\
\xff\xff\xa8P\xff\xff\xa8P\xff\xff\xa8P\xff\xff\xa7P\
\xff\xff\xa0P\xff\xff\xa0P\xff\xff\xa0P\xff\xff\xa0P\
\xff\xff\xa0P\xff\xff\xa0P\xff\xff\xa0P\xff\xff\xa0P\
\xff\xff\xa0P\xff\xff\xa0P\xff\xff\xa0P\xff\xff\xa0P\
\xff\xff\xa0P\xff\xff\xa0P\xff\xff\xa0P\xff\xff\xa0P\
\xff\xff\xa0P\xff\xff\xa0P\xff\xff\xa0P\xff\xff\xa0P\
\xff\xff\xa4O\xff\xff\xb3I\x80\x00\x00\x00\x00\xff\xb5H\
\x15\xff\xb1K\xf1\xff\xafM\xff\xff\xafM\xff\xff\xafM\
\xff\xff\xafM\xff\xff\xafM\xff\xff\xafM\xff\xff\xafM\
\xff\xff\xafM\xff\xff\xafM\xff\xff\xabO\xff\xff\xa8P\
\xff\xff\xa8P\xff\xff\xa8P\xff\xff\xa8P\xff\xff\xa8P\
\xff\xff\xa8P\xff\xff\xa8P\xff\xff\xa8P\xff\xff\xa8P\
\xff\xff\xa8P\xff\xff\xa8P\xff\xff\xa8P\xff\xff\xa5P\
\xff\xff\xa0P\xff\xff\xa0P\xff\xff\xa0P\xff\xff\xa0P\
\xff\xff\xa0P\xff\xff\xa0P\xff\xff\xa0P\xff\xff\xa0P\
\xff\xff\xa0P\xff\xff\xa0P\xff\xff\xa0P\xff\xff\xa0P\
\xff\xff\xa0P\xff\xff\xa0P\xff\xff\xa0P\xff\xff\xa0P\
\xff\xff\xa0P\xff\xff\xa0P\xff\xff\xa0P\xff\xff\xa0P\
\xff\xff\xa0P\xff\xff\xa8M\xf3\xfe\xb5H\x19\xff\xb3I\
i\xff\xafM\xff\xff\xafM\xff\xff\xafM\xff\xff\xafM\
\xff\xff\xafM\xff\xff\xafM\xff\xff\xafM\xff\xff\xafM\
\xff\xff\xafM\xff\xff\xafM\xff\xff\xa9O\xff\xff\xa8P\
\xff\xff\xa8P\xff\xff\xa8P\xff\xff\xa8P\xff\xff\xa8P\
\xff\xff\xa8P\xff\xff\xa8P\xff\xff\xa8P\xff\xff\xa8P\
\xff\xff\xa8P\xff\xff\xa8P\xff\xff\xa8P\xff\xff\xa3P\
\xff\xff\xa0P\xff\xff\xa0P\xff\xff\xa0P\xff\xff\xa0P\
\xff\xff\xa0P\xff\xff\xa0P\xff\xff\xa0P\xff\xff\xa0P\
\xff\xff\xa0P\xff\xff\xa0P\xff\xff\xa0P\xff\xff\xa0P\
\xff\xff\xa0P\xff\xff\xa0P\xff\xff\xa0P\xff\xff\xa0P\
\xff\xff\xa0P\xff\xff\xa0P\xff\xff\xa0P\xff\xff\xa0P\
\xff\xff\xa0P\xff\xff\xa0P\xff\xff\xaeKo\xff\xb1K\
\xad\xff\xafM\xff\xff\xafM\xff\xff\xafM\xff\xff\xafM\
\xff\xff\xafM\xff\xff\xafM\xff\xff\xafM\xff\xff\xafM\
\xff\xff\xafM\xff\xff\xafM\xff\xff\xa8P\xff\xff\xa8P\
\xff\xff\xa8P\xff\xff\xa8P\xff\xff\xa8P\xff\xff\xa8P\
\xff\xff\xa8P\xff\xff\xa8P\xff\xff\xa8P\xff\xff\xa8P\
\xff\xff\xa8P\xff\xff\xa8P\xff\xff\xa8P\xff\xff\xa1P\
\xff\xff\xa0P\xff\xff\xa0P\xff\xff\xa0P\xff\xff\xa0P\
\xff\xff\xa0P\xff\xff\xa0P\xff\xff\xa0P\xff\xff\xa0P\
\xff\xff\xa0P\xff\xff\xa0P\xff\xff\xa0P\xff\xff\xa0P\
\xff\xff\xa0P\xff\xff\xa0P\xff\xff\xa0P\xff\xff\xa0P\
\xff\xff\xa0P\xff\xff\xa0P\xff\xff\xa0P\xff\xff\xa0P\
\xff\xff\xa0P\xff\xff\xa0P\xff\xff\xa5N\xb3\xff\xb0L\
\xd9\xff\xafM\xff\xff\xafM\xff\xff\xafM\xff\xff\xafM\
\xff\xff\xafM\xff\xff\xafM\xff\xff\xafM\xff\xff\xafM\
\xff\xff\xafM\xff\xff\xaeN\xff\xff\xa8P\xff\xff\xa8P\
\xff\xff\xa8P\xff\xff\xa8P\xff\xff\xa8P\xff\xff\xa8P\
\xff\xff\xa8P\xff\xff\xa8P\xff\xff\xa8P\xff\xff\xa8P\
\xff\xff\xa8P\xff\xff\xa8P\xff\xff\xa8P\xff\xff\xa0P\
\xff\xff\xa0P\xff\xff\xa0P\xff\xff\xa0P\xff\xff\xa0P\
\xff\xff\xa0P\xff\xff\xa0P\xff\xff\xa0P\xff\xff\xa0P\
\xff\xff\xa0P\xff\xff\xa0P\xff\xff\xa0P\xff\xff\xa0P\
\xff\xff\xa0P\xff\xff\xa0P\xff\xff\xa0P\xff\xff\xa0P\
\xff\xff\xa0P\xff\xff\xa0P\xff\xff\xa0P\xff\xff\xa0P\
\xff\xff\xa0P\xff\xff\xa0P\xff\xff\xa2O\xe1\xff\xafM\
\xf8\xff\xafM\xff\xff\xafM\xff\xff\xafM\xff\xff\xafM\
\xff\xff\xafM\xff\xff\xafM\xff\xff\xafM\xff\xff\xafM\
\xff\xff\xafM\xff\xff\xadN\xff\xff\xb7o\xff\xff\xd3\xa5\
\xff\xff\xd8\xb1\xff\xff\xd8\xb1\xff\xff\xd8\xb1\xff\xff\xd8\xb1\
\xff\xff\xd8\xb1\xff\xff\xd8\xb1\xff\xff\xd3\xa6\xff\xff\xacY\
\xff\xff\xa8P\xff\xff\xa8P\xff\xff\xa6P\xff\xff\xa0P\
\xff\xff\xa0P\xff\xff\xa0P\xff\xff\xa4W\xff\xff\xce\xa4\
\xff\xff\xd5\xb1\xff\xff\xd5\xb1\xff\xff\xd5\xb1\xff\xff\xd5\xb1\
\xff\xff\xd5\xb1\xff\xff\xd5\xb1\xff\xff\xcf\xa6\xff\xff\xb2q\
\xff\xff\xa0P\xff\xff\xa0P\xff\xff\xa0P\xff\xff\xa0P\
\xff\xff\xa0P\xff\xff\xa0P\xff\xff\xa0P\xff\xff\xa0P\
\xff\xff\xa0P\xff\xff\xa0P\xff\xff\xa1P\xfe\xff\xafM\
\xfe\xff\xafM\xff\xff\xafM\xff\xff\xafM\xff\xff\xafM\
\xff\xff\xafM\xff\xff\xafM\xff\xff\xafM\xff\xff\xafM\
\xff\xff\xafM\xff\xff\xc9\x8c\xff\xff\xf5\xe7\xff\xff\xf6\xe9\
\xff\xff\xf6\xe9\xff\xff\xf6\xe9\xff\xff\xf6\xe9\xff\xff\xf6\xe9\
\xff\xff\xf6\xe9\xff\xff\xf6\xe9\xff\xff\xf6\xe9\xff\xff\xc5\x8a\
\xff\xff\xa8P\xff\xff\xa8P\xff\xff\xa5P\xff\xff\xa0P\
\xff\xff\xa0P\xff\xff\xa0P\xff\xff\xbd\x85\xff\xff\xf6\xe9\
\xff\xff\xf6\xe9\xff\xff\xf6\xe9\xff\xff\xf6\xe9\xff\xff\xf6\xe9\
\xff\xff\xf6\xe9\xff\xff\xf6\xe9\xff\xff\xf6\xe9\xff\xff\xf5\xe7\
\xff\xff\xc3\x91\xff\xff\xa0P\xff\xff\xa0P\xff\xff\xa0P\
\xff\xff\xa0P\xff\xff\xa0P\xff\xff\xa0P\xff\xff\xa0P\
\xff\xff\xa0P\xff\xff\xa0P\xff\xff\xa0P\xff\xff\xafM\
\xff\xff\xafM\xff\xff\xafM\xff\xff\xafM\xff\xff\xafM\
\xff\xff\xafM\xff\xff\xafM\xff\xff\xafM\xff\xff\xafM\
\xff\xff\xb6]\xff\xff\xf3\xe3\xff\xff\xf6\xe9\xff\xff\xf1\xe1\
\xff\xff\xe6\xcc\xff\xff\xe6\xcc\xff\xff\xe6\xcc\xff\xff\xe6\xcc\
\xff\xff\xe6\xcc\xff\xff\xe6\xcc\xff\xff\xde\xbc\xff\xff\xaf`\
\xff\xff\xa8P\xff\xff\xa8P\xff\xff\xa4P\xff\xff\xa0P\
\xff\xff\xa0P\xff\xff\xa0P\xff\xff\xa7]\xff\xff\xdb\xba\
\xff\xff\xe4\xcc\xff\xff\xe4\xcc\xff\xff\xe4\xcc\xff\xff\xe4\xcc\
\xff\xff\xe4\xcc\xff\xff\xe4\xcc\xff\xff\xf1\xe0\xff\xff\xf6\xe9\
\xff\xff\xf3\xe4\xff\xff\xaac\xff\xff\xa0P\xff\xff\xa0P\
\xff\xff\xa0P\xff\xff\xa0P\xff\xff\xa0P\xff\xff\xa0P\
\xff\xff\xa0P\xff\xff\xa0P\xff\xff\xa0P\xff\xff\xafM\
\xff\xff\xafM\xff\xff\xafM\xff\xff\xafM\xff\xff\xafM\
\xff\xff\xafM\xff\xff\xafM\xff\xff\xafM\xff\xff\xafM\
\xff\xff\xc7\x84\xff\xff\xf6\xe9\xff\xff\xf6\xe9\xff\xff\xb6o\
\xff\xff\xa8P\xff\xff\xa8P\xff\xff\xa8P\xff\xff\xa8P\
\xff\xff\xa8P\xff\xff\xa8P\xff\xff\xa8P\xff\xff\xa8P\
\xff\xff\xa8P\xff\xff\xa8P\xff\xff\xa3P\xff\xff\xa0P\
\xff\xff\xa0P\xff\xff\xa0P\xff\xff\xa0P\xff\xff\xa0P\
\xff\xff\xa0P\xff\xff\xa0P\xff\xff\xa0P\xff\xff\xa0P\
\xff\xff\xa0P\xff\xff\xa0P\xff\xff\xaek\xff\xff\xf6\xe9\
\xff\xff\xf6\xe9\xff\xff\xc0\x8a\xff\xff\xa0P\xff\xff\xa0P\
\xff\xff\xa0P\xff\xff\xa0P\xff\xff\xa0P\xff\xff\xa0P\
\xff\xff\xa0P\xff\xff\xa0P\xff\xff\xa0P\xff\xff\xafM\
\xff\xff\xafM\xff\xff\xafM\xff\xff\xafM\xff\xff\xafM\
\xff\xff\xafM\xff\xff\xafM\xff\xff\xafM\xff\xff\xafM\
\xff\xff\xcb\x8d\xff\xff\xf6\xe9\xff\xff\xf6\xe9\xff\xff\xa8P\
\xff\xff\xa8P\xff\xff\xa8P\xff\xff\xa8P\xff\xff\xa8P\
\xff\xff\xa8P\xff\xff\xa8P\xff\xff\xa8P\xff\xff\xa8P\
\xff\xff\xa8P\xff\xff\xa8P\xff\xff\xa3P\xff\xff\xa0P\
\xff\xff\xa0P\xff\xff\xa0P\xff\xff\xa0P\xff\xff\xa0P\
\xff\xff\xa0P\xff\xff\xa0P\xff\xff\xa0P\xff\xff\xa0P\
\xff\xff\xa0P\xff\xff\xa0P\xff\xff\xa0P\xff\xff\xf6\xe9\
\xff\xff\xf6\xe9\xff\xff\xc4\x91\xff\xff\xa0P\xff\xff\xa0P\
\xff\xff\xa0P\xff\xff\xa0P\xff\xff\xa0P\xff\xff\xa0P\
\xff\xff\xa0P\xff\xff\xa0P\xff\xff\xa0P\xff\xff\xafM\
\xff\xff\xafM\xff\xff\xafM\xff\xff\xafM\xff\xff\xafM\
\xff\xff\xafM\xff\xff\xafM\xff\xff\xafM\xff\xff\xafM\
\xff\xff\xcb\x8d\xff\xff\xf6\xe9\xff\xff\xf6\xe9\xff\xff\xa8P\
\xff\xff\xa8P\xff\xff\xa8P\xff\xff\xa8P\xff\xff\xa8P\
\xff\xff\xa8P\xff\xff\xa8P\xff\xff\xa8P\xff\xff\xa8P\
\xff\xff\xa8P\xff\xff\xa8P\xff\xff\xa3P\xff\xff\xa0P\
\xff\xff\xa0P\xff\xff\xa0P\xff\xff\xa0P\xff\xff\xa0P\
\xff\xff\xa0P\xff\xff\xa0P\xff\xff\xa0P\xff\xff\xa0P\
\xff\xff\xa0P\xff\xff\xa0P\xff\xff\xa0P\xff\xff\xf6\xe9\
\xff\xff\xf6\xe9\xff\xff\xc4\x91\xff\xff\xa0P\xff\xff\xa0P\
\xff\xff\xa0P\xff\xff\xa0P\xff\xff\xa0P\xff\xff\xa0P\
\xff\xff\xa0P\xff\xff\xa0P\xff\xff\xa0P\xff\xff\xafM\
\xff\xff\xafM\xff\xff\xafM\xff\xff\xafM\xff\xff\xafM\
\xff\xff\xafM\xff\xff\xafM\xff\xff\xafM\xff\xff\xafM\
\xff\xff\xcb\x8d\xff\xff\xf6\xe9\xff\xff\xf6\xe9\xff\xff\xa8P\
\xff\xff\xa8P\xff\xff\xa8P\xff\xff\xa8P\xff\xff\xa8P\
\xff\xff\xa8P\xff\xff\xa8P\xff\xff\xa8P\xff\xff\xa8P\
\xff\xff\xa8P\xff\xff\xa8P\xff\xff\xa3P\xff\xff\xa0P\
\xff\xff\xa0P\xff\xff\xa0P\xff\xff\xa0P\xff\xff\xa0P\
\xff\xff\xa0P\xff\xff\xa0P\xff\xff\xa0P\xff\xff\xa0P\
\xff\xff\xa0P\xff\xff\xa0P\xff\xff\xa0P\xff\xff\xf6\xe9\
\xff\xff\xf6\xe9\xff\xff\xc4\x91\xff\xff\xa0P\xff\xff\xa0P\
\xff\xff\xa0P\xff\xff\xa0P\xff\xff\xa0P\xff\xff\xa0P\
\xff\xff\xa0P\xff\xff\xa0P\xff\xff\xa0P\xff\xff\xafM\
\xff\xff\xafM\xff\xff\xafM\xff\xff\xafM\xff\xff\xafM\
\xff\xff\xafM\xff\xff\xafM\xff\xff\xafM\xff\xff\xafM\
\xff\xff\xcb\x8d\xff\xff\xf6\xe9\xff\xff\xf6\xe9\xff\xff\xa8P\
\xff\xff\xa8P\xff\xff\xa8P\xff\xff\xa8P\xff\xff\xa8P\
\xff\xff\xa8P\xff\xff\xa8P\xff\xff\xa8P\xff\xff\xa8P\
\xff\xff\xa8P\xff\xff\xa8P\xff\xff\xa3P\xff\xff\xa0P\
\xff\xff\xa0P\xff\xff\xa0P\xff\xff\xa0P\xff\xff\xa0P\
\xff\xff\xa0P\xff\xff\xa0P\xff\xff\xa0P\xff\xff\xa0P\
\xff\xff\xa0P\xff\xff\xa0P\xff\xff\xa0P\xff\xff\xf6\xe9\
\xff\xff\xf6\xe9\xff\xff\xc4\x91\xff\xff\xa0P\xff\xff\xa0P\
\xff\xff\xa0P\xff\xff\xa0P\xff\xff\xa0P\xff\xff\xa0P\
\xff\xff\xa0P\xff\xff\xa0P\xff\xff\xa0P\xff\xff\xafM\
\xff\xff\xafM\xff\xff\xafM\xff\xff\xafM\xff\xff\xafM\
\xff\xff\xafM\xff\xff\xafM\xff\xff\xafM\xff\xff\xafM\
\xff\xff\xcb\x8d\xff\xff\xf6\xe9\xff\xff\xf6\xe9\xff\xff\xa8P\
\xff\xff\xa8P\xff\xff\xa8P\xff\xff\xa8P\xff\xff\xa8P\
\xff\xff\xa8P\xff\xff\xa8P\xff\xff\xa8P\xff\xff\xa8P\
\xff\xff\xa8P\xff\xff\xa8P\xff\xff\xa3P\xff\xff\xa0P\
\xff\xff\xa0P\xff\xff\xa0P\xff\xff\xa0P\xff\xff\xa0P\
\xff\xff\xa0P\xff\xff\xa0P\xff\xff\xa0P\xff\xff\xa0P\
\xff\xff\xa0P\xff\xff\xa0P\xff\xff\xa0P\xff\xff\xf6\xe9\
\xff\xff\xf6\xe9\xff\xff\xc4\x91\xff\xff\xa0P\xff\xff\xa0P\
\xff\xff\xa0P\xff\xff\xa0P\xff\xff\xa0P\xff\xff\xa0P\
\xff\xff\xa0P\xff\xff\xa0P\xff\xff\xa0P\xff\xff\xafM\
\xff\xff\xafM\xff\xff\xafM\xff\xff\xafM\xff\xff\xafM\
\xff\xff\xafM\xff\xff\xafM\xff\xff\xafM\xff\xff\xafM\
\xff\xff\xcb\x8d\xff\xff\xf6\xe9\xff\xff\xf6\xe9\xff\xff\xa8P\
\xff\xff\xa8P\xff\xff\xa8P\xff\xff\xa8P\xff\xff\xa8P\
\xff\xff\xa8P\xff\xff\xa8P\xff\xff\xa8P\xff\xff\xa8P\
\xff\xff\xa8P\xff\xff\xa8P\xff\xff\xa4P\xff\xff\xa0P\
\xff\xff\xa0P\xff\xff\xa0P\xff\xff\xa0P\xff\xff\xa0P\
\xff\xff\xa0P\xff\xff\xa0P\xff\xff\xa0P\xff\xff\xa0P\
\xff\xff\xa0P\xff\xff\xa0P\xff\xff\xa0P\xff\xff\xf6\xe9\
\xff\xff\xf6\xe9\xff\xff\xc4\x91\xff\xff\xa0P\xff\xff\xa0P\
\xff\xff\xa0P\xff\xff\xa0P\xff\xff\xa0P\xff\xff\xa0P\
\xff\xff\xa0P\xff\xff\xa0P\xff\xff\xa0P\xff\xff\xafM\
\xff\xff\xafM\xff\xff\xafM\xff\xff\xafM\xff\xff\xafM\
\xff\xff\xafM\xff\xff\xafM\xff\xff\xafM\xff\xff\xafM\
\xff\xff\xbeq\xff\xff\xf4\xe6\xff\xff\xe8\xcf\xff\xff\xa8P\
\xff\xff\xa8P\xff\xff\xa8P\xff\xff\xa8P\xff\xff\xa8P\
\xff\xff\xa8P\xff\xff\xa8P\xff\xff\xa8P\xff\xff\xa8P\
\xff\xff\xa8P\xff\xff\xa8P\xff\xff\xa5P\xff\xff\xa0P\
\xff\xff\xa0P\xff\xff\xa0P\xff\xff\xa0P\xff\xff\xa0P\
\xff\xff\xa0P\xff\xff\xa0P\xff\xff\xa0P\xff\xff\xa0P\
\xff\xff\xa0P\xff\xff\xa0P\xff\xff\xa0P\xff\xff\xe5\xcd\
\xff\xff\xf4\xe6\xff\xff\xb5w\xff\xff\xa0P\xff\xff\xa0P\
\xff\xff\xa0P\xff\xff\xa0P\xff\xff\xa0P\xff\xff\xa0P\
\xff\xff\xa0P\xff\xff\xa0P\xff\xff\xa0P\xff\xff\xafM\
\xff\xff\xafM\xff\xff\xafM\xff\xff\xafM\xff\xff\xafM\
\xff\xff\xafM\xff\xff\xafM\xff\xff\xafM\xff\xff\xafM\
\xff\xff\xafM\xff\xff\xb5^\xff\xff\xacW\xff\xff\xa8P\
\xff\xff\xa8P\xff\xff\xa8P\xff\xff\xa8P\xff\xff\xa8P\
\xff\xff\xa8P\xff\xff\xa8P\xff\xff\xa8P\xff\xff\xa8P\
\xff\xff\xa8P\xff\xff\xa8P\xff\xff\xa6P\xff\xff\xa0P\
\xff\xff\xa0P\xff\xff\xa0P\xff\xff\xa0P\xff\xff\xa0P\
\xff\xff\xa0P\xff\xff\xa0P\xff\xff\xa0P\xff\xff\xa0P\
\xff\xff\xa0P\xff\xff\xa0P\xff\xff\xa0P\xff\xff\xa4W\
\xff\xff\xa9a\xff\xff\xa0P\xff\xff\xa0P\xff\xff\xa0P\
\xff\xff\xa0P\xff\xff\xa0P\xff\xff\xa0P\xff\xff\xa0P\
\xff\xff\xa0P\xff\xff\xa0P\xff\xff\xa0P\xff\xff\xafM\
\xff\xff\xafM\xff\xff\xafM\xff\xff\xafM\xff\xff\xafM\
\xff\xff\xafM\xff\xff\xafM\xff\xff\xafM\xff\xff\xafM\
\xff\xff\xafM\xff\xff\xafM\xff\xff\xa8P\xff\xff\xa8P\
\xff\xff\xa8P\xff\xff\xa8P\xff\xff\xa8P\xff\xff\xa8P\
\xff\xff\xa8P\xff\xff\xa8P\xff\xff\xa8P\xff\xff\xa8P\
\xff\xff\xa8P\xff\xff\xa8P\xff\xff\xa7P\xff\xff\xa0P\
\xff\xff\xa0P\xff\xff\xa0P\xff\xff\xa0P\xff\xff\xa0P\
\xff\xff\xa0P\xff\xff\xa0P\xff\xff\xa0P\xff\xff\xa0P\
\xff\xff\xa0P\xff\xff\xa0P\xff\xff\xa0P\xff\xff\xa0P\
\xff\xff\xa0P\xff\xff\xa0P\xff\xff\xa0P\xff\xff\xa0P\
\xff\xff\xa0P\xff\xff\xa0P\xff\xff\xa0P\xff\xff\xa0P\
\xff\xff\xa0P\xff\xff\xa0P\xff\xff\xa0P\xff\xff\xafM\
\xff\xff\xafM\xff\xff\xafM\xff\xff\xafM\xff\xff\xafM\
\xff\xff\xafM\xff\xff\xafM\xff\xff\xafM\xff\xff\xafM\
\xff\xff\xafM\xff\xff\xafM\xff\xff\xaaO\xff\xff\xa8P\
\xff\xff\xa8P\xff\xff\xa8P\xff\xff\xa8P\xff\xff\xa8P\
\xff\xff\xa8P\xff\xff\xa8P\xff\xff\xa8P\xff\xff\xa8P\
\xff\xff\xa8P\xff\xff\xa8P\xff\xff\xa8P\xff\xff\xa1P\
\xff\xff\xa0P\xff\xff\xa0P\xff\xff\xa0P\xff\xff\xa0P\
\xff\xff\xa0P\xff\xff\xa0P\xff\xff\xa0P\xff\xff\xa0P\
\xff\xff\xa0P\xff\xff\xa0P\xff\xff\xa0P\xff\xff\xa0P\
\xff\xff\xa0P\xff\xff\xa0P\xff\xff\xa0P\xff\xff\xa0P\
\xff\xff\xa0P\xff\xff\xa0P\xff\xff\xa0P\xff\xff\xa0P\
\xff\xff\xa0P\xff\xff\xa0P\xff\xff\xa0P\xff\xff\xafM\
\xff\xff\xafM\xff\xff\xafM\xff\xff\xafM\xff\xff\xafM\
\xff\xff\xafM\xff\xff\xafM\xff\xff\xafM\xff\xff\xafO\
\xff\xff\xber\xff\xff\xc1y\xff\xff\xbfz\xff\xff\xbc{\
\xff\xff\xbc{\xff\xff\xbc{\xff\xff\xbc{\xff\xff\xbc{\
\xff\xff\xbc{\xff\xff\xbc{\xff\xff\xbc{\xff\xff\xbc{\
\xff\xff\xbc{\xff\xff\xbc{\xff\xff\xbc{\xff\xff\xb8{\
\xff\xff\xb6{\xff\xff\xb6{\xff\xff\xb6{\xff\xff\xb6{\
\xff\xff\xb6{\xff\xff\xb6{\xff\xff\xb6{\xff\xff\xb6{\
\xff\xff\xb6{\xff\xff\xb6{\xff\xff\xb6{\xff\xff\xb6{\
\xff\xff\xb6{\xff\xff\xb3u\xff\xff\xa1R\xff\xff\xa0P\
\xff\xff\xa0P\xff\xff\xa0P\xff\xff\xa0P\xff\xff\xa0P\
\xff\xff\xa0P\xff\xff\xa0P\xff\xff\xa0P\xff\xff\xafM\
\xff\xff\xafM\xff\xff\xafM\xff\xff\xafM\xff\xff\xafM\
\xff\xff\xafM\xff\xff\xafM\xff\xff\xafM\xff\xff\xd1\x9c\
\xff\xff\xff\xff\xff\xff\xff\xff\xff\xff\xff\xff\xff\xff\xff\xff\
\xff\xff\xff\xff\xff\xff\xff\xff\xff\xff\xff\xff\xff\xff\xff\xff\
\xff\xff\xff\xff\xff\xff\xff\xff\xff\xff\xff\xff\xff\xff\xff\xff\
\xff\xff\xff\xff\xff\xff\xff\xff\xff\xff\xff\xff\xff\xff\xff\xff\
\xff\xff\xff\xff\xff\xff\xff\xff\xff\xff\xff\xff\xff\xff\xff\xff\
\xff\xff\xff\xff\xff\xff\xff\xff\xff\xff\xff\xff\xff\xff\xff\xff\
\xff\xff\xff\xff\xff\xff\xff\xff\xff\xff\xff\xff\xff\xff\xff\xff\
\xff\xff\xff\xff\xff\xff\xff\xff\xff\xff\xcc\xa3\xff\xff\xa0P\
\xff\xff\xa0P\xff\xff\xa0P\xff\xff\xa0P\xff\xff\xa0P\
\xff\xff\xa0P\xff\xff\xa0P\xff\xff\xa0P\xff\xff\xafM\
\xff\xff\xafM\xff\xff\xafM\xff\xff\xafM\xff\xff\xafM\
\xff\xff\xafM\xff\xff\xafM\xff\xff\xafM\xff\xff\xcf\x97\
\xff\xff\xff\xfe\xff\xff\xff\xff\xff\xff\xff\xff\xff\xff\xff\xff\
\xff\xff\xff\xff\xff\xff\xff\xff\xff\xff\xff\xff\xff\xff\xff\xff\
\xff\xff\xff\xff\xff\xff\xff\xff\xff\xff\xff\xff\xff\xff\xff\xff\
\xff\xff\xff\xff\xff\xff\xff\xff\xff\xff\xff\xff\xff\xff\xff\xff\
\xff\xff\xff\xff\xff\xff\xff\xff\xff\xff\xff\xff\xff\xff\xff\xff\
\xff\xff\xff\xff\xff\xff\xff\xff\xff\xff\xff\xff\xff\xff\xff\xff\
\xff\xff\xff\xff\xff\xff\xff\xff\xff\xff\xff\xff\xff\xff\xff\xff\
\xff\xff\xff\xff\xff\xff\xff\xfe\xff\xff\xc9\x9e\xff\xff\xa0P\
\xff\xff\xa0P\xff\xff\xa0P\xff\xff\xa0P\xff\xff\xa0P\
\xff\xff\xa0P\xff\xff\xa0P\xff\xff\xa0P\xff\xff\xb0L\
\xff\xff\xafM\xff\xff\xafM\xff\xff\xafM\xff\xff\xafM\
\xff\xff\xafM\xff\xff\xafM\xff\xff\xafM\xff\xff\xafM\
\xff\xff\xbai\xff\xff\xbdq\xff\xff\xbdq\xff\xff\xbbr\
\xff\xff\xb8s\xff\xff\xb8s\xff\xff\xb8s\xff\xff\xb8s\
\xff\xff\xb8s\xff\xff\xb8s\xff\xff\xb8s\xff\xff\xb8s\
\xff\xff\xb8s\xff\xff\xb8s\xff\xff\xb8s\xff\xff\xb8s\
\xff\xff\xb3s\xff\xff\xb1s\xff\xff\xb1s\xff\xff\xb1s\
\xff\xff\xb1s\xff\xff\xb1s\xff\xff\xb1s\xff\xff\xb1s\
\xff\xff\xb1s\xff\xff\xb1s\xff\xff\xb1s\xff\xff\xb1s\
\xff\xff\xb1s\xff\xff\xael\xff\xff\xa0Q\xff\xff\xa0P\
\xff\xff\xa0P\xff\xff\xa0P\xff\xff\xa0P\xff\xff\xa0P\
\xff\xff\xa0P\xff\xff\xa0P\xff\xff\xa0P\xff\xff\xb2K\
\xff\xff\xafM\xff\xff\xafM\xff\xff\xafM\xff\xff\xafM\
\xff\xff\xafM\xff\xff\xafM\xff\xff\xafM\xff\xff\xafM\
\xff\xff\xafM\xff\xff\xafM\xff\xff\xafM\xff\xff\xaeN\
\xff\xff\xa8P\xff\xff\xa8P\xff\xff\xa8P\xff\xff\xa8P\
\xff\xff\xa8P\xff\xff\xa8P\xff\xff\xa8P\xff\xff\xa8P\
\xff\xff\xa8P\xff\xff\xa8P\xff\xff\xa8P\xff\xff\xa8P\
\xff\xff\xa4P\xff\xff\xa0P\xff\xff\xa0P\xff\xff\xa0P\
\xff\xff\xa0P\xff\xff\xa0P\xff\xff\xa0P\xff\xff\xa0P\
\xff\xff\xa0P\xff\xff\xa0P\xff\xff\xa0P\xff\xff\xa0P\
\xff\xff\xa0P\xff\xff\xa0P\xff\xff\xa0P\xff\xff\xa0P\
\xff\xff\xa0P\xff\xff\xa0P\xff\xff\xa0P\xff\xff\xa0P\
\xff\xff\xa0P\xff\xff\xa0P\xff\xff\xa0P\xff\xff\xb4I\
\xff\xff\xafM\xff\xff\xafM\xff\xff\xafM\xff\xff\xafM\
\xff\xff\xafM\xff\xff\xafM\xff\xff\xafM\xff\xff\xafM\
\xff\xff\xafM\xff\xff\xafM\xff\xff\xafM\xff\xff\xafM\
\xff\xff\xaaO\xff\xff\xa8P\xff\xff\xa8P\xff\xff\xa8P\
\xff\xff\xa8P\xff\xff\xa8P\xff\xff\xa8P\xff\xff\xa8P\
\xff\xff\xa8P\xff\xff\xa8P\xff\xff\xa8P\xff\xff\xa8P\
\xff\xff\xa7P\xff\xff\xa0P\xff\xff\xa0P\xff\xff\xa0P\
\xff\xff\xa0P\xff\xff\xa0P\xff\xff\xa0P\xff\xff\xa0P\
\xff\xff\xa0P\xff\xff\xa0P\xff\xff\xa0P\xff\xff\xa0P\
\xff\xff\xa0P\xff\xff\xa0P\xff\xff\xa0P\xff\xff\xa0P\
\xff\xff\xa0P\xff\xff\xa0P\xff\xff\xa0P\xff\xff\xa0P\
\xff\xff\xa0P\xff\xff\xa0P\xff\xff\xa0P\xff\xff\xb5H\
\xff\xff\xb1K\xff\xff\xafM\xff\xff\xafM\xff\xff\xafM\
\xff\xff\xafM\xff\xff\xafM\xff\xff\xafM\xff\xff\xafM\
\xff\xff\xafM\xff\xff\xbbj\xff\xff\xb5[\xff\xff\xafM\
\xff\xff\xadN\xff\xff\xa8P\xff\xff\xa8P\xff\xff\xa8P\
\xff\xff\xa8P\xff\xff\xa8P\xff\xff\xa8P\xff\xff\xa8P\
\xff\xff\xa8P\xff\xff\xa8P\xff\xff\xa8P\xff\xff\xa8P\
\xff\xff\xa8P\xff\xff\xa3P\xff\xff\xa0P\xff\xff\xa0P\
\xff\xff\xa0P\xff\xff\xa0P\xff\xff\xa0P\xff\xff\xa0P\
\xff\xff\xa0P\xff\xff\xa0P\xff\xff\xa0P\xff\xff\xa6]\
\xff\xff\xafn\xff\xff\xa0P\xff\xff\xa0P\xff\xff\xa0P\
\xff\xff\xa0P\xff\xff\xa0P\xff\xff\xa0P\xff\xff\xa0P\
\xff\xff\xa0P\xff\xff\xa0P\xff\xff\xa0P\xff\xff\xb5H\
\xff\xff\xb4I\xff\xff\xafM\xff\xff\xafM\xff\xff\xafM\
\xff\xff\xafM\xff\xff\xafM\xff\xff\xafM\xff\xff\xafM\
\xff\xff\xc2z\xff\xff\xfe\xfd\xff\xff\xf3\xe8\xff\xff\xafM\
\xff\xff\xafM\xff\xff\xaaO\xff\xff\xa8P\xff\xff\xa8P\
\xff\xff\xa8P\xff\xff\xa8P\xff\xff\xa8P\xff\xff\xa8P\
\xff\xff\xa8P\xff\xff\xa8P\xff\xff\xa8P\xff\xff\xa8P\
\xff\xff\xa8P\xff\xff\xa7P\xff\xff\xa0P\xff\xff\xa0P\
\xff\xff\xa0P\xff\xff\xa0P\xff\xff\xa0P\xff\xff\xa0P\
\xff\xff\xa0P\xff\xff\xa0P\xff\xff\xa0P\xff\xff\xef\xe4\
\xff\xff\xfe\xfd\xff\xff\xb9\x81\xff\xff\xa0P\xff\xff\xa0P\
\xff\xff\xa0P\xff\xff\xa0P\xff\xff\xa0P\xff\xff\xa0P\
\xff\xff\xa0P\xff\xff\xa0P\xff\xff\xa0P\xff\xff\xb5H\
\xff\xff\xb5H\xff\xff\xb1K\xff\xff\xafM\xff\xff\xafM\
\xff\xff\xafM\xff\xff\xafM\xff\xff\xafM\xff\xff\xafM\
\xff\xff\xcf\x95\xff\xff\xff\xff\xff\xff\xff\xff\xff\xff\xafM\
\xff\xff\xafM\xff\xff\xadN\xff\xff\xa8P\xff\xff\xa8P\
\xff\xff\xa8P\xff\xff\xa8P\xff\xff\xa8P\xff\xff\xa8P\
\xff\xff\xa8P\xff\xff\xa8P\xff\xff\xa8P\xff\xff\xa8P\
\xff\xff\xa8P\xff\xff\xa8P\xff\xff\xa3P\xff\xff\xa0P\
\xff\xff\xa0P\xff\xff\xa0P\xff\xff\xa0P\xff\xff\xa0P\
\xff\xff\xa0P\xff\xff\xa0P\xff\xff\xa0P\xff\xff\xff\xff\
\xff\xff\xff\xff\xff\xff\xc8\x9a\xff\xff\xa0P\xff\xff\xa0P\
\xff\xff\xa0P\xff\xff\xa0P\xff\xff\xa0P\xff\xff\xa0P\
\xff\xff\xa0P\xff\xff\xa0P\xff\xff\xa0P\xff\xff\xb5H\
\xff\xff\xb5H\xff\xff\xb4I\xff\xff\xafM\xff\xff\xafM\
\xff\xff\xafM\xff\xff\xafM\xff\xff\xafM\xff\xff\xafM\
\xff\xff\xcf\x95\xff\xff\xff\xff\xff\xff\xff\xff\xff\xff\xafM\
\xff\xff\xafM\xff\xff\xafM\xff\xff\xaaO\xff\xff\xa8P\
\xff\xff\xa8P\xff\xff\xa8P\xff\xff\xa8P\xff\xff\xa8P\
\xff\xff\xa8P\xff\xff\xa8P\xff\xff\xa8P\xff\xff\xa8P\
\xff\xff\xa8P\xff\xff\xa8P\xff\xff\xa7P\xff\xff\xa0P\
\xff\xff\xa0P\xff\xff\xa0P\xff\xff\xa0P\xff\xff\xa0P\
\xff\xff\xa0P\xff\xff\xa0P\xff\xff\xa0P\xff\xff\xff\xff\
\xff\xff\xff\xff\xff\xff\xc8\x9a\xff\xff\xa0P\xff\xff\xa0P\
\xff\xff\xa0P\xff\xff\xa0P\xff\xff\xa0P\xff\xff\xa0P\
\xff\xff\xa0P\xff\xff\xa0P\xff\xff\xa0P\xff\xff\xb5H\
\xff\xff\xb5H\xff\xff\xb5H\xff\xff\xb2J\xff\xff\xafM\
\xff\xff\xafM\xff\xff\xafM\xff\xff\xafM\xff\xff\xafM\
\xff\xff\xcf\x95\xff\xff\xff\xff\xff\xff\xff\xff\xff\xff\xafM\
\xff\xff\xafM\xff\xff\xafM\xff\xff\xaeM\xff\xff\xa8P\
\xff\xff\xa8P\xff\xff\xa8P\xff\xff\xa8P\xff\xff\xa8P\
\xff\xff\xa8P\xff\xff\xa8P\xff\xff\xa8P\xff\xff\xa8P\
\xff\xff\xa8P\xff\xff\xa8P\xff\xff\xa8P\xff\xff\xa4P\
\xff\xff\xa0P\xff\xff\xa0P\xff\xff\xa0P\xff\xff\xa0P\
\xff\xff\xa0P\xff\xff\xa0P\xff\xff\xa0P\xff\xff\xff\xff\
\xff\xff\xff\xff\xff\xff\xc8\x9a\xff\xff\xa0P\xff\xff\xa0P\
\xff\xff\xa0P\xff\xff\xa0P\xff\xff\xa0P\xff\xff\xa0P\
\xff\xff\xa0P\xff\xff\xa0P\xff\xff\xa0P\xff\xff\xb5H\
\xff\xff\xb5H\xff\xff\xb5H\xff\xff\xb5H\xff\xff\xb0L\
\xff\xff\xafM\xff\xff\xafM\xff\xff\xafM\xff\xff\xafM\
\xff\xff\xcf\x95\xff\xff\xff\xff\xff\xff\xff\xff\xff\xff\xafM\
\xff\xff\xafM\xff\xff\xafM\xff\xff\xafM\xff\xff\xacN\
\xff\xff\xa8P\xff\xff\xa8P\xff\xff\xa8P\xff\xff\xa8P\
\xff\xff\xa8P\xff\xff\xa8P\xff\xff\xa8P\xff\xff\xa8P\
\xff\xff\xa8P\xff\xff\xa8P\xff\xff\xa8P\xff\xff\xa8P\
\xff\xff\xa1P\xff\xff\xa0P\xff\xff\xa0P\xff\xff\xa0P\
\xff\xff\xa0P\xff\xff\xa0P\xff\xff\xa0P\xff\xff\xff\xff\
\xff\xff\xff\xff\xff\xff\xc8\x9a\xff\xff\xa0P\xff\xff\xa0P\
\xff\xff\xa0P\xff\xff\xa0P\xff\xff\xa0P\xff\xff\xa0P\
\xff\xff\xa0P\xff\xff\xa0P\xff\xff\xa0P\xff\xff\xb5H\
\xff\xff\xb5H\xff\xff\xb5H\xff\xff\xb5H\xff\xff\xb4I\
\xff\xff\xafM\xff\xff\xafM\xff\xff\xafM\xff\xff\xafM\
\xff\xff\xcf\x95\xff\xff\xff\xff\xff\xff\xff\xff\xff\xff\xafM\
\xff\xff\xafM\xff\xff\xafM\xff\xff\xafM\xff\xff\xafM\
\xff\xff\xaaO\xff\xff\xa8P\xff\xff\xa8P\xff\xff\xa8P\
\xff\xff\xa8P\xff\xff\xa8P\xff\xff\xa8P\xff\xff\xa8P\
\xff\xff\xa8P\xff\xff\xa8P\xff\xff\xa8P\xff\xff\xa8P\
\xff\xff\xa6P\xff\xff\xa0P\xff\xff\xa0P\xff\xff\xa0P\
\xff\xff\xa0P\xff\xff\xa0P\xff\xff\xa0P\xff\xff\xff\xff\
\xff\xff\xff\xff\xff\xff\xc8\x9a\xff\xff\xa0P\xff\xff\xa0P\
\xff\xff\xa0P\xff\xff\xa0P\xff\xff\xa0P\xff\xff\xa0P\
\xff\xff\xa0P\xff\xff\xa0P\xff\xff\xa0P\xff\xff\xb5H\
\xff\xff\xb5H\xff\xff\xb5H\xff\xff\xb5H\xff\xff\xb5H\
\xff\xff\xb3J\xff\xff\xafM\xff\xff\xafM\xff\xff\xafM\
\xff\xff\xcf\x95\xff\xff\xff\xff\xff\xff\xff\xff\xff\xff\xafM\
\xff\xff\xafM\xff\xff\xafM\xff\xff\xafM\xff\xff\xafM\
\xff\xff\xafM\xff\xff\xa9P\xff\xff\xa8P\xff\xff\xa8P\
\xff\xff\xa8P\xff\xff\xa8P\xff\xff\xa8P\xff\xff\xa8P\
\xff\xff\xa8P\xff\xff\xa8P\xff\xff\xa8P\xff\xff\xa8P\
\xff\xff\xa8P\xff\xff\xa4P\xff\xff\xa0P\xff\xff\xa0P\
\xff\xff\xa0P\xff\xff\xa0P\xff\xff\xa0P\xff\xff\xff\xff\
\xff\xff\xff\xff\xff\xff\xc8\x9a\xff\xff\xa0P\xff\xff\xa0P\
\xff\xff\xa0P\xff\xff\xa0P\xff\xff\xa0P\xff\xff\xa0P\
\xff\xff\xa0P\xff\xff\xa0P\xff\xff\xa0P\xff\xff\xb5H\
\xff\xff\xb5H\xff\xff\xb5H\xff\xff\xb5H\xff\xff\xb5H\
\xff\xff\xb5H\xff\xff\xb2K\xff\xff\xafM\xff\xff\xafM\
\xff\xff\xc9\x8a\xff\xff\xff\xff\xff\xff\xff\xff\xff\xff\xc1x\
\xff\xff\xafM\xff\xff\xafM\xff\xff\xafM\xff\xff\xafM\
\xff\xff\xafM\xff\xff\xaeN\xff\xff\xa9P\xff\xff\xa8P\
\xff\xff\xa8P\xff\xff\xa8P\xff\xff\xa8P\xff\xff\xa8P\
\xff\xff\xa8P\xff\xff\xa8P\xff\xff\xa8P\xff\xff\xa8P\
\xff\xff\xa8P\xff\xff\xa8P\xff\xff\xa2P\xff\xff\xa0P\
\xff\xff\xa0P\xff\xff\xa0P\xff\xff\xb3v\xff\xff\xff\xff\
\xff\xff\xff\xff\xff\xff\xc2\x91\xff\xff\xa0P\xff\xff\xa0P\
\xff\xff\xa0P\xff\xff\xa0P\xff\xff\xa0P\xff\xff\xa0P\
\xff\xff\xa0P\xff\xff\xa0P\xff\xff\xa0P\xff\xff\xb5H\
\xff\xff\xb5H\xff\xff\xb5H\xff\xff\xb5H\xff\xff\xb5H\
\xff\xff\xb5H\xff\xff\xb5H\xff\xff\xb1K\xff\xff\xafM\
\xff\xff\xb5]\xff\xff\xfa\xf5\xff\xff\xff\xff\xff\xff\xfc\xfa\
\xff\xff\xf2\xe4\xff\xff\xf2\xe3\xff\xff\xf2\xe3\xff\xff\xf2\xe3\
\xff\xff\xf2\xe3\xff\xff\xf2\xe3\xff\xff\xea\xd5\xff\xff\xb2f\
\xff\xff\xa8P\xff\xff\xa8P\xff\xff\xa8P\xff\xff\xa8P\
\xff\xff\xa8P\xff\xff\xa8P\xff\xff\xb0c\xff\xff\xe8\xd4\
\xff\xff\xf1\xe4\xff\xff\xf1\xe4\xff\xff\xf0\xe4\xff\xff\xef\xe4\
\xff\xff\xef\xe4\xff\xff\xf0\xe4\xff\xff\xfb\xf9\xff\xff\xff\xff\
\xff\xff\xfb\xf8\xff\xff\xaac\xff\xff\xa0P\xff\xff\xa0P\
\xff\xff\xa0P\xff\xff\xa0P\xff\xff\xa0P\xff\xff\xa0P\
\xff\xff\xa0P\xff\xff\xa0P\xff\xff\xa0P\xff\xff\xb5H\
\xfb\xff\xb5H\xff\xff\xb5H\xff\xff\xb5H\xff\xff\xb5H\
\xff\xff\xb5H\xff\xff\xb5H\xff\xff\xb5H\xff\xff\xb1K\
\xff\xff\xafM\xff\xff\xca\x8b\xff\xff\xfd\xfa\xff\xff\xff\xff\
\xff\xff\xff\xff\xff\xff\xff\xff\xff\xff\xff\xff\xff\xff\xff\xff\
\xff\xff\xff\xff\xff\xff\xff\xff\xff\xff\xff\xff\xff\xff\xca\x91\
\xff\xff\xa8P\xff\xff\xa8P\xff\xff\xa8P\xff\xff\xa8P\
\xff\xff\xa8P\xff\xff\xa8P\xff\xff\xc5\x8d\xff\xff\xff\xff\
\xff\xff\xff\xff\xff\xff\xff\xff\xff\xff\xff\xff\xff\xff\xff\xff\
\xff\xff\xff\xff\xff\xff\xff\xff\xff\xff\xff\xff\xff\xff\xfd\xfc\
\xff\xff\xc3\x93\xff\xff\xa0P\xff\xff\xa0P\xff\xff\xa0P\
\xff\xff\xa0P\xff\xff\xa0P\xff\xff\xa0P\xff\xff\xa0P\
\xff\xff\xa0P\xff\xff\xa0P\xff\xff\xa0P\xff\xff\xb5H\
\xf1\xff\xb5H\xff\xff\xb5H\xff\xff\xb5H\xff\xff\xb5H\
\xff\xff\xb5H\xff\xff\xb5H\xff\xff\xb5H\xff\xff\xb5H\
\xff\xff\xb1K\xff\xff\xafM\xff\xff\xbah\xff\xff\xd6\xa6\
\xff\xff\xdc\xb1\xff\xff\xdc\xb1\xff\xff\xdc\xb1\xff\xff\xdc\xb1\
\xff\xff\xdc\xb1\xff\xff\xdc\xb1\xff\xff\xd6\xa6\xff\xff\xb2T\
\xff\xff\xadN\xff\xff\xa9P\xff\xff\xa8P\xff\xff\xa8P\
\xff\xff\xa8P\xff\xff\xa8P\xff\xff\xaaV\xff\xff\xd2\xa6\
\xff\xff\xd9\xb2\xff\xff\xd9\xb2\xff\xff\xd9\xb2\xff\xff\xd9\xb2\
\xff\xff\xd9\xb2\xff\xff\xd7\xb2\xff\xff\xcf\xa8\xff\xff\xafm\
\xff\xff\xa0P\xff\xff\xa0P\xff\xff\xa0P\xff\xff\xa0P\
\xff\xff\xa0P\xff\xff\xa0P\xff\xff\xa0P\xff\xff\xa0P\
\xff\xff\xa0P\xff\xff\xa0P\xff\xff\xa1P\xfd\xff\xb5H\
\xd7\xff\xb5H\xff\xff\xb5H\xff\xff\xb5H\xff\xff\xb5H\
\xff\xff\xb5H\xff\xff\xb5H\xff\xff\xb5H\xff\xff\xb5H\
\xff\xff\xb5H\xff\xff\xb2K\xff\xff\xafM\xff\xff\xafM\
\xff\xff\xafM\xff\xff\xafM\xff\xff\xafM\xff\xff\xafM\
\xff\xff\xafM\xff\xff\xafM\xff\xff\xafM\xff\xff\xafM\
\xff\xff\xafM\xff\xff\xaeM\xff\xff\xa9P\xff\xff\xa8P\
\xff\xff\xa8P\xff\xff\xa8P\xff\xff\xa8P\xff\xff\xa8P\
\xff\xff\xa8P\xff\xff\xa8P\xff\xff\xa8P\xff\xff\xa8P\
\xff\xff\xa8P\xff\xff\xa7P\xff\xff\xa1P\xff\xff\xa0P\
\xff\xff\xa0P\xff\xff\xa0P\xff\xff\xa0P\xff\xff\xa0P\
\xff\xff\xa0P\xff\xff\xa0P\xff\xff\xa0P\xff\xff\xa0P\
\xff\xff\xa0P\xff\xff\xa0P\xff\xff\xa2O\xdf\xff\xb5H\
\xaa\xff\xb5H\xff\xff\xb5H\xff\xff\xb5H\xff\xff\xb5H\
\xff\xff\xb5H\xff\xff\xb5H\xff\xff\xb5H\xff\xff\xb5H\
\xff\xff\xb5H\xff\xff\xb5H\xff\xff\xb3J\xff\xff\xafM\
\xff\xff\xafM\xff\xff\xafM\xff\xff\xafM\xff\xff\xafM\
\xff\xff\xafM\xff\xff\xafM\xff\xff\xafM\xff\xff\xafM\
\xff\xff\xafM\xff\xff\xafM\xff\xff\xafM\xff\xff\xaaO\
\xff\xff\xa8P\xff\xff\xa8P\xff\xff\xa8P\xff\xff\xa8P\
\xff\xff\xa8P\xff\xff\xa8P\xff\xff\xa8P\xff\xff\xa8P\
\xff\xff\xa8P\xff\xff\xa8P\xff\xff\xa8P\xff\xff\xa2P\
\xff\xff\xa0P\xff\xff\xa0P\xff\xff\xa0P\xff\xff\xa0P\
\xff\xff\xa0P\xff\xff\xa0P\xff\xff\xa0P\xff\xff\xa0P\
\xff\xff\xa0P\xff\xff\xa0P\xff\xff\xa6N\xb0\xff\xb5H\
d\xff\xb5H\xff\xff\xb5H\xff\xff\xb5H\xff\xff\xb5H\
\xff\xff\xb5H\xff\xff\xb5H\xff\xff\xb5H\xff\xff\xb5H\
\xff\xff\xb5H\xff\xff\xb5H\xff\xff\xb5H\xff\xff\xb4I\
\xff\xff\xb0L\xff\xff\xafM\xff\xff\xafM\xff\xff\xafM\
\xff\xff\xafM\xff\xff\xafM\xff\xff\xafM\xff\xff\xafM\
\xff\xff\xafM\xff\xff\xafM\xff\xff\xafM\xff\xff\xafM\
\xff\xff\xacN\xff\xff\xa8P\xff\xff\xa8P\xff\xff\xa8P\
\xff\xff\xa8P\xff\xff\xa8P\xff\xff\xa8P\xff\xff\xa8P\
\xff\xff\xa8P\xff\xff\xa8P\xff\xff\xa8P\xff\xff\xa8P\
\xff\xff\xa4P\xff\xff\xa0P\xff\xff\xa0P\xff\xff\xa0P\
\xff\xff\xa0P\xff\xff\xa0P\xff\xff\xa0P\xff\xff\xa0P\
\xff\xff\xa0P\xff\xff\xa1P\xff\xff\xafJj\xfe\xb5G\
\x11\xff\xb5H\xed\xff\xb5H\xff\xff\xb5H\xff\xff\xb5H\
\xff\xff\xb5H\xff\xff\xb5H\xff\xff\xb5H\xff\xff\xb5H\
\xff\xff\xb5H\xff\xff\xb5H\xff\xff\xb5H\xff\xff\xb5H\
\xff\xff\xb5H\xff\xff\xb2J\xff\xff\xafM\xff\xff\xafM\
\xff\xff\xafM\xff\xff\xafM\xff\xff\xafM\xff\xff\xafM\
\xff\xff\xafM\xff\xff\xafM\xff\xff\xafM\xff\xff\xafM\
\xff\xff\xafM\xff\xff\xaeM\xff\xff\xaaO\xff\xff\xa8P\
\xff\xff\xa8P\xff\xff\xa8P\xff\xff\xa8P\xff\xff\xa8P\
\xff\xff\xa8P\xff\xff\xa8P\xff\xff\xa8P\xff\xff\xa8P\
\xff\xff\xa8P\xff\xff\xa6P\xff\xff\xa1P\xff\xff\xa0P\
\xff\xff\xa0P\xff\xff\xa0P\xff\xff\xa0P\xff\xff\xa0P\
\xff\xff\xa0P\xff\xff\xa9M\xf0\xff\xb5H\x15\x00\x00\x00\
\x00\xff\xb5Hq\xff\xb5H\xff\xff\xb5H\xff\xff\xb5H\
\xff\xff\xb5H\xff\xff\xb5H\xff\xff\xb5H\xff\xff\xb5H\
\xff\xff\xb5H\xff\xff\xb5H\xff\xff\xb5H\xff\xff\xb5H\
\xff\xff\xb5H\xff\xff\xb5H\xff\xff\xb4I\xff\xff\xb1K\
\xff\xff\xafM\xff\xff\xafM\xff\xff\xafM\xff\xff\xafM\
\xff\xff\xafM\xff\xff\xafM\xff\xff\xafM\xff\xff\xafM\
\xff\xff\xafM\xff\xff\xafM\xff\xff\xafM\xff\xff\xadN\
\xff\xff\xa9O\xff\xff\xa8P\xff\xff\xa8P\xff\xff\xa8P\
\xff\xff\xa8P\xff\xff\xa8P\xff\xff\xa8P\xff\xff\xa8P\
\xff\xff\xa8P\xff\xff\xa8P\xff\xff\xa8P\xff\xff\xa4P\
\xff\xff\xa0P\xff\xff\xa0P\xff\xff\xa0P\xff\xff\xa0P\
\xff\xff\xa5N\xff\xff\xb3Iw\x00\x00\x00\x00\x00\x00\x00\
\x00\xff\xb4G\x02\xff\xb5H\x9c\xff\xb5H\xff\xff\xb5H\
\xff\xff\xb5H\xff\xff\xb5H\xff\xff\xb5H\xff\xff\xb5H\
\xff\xff\xb5H\xff\xff\xb5H\xff\xff\xb5H\xff\xff\xb5H\
\xff\xff\xb5H\xff\xff\xb5H\xff\xff\xb5H\xff\xff\xb5H\
\xff\xff\xb4I\xff\xff\xb1K\xff\xff\xafM\xff\xff\xafM\
\xff\xff\xafM\xff\xff\xafM\xff\xff\xafM\xff\xff\xafM\
\xff\xff\xafM\xff\xff\xafM\xff\xff\xafM\xff\xff\xafM\
\xff\xff\xafM\xff\xff\xadN\xff\xff\xaaO\xff\xff\xa8P\
\xff\xff\xa8P\xff\xff\xa8P\xff\xff\xa8P\xff\xff\xa8P\
\xff\xff\xa8P\xff\xff\xa8P\xff\xff\xa8P\xff\xff\xa8P\
\xff\xff\xa7P\xff\xff\xa3P\xff\xff\xa0P\xff\xff\xa5N\
\xff\xff\xb3I\xa2\xff\xb5G\x03\x00\x00\x00\x00\x00\x00\x00\
\x00\x00\x00\x00\x00\xff\xb4G\x02\xff\xb5Ho\xff\xb5H\
\xed\xff\xb5H\xff\xff\xb5H\xff\xff\xb5H\xff\xff\xb5H\
\xff\xff\xb5H\xff\xff\xb5H\xff\xff\xb5H\xff\xff\xb5H\
\xff\xff\xb5H\xff\xff\xb5H\xff\xff\xb5H\xff\xff\xb5H\
\xff\xff\xb5H\xff\xff\xb5H\xff\xff\xb4I\xff\xff\xb2J\
\xff\xff\xb0L\xff\xff\xafM\xff\xff\xafM\xff\xff\xafM\
\xff\xff\xafM\xff\xff\xafM\xff\xff\xafM\xff\xff\xafM\
\xff\xff\xafM\xff\xff\xafM\xff\xff\xafM\xff\xff\xaeN\
\xff\xff\xabO\xff\xff\xa9P\xff\xff\xa8P\xff\xff\xa8P\
\xff\xff\xa8P\xff\xff\xa8P\xff\xff\xa8P\xff\xff\xa8P\
\xff\xff\xa8P\xff\xff\xa9P\xff\xff\xadM\xef\xff\xb3I\
u\xff\xb5G\x03\x00\x00\x00\x00\x00\x00\x00\x00\x00\x00\x00\
\x00\x00\x00\x00\x00\x00\x00\x00\x00\x00\x00\x00\x00\xfe\xb5H\
\x10\xff\xb5Hc\xff\xb5H\xa7\xff\xb5H\xd4\xff\xb5H\
\xef\xff\xb5H\xf8\xff\xb5H\xff\xff\xb5H\xff\xff\xb5H\
\xff\xff\xb5H\xff\xff\xb5H\xff\xff\xb5H\xff\xff\xb5H\
\xff\xff\xb5H\xff\xff\xb5H\xff\xff\xb5H\xff\xff\xb5H\
\xff\xff\xb5H\xff\xff\xb4I\xff\xff\xb2K\xff\xff\xb0L\
\xff\xff\xafM\xff\xff\xafM\xff\xff\xafM\xff\xff\xafM\
\xff\xff\xafM\xff\xff\xafM\xff\xff\xafM\xff\xff\xafM\
\xff\xff\xafM\xff\xff\xafM\xff\xff\xadN\xff\xff\xabO\
\xff\xff\xa9O\xff\xff\xa8P\xfe\xff\xa9P\xf9\xff\xa9O\
\xd6\xff\xacN\xa9\xff\xb1Je\xfe\xb5H\x13\x00\x00\x00\
\x00\x00\x00\x00\x00\x00\x00\x00\x00\x00\x00\x00\x00\xf0\x00\x00\
\x00\x00\x0f\x00\x00\xc0\x00\x00\x00\x00\x03\x00\x00\x80\x00\x00\
\x00\x00\x01\x00\x00\x80\x00\x00\x00\x00\x01\x00\x00\x00\x00\x00\
\x00\x00\x00\x00\x00\x00\x00\x00\x00\x00\x00\x00\x00\x00\x00\x00\
\x00\x00\x00\x00\x00\x00\x00\x00\x00\x00\x00\x00\x00\x00\x00\x00\
\x00\x00\x00\x00\x00\x00\x00\x00\x00\x00\x00\x00\x00\x00\x00\x00\
\x00\x00\x00\x00\x00\x00\x00\x00\x00\x00\x00\x00\x00\x00\x00\x00\
\x00\x00\x00\x00\x00\x00\x00\x00\x00\x00\x00\x00\x00\x00\x00\x00\
\x00\x00\x00\x00\x00\x00\x00\x00\x00\x00\x00\x00\x00\x00\x00\x00\
\x00\x00\x00\x00\x00\x00\x00\x00\x00\x00\x00\x00\x00\x00\x00\x00\
\x00\x00\x00\x00\x00\x00\x00\x00\x00\x00\x00\x00\x00\x00\x00\x00\
\x00\x00\x00\x00\x00\x00\x00\x00\x00\x00\x00\x00\x00\x00\x00\x00\
\x00\x00\x00\x00\x00\x00\x00\x00\x00\x00\x00\x00\x00\x00\x00\x00\
\x00\x00\x00\x00\x00\x00\x00\x00\x00\x00\x00\x00\x00\x00\x00\x00\
\x00\x00\x00\x00\x00\x00\x00\x00\x00\x00\x00\x00\x00\x00\x00\x00\
\x00\x00\x00\x00\x00\x00\x00\x00\x00\x00\x00\x00\x00\x00\x00\x00\
\x00\x00\x00\x00\x00\x00\x00\x00\x00\x00\x00\x00\x00\x00\x00\x00\
\x00\x00\x00\x00\x00\x00\x00\x00\x00\x00\x00\x00\x00\x00\x00\x00\
\x00\x00\x00\x00\x00\x00\x00\x00\x00\x00\x00\x00\x00\x00\x00\x00\
\x00\x00\x00\x00\x00\x00\x00\x00\x00\x00\x00\x00\x00\x00\x00\x00\
\x00\x00\x00\x00\x00\x00\x00\x00\x00\x00\x00\x00\x00\x00\x00\x00\
\x00\x00\x00\x00\x00\x00\x00\x00\x00\x00\x00\x00\x00\x00\x00\x00\
\x00\x00\x00\x00\x00\x00\x00\x00\x00\x00\x00\x00\x00\x80\x00\x00\
\x00\x00\x01\x00\x00\x80\x00\x00\x00\x00\x01\x00\x00\xc0\x00\x00\
\x00\x00\x03\x00\x00\xf0\x00\x00\x00\x00\x0f\x00\x00\x89PN\
G\x0d\x0a\x1a\x0a\x00\x00\x00\x0dIHDR\x00\x00\x01\
\x00\x00\x00\x01\x00\x08\x06\x00\x00\x00\x5cr\xa8f\x00\x00\
\x1b\xa6IDATx\xda\xed]{\x8c\x5c\xe5u\xff\
\x9d{g\xdf\xde\x87\xb1Y\xdb\x18bc\x1b\x8c\xcd\xc3\
\x0e\x01\x02.\xe6aQ\xef\x82\x0d\xc5U+B$B\
@m!i\xa4\x86?\xda4}\x88\xa2H%Q\x15\
5HQ\x12\xd2\x16\x87DIhU\x09\x1bl\xccZ\
\x8d\xe3\x06\xca+\x80\xed\x10\xbf\x02\xc6\x06\x07\xafm\xb0\
\xbd~\xeccf\xee\xbd\xa7\x7f\xdc\x99\xd9\x99\xdd\x1d{\
gvf\xf6\xde\xef\xfb\xfd\xa4\x04y\xb5c\xcf=\xdf\
9\xbf\xf3;\xe7;\xdfw\x05\x11\xc6\xf2-\xda\xd0\xdc\
\x8f\xeb\x01@\xa0K\xd5\x91\x0e\x81\xce\x010\xb7\xc8G\
\x96\x022\x15DY\x90\x00\x90@\xe1( *4\x08\
\x00\x01\x80\x8c]\x10\x00\xa2Pu\xe0\x8d\xfc=u0\
\x10\x00'\x02W\xf6\xf8u\xd8\x0d\xc5z\x00h\xf4\xb0\
}\xfd\x1a9\x19\xe9\xe7\x8b\x02\xee\xd8\xa0K\x02\xd5\xcb\
\xd4\x91\xcb\x04z3\x83\xb9\x06P\xc0\x09\x00Q\x85\x13\
D\xca\x1d\x22\x14\xf0R\xb6q\xd5\x05\x02G\x10\xb8\x9a\
\xf4\xeb\xf0\x8a\x00\xdb\x03`\xaf\x08\xb6\xbfx\x87\xf3\xba\
\xd5\x04\xd0\xb5I\xe7 \xd0n\x007\x0b\xd0\xcd`\xaf\
\xd1\x82\xfb\x80\xa3\xa1s;\x0c\xf8\x02\xe53\xb1\x80\x1f\
\x1f!\xf8\x8e\xc0\xaf\x07Tt\x10\x82\xad\x08\xd0\x13\xa8\
\xbc\xb8\xf9.\xd9k<\x01d\x82\xfe!\x01\xee\x06d\
\x11]\xaf\x86Y>P8\x94\xf5\xc3N\xef\x876\x91\
IR>\x81\xab\x08\x12\x02?\x01\xa8\x03(\xb4W\x14\
\xeb\x82@\x9e\xa8%\x19\xd4\xe4\xc9\xbb\x9f\x0f\xee\x81\x83\
\xfb\x01\xb9\x9d\xeeW\xbb\xa0w\x02e-\x9f\x97\xe5\xb3\
\xd2>Z6Q\xf8u\x80W/P'\xf7\xb3\xdd\x0a\
<\xd1\x98\x92g\xaa\xdd?\xa8\x9a%\x96o\xd1\x86\x96\
~}\x18\x0e\x1e\xa5\xbc\xaf\x0d\x9c\x00\x10\x9f\x99\xbe@\
\xda\xabB|\x00\x91\xb7\xc9\x18D\xa0:(\x82\x1f\xd4\
\xa7\xe4\xb1j\x11AU\xac\xd2\xb51x\x08\xc0\xa3\x02\
\x99E7\xacn\xa6\x97 \xac\xe9\xd9\xc4\xcb\xb3\x89\x1f\
\xaa\x1f\xc4\x92\x08C\x22H7\xe6\x7fw=\xa1\x90'\
\x1aS\xf8N\xa5\x89\xa0\xa2\x16Z\xb9!\xe8r\x80\xef\
C\xe4bzb\x95%\xbe\xafp\x19\xf4\xc3\x8e\xecE\
Q\xdeOl\x91\xbd\x06\x81W\x8fB\x22Py\xa4g\
\xb5<\x1d)\x02X\xbeE\x1b\x9a\x07\xf5Q\x81|\x9d\
\xaeXE'\xcfd6J\xfc<\x89\xefO^#\xaf\
&4\xe0*R\x0d\x02u\x0b~\xbaIT\x1e\xd8\xb4\
Z\x8eL:\x01t\xbf\x10|\x16\x8a\xb5\xec\xeaW/\
\xdb\xbbA\x9c%m\xe5kV\xf12u\xbd\x0d\xea'\
\x00\xe0+\x82\x06A\xaa\xa5P\x0d\x04\x8a{7\xafv\
z&\x8d\x00\xba6\xe8\xfd\x02\xfd>D\x9a\x18\xa9\x15\
v\xf4\x8c\xccw\x02\x06}a\xb6\xb7\xc4\x1e\x99\xc0\x87\
?\xfc\xbcZ\xa7H\xb5\xe5\xef\x16\x00\x0a\xfcS\xcf*\
y\xac\xe6\x04\xd0\xbdA\xbf\x06\xc17\xe9\x9a\x15\xae\xed\
\xb9}W\xe8\x9c~&\xf0\xd5\xde\xc0/\x80\x13\x92@\
PW\xe08k_\x5c\xe5<X3\x02\xe8\xde\x18<\
\x05\xc8\x03\x8c\xd8\xca\x06\xbeK\x99o\xa7\xcc\x1fO\xe0\
\x8f\x90\x87\xde\x14\x81\xd7X\xd8\x17\xe8o\x925/\xad\
\x90dU\x09\x80\xc1_Y8>\x03\xbf\x80\x08=\x8b\
d~\xa9\x81?\xc2X~\x8b \xdd<1\x12pJ\
\xaa\xf97\xea\xa3\x0c\xfe\xca\xc0\xf5\x81DR\xe1\xc6b\
H\xa56\x81\xef\xa6`W\x8d\x9fV \x852\x82?\
\xcc\xddn\xbf\xa2n\xa0\xe0g\xb7\xb7\x0c\xea\xf7\xab\xa2\
\x00\xba6\xe8\xfd\x22\xf8\x11Cw\xe2\x81/\x9eB\x84\
\x19?;\xcf \xbeX\xf5\xcc\xf0\xb4\xcc\xa0\x1f\x9f\x12\
(\xa518\xaeo\xd1\xfdB\xf0Y\x04\xf8%\xbb\xfd\
\x0c|\x06\xfe\x04\xe0e\xe4~\xc5\x15\xdfh\x12\x10\xe0\
\xeeM\xabd\xfd\x84\x09`\xf9\x16mh\x19\xd0\xdd\x9c\
\xee+\xd3\xd1\x83L]\xcb\xc0\xb77\xf0\xb3r\xbf\xaa\
\xa5\xdeH\x12\xd0\x13\xa2\xb2\xe8\x5c\xc3B\xe7\xec\x01\xb4\
\x0c\xe8\xbf2\xf8\xcb\xa8\xd0\x02\xc0M\x875\xbe\xed\xc1\
/\xc8\xab\xf1m\x93\xfb\xd9:\xbf\xea}\x1e\x81;\xa0\
p\xd2\xb9?OU\xd1\xb5\x13R\x00+7\x04]\x8e\
\xc8\x8b\x0c\xe7\xd2\x16\xdd\xe5\x00\xcf\xb0sya\xd6\xb7\
\xee\xccB\xd5\xe4\xfe9\xe0(\x92\xe7I\xee\x9fU\xe8\
\xc3=\xab\x9c'K&\x80\xcc|\xff~\x9e\xe8+\xc1\
\xf6\x9e\xc2e\xe0\x87\x8eek\xe0\x07\x08\x9b|\x93\xe8\
\x07\x9aP$\xa7f\x19@\x07\x05rq\xb1R\xa0h\
\x09\xd0\xd2\xaf\x0f3\xf8\xc7\x19\xf8\xd9-=\x06\x7fx\
<9\xa5pl\x1a\xe2\x19)\xf7'\xd9\x0f\xc4\x13\xd4\
\x9d\xce\xfeA\x9a \xfa\xb5\x92\x14\x00\xb3\x7f\x09u\xbe\
\xcf\xb1\xdd\xac-\xac\x9a\xd5\xcf\x87\x9f\xc9\xfa\x11\xbbi\
(\xd5.\x08\xea\xcf\xae\x02\x1cf\xff\xf2\xe5~\xc2\xe3\
\xf5\xd9\xd9\x06\x9f\x93\xb6/\xf85\x9b\xf5\xd3\x88\xe00\
\x97\xa0\xfe\xb4\x9eS\x05\xc8X\xd9\xbfeP{y\x8d\
W\xf1L\x97\xf09\xba\x9b\xcb\xfa\x9e\xa5\x0a\xa8&[\
{\x15\x10'\x8d@\xba\xb5\xb8\x0a\x18\xa5\x00\x9a\x07\xf0\
9\x06\xff\xd9\xb3>\x83?\x9b\xf5-U@^\xad\xb6\
\xf6&\x0e7\x999T%\xd2\x14\x08\x1e\x1eG\x09\xa0\
\x0f1\xd4Gg\xba\xba4\x9b|\xb9\xbeG\xd2\xc2a\
\x9e\xb0\xac\x06R\x0ax1zv\x154dK\x811\
b\xbb\x80\x00V>\xa7\x0bE\xe4\x06\x86\xfc\xf0\x82\xbb\
\xcc\xfa\xc3\xb5~:;hbc\xd6\x07\x90\xd4I\xef\
\xf0\x97\x85\xb4\xc0I\x01\x02\x99\xb5rC\xd0U\x94\x00\
\x5c\x97\xd9?g\x98\x00H\xa48\xd0\x03d\xee\x22L\
\xda\xd9\xe1\xd7\x5c\xd6\x8f7\xf1\xd5\xf5k6\xe0\x1f*\
J\x00\xaa\xb8\x9b\xa1\x9f\x19\xe1\xf58\xc2\x9b\xab\xf5c\
\xee\xfce\xc3\x07$\x15\xd3\xac?\x92\xc4=d\xd6\x11\
\xdd\xcb\xb7h\xc3(\x02X\xf9\x9c.\xb4}\xe6_\x02\
\xc0M\xf1\xd6\xdd\xac-\x9c\x94\xa5\xb5>\x106\xfa\x22\
\xb9\xbdW~\x11W\xd7\xaf\x80HS\xd3\x80\xde2\x8a\
\x00\x1c\xd1n\xab3\x9d\x0f$<\xe5\x0b3\xb3\xd9\x22\
m\xe7\xf6^no\xdf3\xef\xd9%\x9d\xb9\x81J\xd0\
5\xba\x04p\xd0e\xb5\xe4\xb7mtu\xcc\x1c\x91i\
\xf4\xd9j\x0b\xcdH~SU\x8f\x0a\xdc\x01@\x81\xee\
\xfc5\xcf\x9e\xf9?a\xdb\x85\x1f\x929\xab\xcf\xac\x9f\
\xb1EZa-\x09\xc6d\xb0g\xe2\x0b\xad\x18\x9a.\
P\x07s{n\x97\x0f\x1c\x00h\x19\xd2\xa5\xb6\x05\x7f\
(\xf9\xc1\xe0\xc7\xf0P\x8f\xb5\xc1\xef!6\x83=\x95\
P\x01N\x1a\x10O\xaf\xcf\x95\x00\xaaXj\x95\xe4\xf7\
\xb2\x92\x9fp\xd2\x167\xfa\x90\xad\xf7\xedz\xe4\xbaA\
\x85:X\x02\x00\x89\x8c*Xb\x05\xf9kX\xef3\
\xeb\x0f\xdb\xc2\xda\x01\xa7l\xb3\xcf\xc2\xd9\x06I\x03\x82\
0\xe9'2\xb6Xj\xba\x19\xb2Wtqo\x9f\xf5\
\xbe5\xf5~\xd1\xe7\x178i\xbd.W\xf4uo\x08\
\x06L\xee\x018>(\xf9s\xb6P\x88g1\x09\xfa\
\x99\xe0\xb7\x5c\x05\x06M@\xba\x053\x13]\x9bt\x0e\
\x02\x98\x1b\xfc\xbc\xa6\xab\xb0\xde\xb7\xd9\x16\x1eb?\xd2\
[\xb92@\x11\xa8\x5c\x96\x80\x87\xb9\xa5\xbd\x1f(F\
5\xae\xc7\xa9>\xd6\xfb\x19\x13x\xe1\x80\x13\x91!\x00\
\x1f\x80`n\x02\x82\xb9&:|\x22\xad\x102=\xeb\
}\x00\xf0,/{\xc6\x8c\x11\x81(\xaeN\x080\xd3\
\xc4l\xc7\xe0\xcf\x9c\xe2\xf3,\x0f\xfe\xb4\xc1\x93}\x13\
D\xdd\x90.K\x88\xe8\x0c5\xc4A\xd8\xe9\xcf\xb3\x85\
\x07{Gz\x19\xfc\xe3\xec\x03`^B\x15sM\xf0\
\x11\x09\xc2\xc3<`\xf0\x87\xaf\x22\xb3\xdd\xf1Sv\xee\
\xf1\x97\x143\x8a\xd6\x04\x04\x1d\xb1w\xf8 l\xf8\x95\
\x93\xedf\xd5\x03+.\x00\xae\x9a\xa9\x98R\x0f\xb47\
\x01mM\xd1p\x9c\xe3\xfd\x8a#\xa7\x81\x9e}\x82-\
\x1f\x8fcA\x11vw\xa3\xd0\xe9\xbfz*\xb0f\xb1\
bF\x1bp~\xdbd|\x9f\xd1\xfff\xff\x90\xe2\xf8\
\x19 \x99\x06\xf6\xf4\x0a~\xb9\x1fx\xff\x8c\xc5\x04\x10\
 !\xdd\x1b\x83-\x80\xdc\x1a\xef\xe0/\xfds\x7f4\
\x1b\xb8i\x8e\xe2\x92\xcexd\x89W\xdeW|\xf37\
g\xff\xaeQ\xd9\xe6\xbb\x7f!\xb0\xfaJE\xc2\x8d\xbe\
m{\x8f+^\x7f_\xf0\xf4N\x1b\xa5\xa2\xaato\
\x0cv\x01\xb2\xc8\x96\xe0\xbf\xf1<\xe0O\x17+.\x9e\
\x1e?y\xb8\xe5]\xe0;c9\xaaF\xe7\xfc\xfe\x9d\
\x17\x01\x0f.\x8b\x9f/}|R\xf1\xfc\x0e\xc1\xf3\xfb\
\xad\xaa\x01\xd4\x81\xa21\x96\xc1\xef\x97\x1e\xfc\x7f{\x95\
\xe2onB,\x83\x1f\x00n\x9a\xa7\xb8\xa6ct\xf0\
\xbb\x11\x09\xfe\x19\x0d\xc0=\x9f\xd1X\xda\xf6\xfcv\xc1\
\x837\x01\xff\xb2R1\xa3\xd1\x1e\x0a\x88\xe5\x08\x90[\
\xe2h\xef\xacz\xe0\x89\x1b\x15\xcb\xe6\xc5\xbb)\x94p\
\x05\xb7^4:\xf8\xa32\xe0\xb3\xfc\x02\xa0\xa5!\xde\
6^0K\xf0\x8dn\xc5\xe2\x0e\x0b\xc2_\x11\xbf\x19\
@\xd7\xcfno\x8d\x0fW\xb4\x02\x8f\xdf\xac\xb1\xcd\xfa\
#1\xb3U#\x19\xfc\x000\xef<5\xc2\xc6\xe7\xb7\
\x0b\xfe\xf1v\xc5\xb2\x19\xc6\x0b\x008\x88\xd1 P\xa9\
\xc1\xdf\xea\x02_\xbdNq^\x8b9\xdbA\xd3Z\x10\
\xd9\xd1\xde\xa9\xcd\xe6\x84Fc\xbd\xe0\xcb\xb7\x98\xaf\x04\
\x9c\xb8\x9c\x02,5\xf8\x01\xe0\x1f\xaeUt\xb6\x9a\xb5\
\x17|\xe4Tt\xe7\xfa{O\x99e\xeb\x96F\xc1W\
oQ\xb4&L&\x808|\xc92\x82\xff/.\x01\
\x16\xcd4o\x10\xe4\xc3\xe3\x88\xec\xa1\x9e\xfd\xc7\xcd\x0b\
\x90\xf3\xdb\x05\x7fw\xb3\x92\x00&\xadJ)\xe3,\xff\
\xfcf\xe0\xb6K\xcd[\xb4S\x03\x8ag\xdf\x8d.\xa9\
=\x7f\x108x\xcc<\xbb_v\xa1\x18\xdb\x0f\x884\
\x01\xe4^\xc5]\x22>\xbfP\xd1Xg^\xf6\xff\xd9\
\xdb\x82#\xc9h\x7f\xc7\x1f\xbc!\xf0|\xf3H`\xcd\
\x12%\x01\xd4<\xf8\xcb\x18\xef\x9d\xdf\x0c|\xfaB\xb3\
\x16\xe9\xf8\x19\xc5\x13[\x81\x9e\x8f\xa2\xff]w\x9d\x02\
\x1e\xff\x85\xa0\xb7\xcf\xac\x80Y0Kp\xa7\x81\xef\xcd\
\x8af{#\xdb\xe5.\xe3`\xcf\x9d\x17c\xc2#\xa8\
\x9e\xaf\xe8=9\xf9f8\xd8\x07\x1c<\x01l< \
8\x1d\xa3\xcb,\xde>\x01|\xb9G\xf0'\x17\x03\x9f\
\xea\x00\xe6N\xd3\x8a\xf8\xc4\x84j\xf9\xb6\xb0\xb3?\x11\
\x5c7W\xf1\xfc~!\x01T5\xf3g\xc7Z\xcb<\
\xd5w\xc9\xb4\xf2\xcf\xbf\xbf\xf3QXc\xbf\xd9\x17\x8d\
E\x8e\xfb\xfd}\xff\x9d\x1b\xab\x95\x89\x05~\xaa2\xbb\
\x1e\x8b;\x80\xdb\x16\x00\xcb/+\xef\x9c\xc2\x82\x99@\
k\x02\xb1\x22\xe3\xd8\x11\x803\x81k\xbb\xe77\x03\x17\
\x9dW\xfag\xfb\x93\x8ag~#X\xffQt\x82M\
<\xf0H/P\xd1\xdb{w\xf5\x01\xbb\xde\x04^\xde\
/\xf8\xab\x15\x8a\xb6\xe6\xd2\xfe\xde\xc6z\xc1\xb2\x0b\x80\
\x9e\x0f\xd9\x03\xa8\x8a\xecO\xa4&vg\xff\xf5\x9d\xe5\
}n\xc3n\xc1\xfa\x08\xd5\xd7R\xc6\xb6\xa7\x91\xf0\xaa\
s\xa6\xff\xedc\xc0\xda\xff+\xef\xef\xbd|\x96Y&\
\x8e\x0c\x01\xb8\xfe\xc4\xaf\xf1\xeah(\xfd3\xef\x1eU\
\xfc\xf4@\x84\x82?\xc8^\xe3e9|T\xf5\x0d\xbd\
[\x0f\x01\xbf~\xaft;OmV\x12@\xe5k]\
\xc0\xa9\x00\xd3\xb76\x94\xbe8{?\x96h\x05?\xef\
\xac\x1f~qG\x95\xf1\xce\xa1\xd2\xed\xdc\xd2\x00\x12@\
\xa5\x9d\xbeR/\xedh-cqv\x1d\x8b\xd0bx\
\x0c~\xcd\xbe\xb2\xab\x06vx\xa3\xb7\xf4\xcfLi$\
\x01T\xb4\xeew+\xc8\xf4\x1de\x9cjx9\x22\xe3\
\xab\x8e\xe5\xf7\xf6\xe7\x12B\x0d\xedpd\xa8\xf4\xcf4\
\xd4\x91\x00*\x86\x84\xc7\x1b|\xc3\x12\xc8\xf27\xf6d\
\xe1\xf1\x22Ok\x08\xc0\xf5\xa2q\x8bM\x14J \xbe\
\xb4\x02Uo\xfa\x11\x11\x22\x00\xd7\xd7\x8a4\xfd\xe2_\
\xf0f\x9b~\x96\xa3FM?\x22\x02\x04\x10\xeeq3\
\xf8\x81l\xff\x83\xb6\xe0\xdbzm!\x00-\xeft\x9f\
\x91\x86g\xd3o\xb8\xee\xa7\x1d, \x00-\xeft\x9f\
\x91Fg\xd3oX\xfa\xb3\xee\xb7\x83\x00\x1c\x9fM\xbf\
\xac\xd3\xb3\xe9\x97\xbf\xdfO\x18O\x00\x12\x00.3\x1e\
\x04\x95\x9d{\x88\xb5-(\xfd-!\x00\xd6\xfd\xc3N\
\xcffW\x08\x1f|k\xaf-\x04\xe0\xfadz \xdc\
\xfd`\xdd\x1f&\x04\xf0\xb0\x93\x1d\x04P\xa9C>&\
8=O\xf8e\xc0\xdd\x0fK\x08@3\xd9\x9fu?\
O\xf8\xe5K\x7f&\x04\x0b\x08@\x81\x04\x9d>$\x00\
\x8e<\x0fK\x7f6@\xed \x00\xa7\x02\x97{\x18\x11\
\xfc\x01\xaf\xf5*\x90\xfe\xf4\x09\xf3\x09\x80[~#\xa5\
?A\xe9o\x0b\x01hx\xca\x8f\xc8\xecs3\xe3\x85\
\x03?\xf4\x09;\x08\xc0\x09@\xe9O\xe9_h\x0bn\
\x03\xdbA\x00\xc2\xae\xff\xb0\xf4g\xc6\x0b\x11\x00\xf0h\
\x06+\x08\xc0\xf1)ys\xd2\x9f\x19/\x04\xcb ;\
\x08@8\xf0\x93)x)\xfds`\xe3\xcf\x1e\x02H\
\x04\x94\xbc\x00\xbb\xfe\xa3\xb3?a<\x01\xb8\x94\xbc\x19\
\xe9\x0f\x0e\xfc\xe4\x07?ma>\x01\x88R\xfa#S\
\xe5:l\x80\xe6\xca 6\xfel \x00\xee\xf9\xe7e\
\x7f6\xbb\x0a\xa5?ma<\x018\x01%o\x96\x08\
\xd9\xf8\xcb\x80\xe7\xfc-!\x00\x05\x5c6\xfeB\x03\xb2\
\xf1\x97G\x00\xb4\x85\x15\x04\xe0\x06`\x93\x07\x99\x89?\
\xdaa8\xfb\xb3\x1fd\x01\x01(\x1b^\x00\x0f\xfb0\
\xfb[J\x00\x9c\xf8\xcb\xcbx\xb4\x03\xb3\xbfM\x04 \
\x9a\x91\xff\xcc\xfe\x9c\xf7g\xf6\xb7\x8f\x00\xf8\xfe\xfa\x0c\
\x01P\x051\xfb[G\x00\x0a8\x11ox\xf5\x0d\x96\
\xf6\xfb^9\x99K\xc3\xa9?\xc2\x8c\xec\x7fj\xa0\xb4\
\xef\x9fL[J\x00q\x18\xfa9t\xaa4\x82:>\
P\x86\xc1\x98\xfd\x8d\xca\xfeGO\x96\xf6\xfb\xbf?n\
!\x01H\x10\xfd\xec\x0f\x00;>.\xed\xf7\x8f\x9c*\
#\xfbs\xd0\xc5\xa8\xda\x7f\xdf\xd1\xd2\xd6\xf3\x83cb\
\x1f\x01\xc4e\xe4\xf7\xe5\xe3\xc0;\x1f\x8d\xef\xbb\xf6'\
\x15O\xed,m1\xb9\xfdi^\xed\xff\xd3\xdf\x02\xc7\
O\x8fo]{\x8f+\x9e\xdei\x9b\x02\xd0x]\xf3\
\xf5\xdd\x1d\x82\xe3\xfdz\xce\xda\xff\xd9\x9d\x82}\xa5\x94\
\x00\xcc\xfe\xc6e\x7f\x008\xed\x01?yM0\x94:\
\xfb\xf3\x0c\xa5\x14\xff\xfe\x8ay\xeb/\xdd\x1b\xf5\xacO\
\xee\xa65\x16\xf2?\x1f\xad.\xf0\x97\x97+\x96\xcd\x1b\
\xfd\xbd{O*\xfem\x9b\xe0\xcd\xbe\x12\x99\xd2S\x12\
@~\xf67\xac\x196o\x0a\xf0\x95\x1b\x15\x17\xcf\x18\
\xbd\xc6\xfb\x8f(\xbe\xfb\xb2\xe0\xfd3\xb0\x8c\x00\x14\xa8\
\x8b\xf1B_\xd1\x0a,\x9e\x0a\xcci\x07N\x0e\x01\xef\
\xf5\x01[>.\xc3H\x00\x9c$\x9b\x7f9\xa4\xd4\xd8\
\xad\xbfe3\x80K\xa6\x03\xd3\xa6\x00\xbd}\xc0\xdeO\
\x80\xb7\x8f\x99\xbb\x94g%\x00\xd7S\x9e\xf7\xcf\xd4\xfe\
\xe2\xd1\x0e\x00\xc2\x8b>S4\x83\xf9=\x00\x0d\x8f\xfc\
\xda\x0e\x01\xf7\xfdM\xac\xfd\x89s\x10\x00\xf7\xbb3\x04\
@;\x14$\x85\xf0\x0c\x04a6\x01p\xe6\x9f\xd9\x7f\
\xcc\xec\x0f\x92\xa1\x0d\x04\x10J\x7f.tx\xb7\x1d\xed\
@\xf9o\x13\x01\xf0\xb6\x9f\x5c\xf6\xe7\xe0\xcf\x88\xec\xcf\
\xcbO\xcc'\x00\x87\xb7\xfd\x84\xa0\x0a\x1aa\x0f\x92\xa1\
%\x04\xc0\x85\x06\xb27\xfd\x12YU\xc8\xcb>- \
\x00\xdeq7\xec\xf0\xb4\x03k\x7f\x0b\x09\x80\x0b\x0d\xd6\
\xfec\xd7\xff\x84\xe1\x04\xc0\xad?d\xab~\xa1\xc3\x17\
\x06?\xd5\x90\xf9\x04\xc0\xad\xbf\xfclG;P\xfe[\
F\x00\x94\xff\x19\x83\xb0\xf9\x87|U\xc8\xfb\xfel \
\x00E\xec\x8e\xfcV\x05TA\xac\xfdm$\x006\xbd\
\xb2e\x10\xedPH\x88\xb4\x87\xf9\x04\xa0\x80\xcbuf\
\xf3\x8f\xf2\xdfN\x02\x10\x05\xbb\xbc\x94\xff\x94\xff\xb6\x12\
\x00eoF\x01\xb0\x0c\xa2\xfc\xb7\x10\x09Sn\xfc\x99\
\xdf\x0c\x5c\xdaV\xbe\xfc\x07\x8f\xfd\x16\xca\x7f\xde\x80T\
\x14\x07O\x01\xbb\xfa\x0c!\x808\x7f\xf9\xec\xe5\x9fK\
f\x03-\x0d\x13uX:<1~\x0c\xa5\x14\xbb?\
\x02\x9e|Cpd(\xc6\xca\xf7\xceg5\x96Z\xef\
\x9a\x0e\xe0+\xd7*\xceka\xe0\x12\x93\x87\xfe!\xc5\
O^\x15\xf4|\x18\xd3\x1e@\x5c3?\x83\x9f\x88\x02\
Z\x1a\x05_\xfc\x03\xc5\xbc)$\x80\x9a\xe1\xe1\xc5`\
\xf0\x13\x91Ac\xbd\xe0K\xcb\x94\x04P+,\xecd\
\x87\x9a\x88\x16\xe6vR\x01\xd4L\xfe\x9f\xd7L\x87#\
\xa2\x85\x84+X6\x83\x04PuLqCc\x13D\
\xd4P\xef\x92\x00\xaa\x8e\xde\x14\xce\xf9\xf2O\x82\x98\x0c\
\xbcu\x94\x04P\x13|\xd4Gg#\x22\x96\x98\x8e+\
N{$\x80\x9a\xe0\xa9\x9d\x82\xa14U\x00\x11\x1d\xfc\
\xd7[\xf1,KcI\x00\xfb\x06\x80\xf5;\xd9\x07 \
\xa2\x81\x97\xf6\x00[\x0f\xc5\xf3\xbb\xc7v\x14\xf8\xa7\x07\
\x80\xde~\xe0\x0bK9\x10DL\x0e\xfa\x87\x14\xff\xf9\
\x86\xe0\xf9\xfd\xf1}\x86\xd8\x8e\x02\xe7c\xc5\xf9\xc0\x82\
\x0e\xa0\xbdq\x9c\x1fPd\x8e\xff\x129\xd0\x1e\xe3\xc6\
@\x12\xd8\x7f\x1c\xb1\x1d\xff5\x8e\x00J~h\x1fp\
x\xfa\xaf\x90\x10\x934\x83\x8dpl|hQ6\x10\
\x99\xfd\x09{\x09\x80\xb7\xdd\x8c \x00\x12\x22\x09\xc0&\
\xb9\xcb\xb3\xffT\x00\x84\x9d\x04 t\xf6\xd1\x84\xc8;\
!I\x00\xac\xff\x99\xfd\x09\x12\x00\xeb\x7f\xeb\x14\x00\x09\
\x91\x04\xc0\xfa\x9f\x0a\x80 \x01\xb0\xfe\xb7\xb4\x07@\x90\
\x00X\xff[\x1a\xfcl\x00\x92\x00X\xffS\xfe\x13$\
\x00\x1b(\x80+N\xf9OXI\x00\xccvc\x10\x00\
\x19\x80\x04`M\xfd\xcf\xc5\xa6\x02 ,&\x00z;\
U\x11\xc1\x12\x80\xc8\xb3\x07{\x22$\x00\x1b\xb2?K\
\x00\xca\x7f\xc2^\x02PN\x00\x163\x0aA\x020\x1f\
7\x9d\x0fL\xaf\xe7b\xb3$\x1a\x1f\x9a\x12\xc0\x8d\xb3\
\xc3\xff\x9a\x0ec\x1f\xf1\xb6\x19\xc0\x1f^\xa2\x98\x96w\
a\xe8\x99A\xc5\xef\x8e\x02?\xde)\x18\xe4\x95`\xc4\
\x08\xdcw%p\xe5\xa7\x14\xed\x19\x9f\xb9\x0f\xc0\xc9~\
\xc5+\xbf\x13\xac{\xd7\xd0\xf2\xd8\xc4;\x01\xffz\xa9\
b\xe1\x8c\xe2\x92\xff\xe4\x80\xe2\xc9\xd7\x04\xfb\xceX\xec\
\xedI\xe5\x18p\x06\x176\x03\x0f-Wt\xb6\x17\xb7\
\xc7\xc1O\x14\xdf\xfe\x95y\x89\xc3\xb8\x12\xe0\x9e\xb98\
k\xf0\x03@{\xb3\xe0\x8b\xd7X^\x033\xf8s\xb8\
\xf7\xea\xb3\x07?\x00\x5c4]\xf0\xe7\x06\xfa\x8cQ\x04\
\xb0\xa0\x05X\xb1`|\x8b\xd4\xd9&\xb8w\xa1\xad\xc1\
\xcf\xa0\xcfb\xd5|`\xc1\x05\xe3#\xc3\xcb?%\xb8\
q6\x09 \xb2\xb8j\x1a\xe0\x96\xf0\xe6\xe0\xf9\xd3\x95\
\x04`9.\x9bY\x9a1\xae\x9a\xad$\x80\xa8bv\
[i\x8b\xd3\xd9N\x05`;\xa6\xb5\x95\xf6\xfb\x9dm\
 \x01D\x15\x9dSJ\xfb\xfd\x86\x84\x90\x00l'\x80\
\xd6\xd2|\xa0\xb5\x91\x04@\x90\x01\x08\x12\x00\xc1\xf8'\
H\x00\x04\x09\x80 \x01\x10$\x00\x82\x04@\xc4\x82\x00\
8\x04D\x90\x00\x98\xfd\x09\x12\x00M@\x10$\x00\x82\
\x0a\x80 \x01\x10\x04A\x02 \x08\x82\x04@\x10\x04\x09\
\x80`\x0f\x80 \x01\x10\x04A\x02 \x08\x82\x04@\xb0\
\x04 H\x00\x04\xe3\x9f \x01\x10\x04A\x02 \x22\x0f\
\xa1\x06 H\x00\xac\x01\x08\x82\x04@\x10$\x00\x82 \
H\x00\x04A\x90\x00\x08\xc3[\x00\xc2\xdb\x80\x08\x12\x00\
A\x10$\x00\x82 \x01\x10\x04A\x02 l\x00;\x00\
\x04\x09\x80\x0c@\x10$\x00\x82 \x01\x10\x04A\x02 \
X\x02\x10$\x80X\xa3?Y\xfag\xe6O\xa1\x13\xd8\
\x8a\xa6D\xe9\x9f\xf1\x95\x04\x10]\x02H\x97\xfe\x99\x05\
S\xa9\x00l\xc5\x95\xd3J\xff\xcc@\x92\x04\x10Y\x9c\
\x1e*\xdd\xbb\xe7OS\x12\x80\xa5X\xd8Y\x86\x8f\x0d\
\x92\x00\x22\x8bS\xa9\xd2?s\xc5l`Q\x1b\x83\xc1\
6\x5c\xd8\x0c\x5c{I\xe9\xe4\x7f\x86\x0a \xba\xd8s\
\xa2\xf4\xcf\xb8\xae\xe0\xf3W+\xa6\xd7\xdb\xa4\x02\xec\xbe\
\x15\xa4)\x01|\xf1zEC\xa2t9\xf4\xfb\x13B\
\x02\x88*v\x9d\x06N\x0e\x96\xee\xdc\x9dm\x82\xbf_\
\xa1Xq\x01\xcb\x00\xd3\xb1\xa8\x03x\xacKq\xd1\xf4\
\xd2\x8d\xe0\xfb\x8a\xd7\x0f\x9ae\x8f\x84i\x0b\xfc\xde'\
\xc0g.*\xfds\xcd\xf5\x82{\xae\x01n;\xa38\
v\x1a\xe8\x1b\x98\xdc(\x19\xf0\x80\x83'\x81\x97\x0f\xc7\
{=\xae\x9b\x01\xcc\x99\x0a\xb45N\xee\xf7hiT\
\x9c\xdf\x0et\xb6K\xd9\x0cx\xe8\x04\xf0I\x8a\x04\x10\
il;,e\x11@\x16\xd3\xa6\x08\xa6Ehk\xf0\
>\x00\xbf\xebU|o\x9b`\xd0\x8b\x8f\x02\xb8\xefJ\
\xe0\x86K\x15\xae\x1b\x15\xb91\xf1\xef\xb1\xf7\x90y\xd2\
\xc9\xb8A\xa0\xd7\x8e\x03\x07\x8e\x99U\xe3^:K\xf0\
\xd8-\x8a\x0b\x9b\xa2O\x00M\x09\xe0\x1b]\x8a\x1b\x17\
!B\xc1_\x01E\x96Rlx\x0f$\x808\xe0\x85\
\xf7\xccc\xea\xf6f\xc1\x9f]\xab\x91g\x80/,\xd5\
\x8c\xcc6\x0b\xff\xf3N\x05\x15\x18\x09\xa0\xbax\xbb\xcf\
<\x15\x00\x00\xb3:\x04\xab\xe6F7\xfe\x17u\x00W\
\xcf3/\xf8\x8f\x9dVl\xdc\x07#a\xecY\x80\x1f\
\xee\x10\x9c\x192\x8f\x04\xe6thdW\xfd\x8a\x99\xe6\
\xf9Q\xd2S\xfc\xe4Us\xb7M\x8c%\x80\xa3i\xe0\
\x87o\x0b\x92\x9eY$0\xab#\xba\x0a`V\x87y\
\x84\xbb\xee\xd7\x82\xdd}0\x97\x00\x14\x9a6\xf5\xe1v\
\x9d\x06\xd6m\x0f\xf7oM\x81\x1fT\xaa\x0dPy\x9b\
x\x81Y\xfe\xb3u'\xb0\xe5 \x8c\x86\xf1\xc7\x81\x7f\
q\x18\xf8\xd1\xeb\xe6(\x81\xa3\xa7*E\x00\x95\xffn\
\x87\x0c\x99\x92\xf3}\xc5so\x01?\xdf\x09\xe3\xe1\x00\
\x08L\x7f\xc27>\x01\x9e\xf8\x95\xe0\xd8\x99\xf8\x93\xc0\
\x9e\xa3\x12Y\x02\xd8\xfbq\xfc\xd5\xd6@J\xf1\xa3\x97\
\xc5\xd8\xa6\xdfH\x15h<\x01h\xc6\xd3\xf7\x9d\x01\xbe\
\xf1+\xc1\x1b\xfb\x10[5\xf0\xdea\xc5\x96C\x15\xb2\
K\x15^\x10\xb2\xbb\x0fxk_|U\xc0\x8e\x03\x8a\
oo\x16\xbcq\x04\xd6 \x01`\x08@\x93\xb1O\x98\
\xe7\x8f\x83\x1e\xf0\x1f;\x81\x0b\xdf\x17\xfc\xf1b\xc5\xe5\
\xb3\xe3\xe3\xac'\x07\x14?\x7f\xa7r\xdf\xb7Z/\x08\
\xfa\xd9o\x81\xce\x0e\xc5\xdc\xce\xf8\xd8\xf6\xc0Q\xc5\xba\
\xed\x82\xdd}\xd6\x1d\x92PY\xbd>8,\x81\xcc0\
6\xfe\x03\xc0)\xd2\xe6\x9c^\x0f|\xf6\x02`q\xa7\
\xe2\xa2\xe9(\xebtX-\xf0\xf6\x07\x8a\x1f\xef\xac\xf0\
 J\x00\xa0\x8as\xedw_\x02\xac\xbcJ#;\x0d\
x\xe0\xa8\xe2\xbd\xc3\x82W?\x04~?\x00;\xe1\xa8\
\xca\x1d\xebu\x8f\x1b`\xa1\xc9\xcf\xe9\x8e\xf3\x0cwS\
\x02\xf8\xcc\xf4\xe8|\xef\xfe$\xb0\xedD\x15\xff\x81\xa1\
\xea?\xc3\xa2\x0e`ZKtl\xba\xe7c\xf3\x0e\xf4\
\x94\x8d:\xf5\x13\x10}\x1f\x10\xa3\x09@E!z\xee\
L4\xe8\xc5\xff\xf4]i\xf2H\x01\xadn\x86\xde\xdd\
\x07\xa0\x8f\xb1\x16E\x04\x0e\xfa\x1d_\xc4\xfc~'\xaf\
\xc1*\x22\x01i\x02\xcb\xd7\xff\x88\x03\xc1\x9b\x80\xd2\xd1\
m\x04_\x15n5\xfczy\xd9Q\xe8a\xd3/\x88\
RJ\x00*#bT\xf9\xe7\xd5\xeb\xeb\x0e\x029\x10\
8tt\x96\x00\x84MP\x17P\xc5\x01gp\x0a\x0e\
\xa8#tt[\x15\x80\xe5\x17\x84\xda\x8a !@ \
\x07\x9c\x97VHR\x1d\xfd\x8d\xd9%\xc0\xf0\xff\x13T\
G\x04\xe0\xd7\xeb\xc0\xe6\xbbd\xaf\x93\x09\x8d\x9djx\
\x80\xa8\xcbE\xa7:\x22\xb2\xf5\xbf_\x8f\x1d\xb9\xe5\x17\
\x95\x1d\xea\x9a\x9d\x0a\xd8\x08,\xe6\x0c\xb4\x8b\x8d\xf5\xbf\
\x00\xdbs\x04\x10@\xb7\xfb\xa6g\x02f\xba\xb1\x9d\x81\
v\xb1\xaf\xfeo\x10\xa8\xe4)\x80\xa6\xb4\xbc\x06\x01\x02\
\x93\x1bBt\xf4\xe2\x02\x80\x8d@\xab\xe4\x7f\xba\x19p\
U^\xcb\x85\xc5\xfa5r\x12\xd0m&\xef\x06\xb0\x11\
Hr$\x00\xad\x03\x00=\xf1\xc2j\xd9Q\xb0\xf4\x0a\
Yo\xfa<\x00\x1b\x81\xc5\x08\x80}\x00[\x90n\x12\
\x00X7\x9a\xfb\x03l5\xbd\x0c`#\x90\x0a\xc0\xee\
uV\x04\xf5\x80\xaa\xfc\xef\xa8\xa5\x1fh\xc1kP\x1d\
\xf4\x13BG\xb7\xae.d\x1f\xc0\x06xM\x99\xd8v\
\xb1uTH\xbc\xb4B\x92*Xg\xb2\x0a`\xc7\x9b\
\xe4hs\xf6\xf7\x9a\x01U}\xb5\xe7v\xf9`\xcce\
W\xc5\xd3\x00`\xb2\x0aPf\xba\x22*\x80\xe5\x91\x15\
\xd9_\xc2\x18\x1f\x93\x006\xafvz\x14\xdakt/\
\x80\x8d@\xda\xc5\xd2\xec\x0f\xd5\xc1\xc6\x94<s\x0e\xe1\
'O\x0e\xab\x00\xf3H@\x99\xe9\xd8\x07\xb0\x0c\xa9\xd6\
\x5c\xf6\x7f&\xdc\xf2?\x0b\x018\x8a\x1fd\x1d\xc27\
p<X\xb3\xa7\x1f\x08\xaa\x00\x0b\xa0\xf5a\xe7?\x13\
\xd3O\x8e\x8a\xf7\x91?\xd8\xb4Z\x8e@\xf5Y\x00\x08\
\x1c\xc0\xc4CBl\x06\xb2\x0f`\xc7z*\x92m\xd9\
5\xd5m/\xde\xe1\xbc~N\x02\x00\x00u\xe5\x11\xa8\
\x0eB\xccl\x08\xb2\x0c8\x9b\x02\xa0:2\x05A\x93\
\x0c\x1f\xf7\x16|i\xcc\xf6\xc0X?\xec\xb9]>\x10\
\x09K\x01u\x80\xc00iH\x05\xc02\xc0x\xe9\x9f\
P\xa4\xb2\xd7\xb1\xab>;V\xf6/J\x00\x994\xf9\
-\xa8\x0e\x02\x80\xef\x9a\xb5}&\xec\x03\xb0\x0c0\x5c\
\xfa\xa7\xdb$/\xc8\xe5\xb1b\xbfZ\x94\x006\xad\x96\
#*\xf2\xad\xec\x9f\xbd\x84\x18\xd3%V\xaa\x00*\x00\
ss?Rm\x92\xa7\xdaum\xf6\xe0Oi\x0a\x00\
@\xcf*yLU_\xcd\xd4\x10!\x09\x18\x929\x95\
\x07`\x8ad\x0f\x00\x0e\xd5Ql\xeb\xfef\x19\xee\xfa\
\xab\xee\xefo\x92/\x9d\xed\xf7\xcf\x99\x075\x90\x07\xb2\
\xa5\x80\x0a\xe0\x19\xb25H\x05@r4.\xf8\x1b0\
\x5c\xf7\x03P\x95\x07^Z!\xc9\x09\x11\xc0\xe6\xbbd\
\xaf\x0a\x1e\xc9\xfd\xa5n\xd8\x130!\xd3q,\xb8\x88\
iX\x06\xc4\x0f\xf5\x8aT[~!\xa0\x8f\xf7\xdc9\
|\xea\xafl\x02\x08K\x01\xe7I@\xd7\xe6\x98\xc65\
cg\x80\x99\x8ee\x80\x11\x8a-\xa1\x18j\xcf\xf7e\
\xdd4\xd0T\xbc\xf1W2\x01\x00@XK\xe8\xa6\xec\
\x9f}\x17\x08\xdc\x98;\x09\xcb\x80\xb3\xd8\x86\xe4\x18\x97\
\xe0ON-\x08\xfem\x0d)\xb9\xf7\x5c\xd2?\x9f\xeb\
\xc7\x8d\xe5[\xb4\xa1eP_\x05\xe4\xd39?\xf1\x01\
\xd7\x8f\xb1\x9f\xa7\xc6\xf7\xe6`\xfb<\x0b@\x92f\x88\
\xf4\x12\xd5+\x92\xf9\x99_u\xbf@n\xd8\xb4Z\x8e\
T%\x07\xbe\xb4B\x92\x0d)\xb9\x15\xd0m\xf9\xe5\x80\
\x9f\xc8z\x0cU\x00\xcb\x00\xa2\x16\x08\x1a0*\xf8\xd5\
\x95[K\x09\xfe\xb2\xdc\x7f\xfd\x1a9\x99!\x81\x5c9\
\x108\x80W'P\x8d\x9f\xc3\xb0\x0f\xc02 n\xd2\
,hFA\xc3\x0f\xd0m\x02\xb9!\xff\xa2\x8fRx\
\xbelto\x0c\x9e\x02\xe4\x81|\xd9\xe8z\x0a'f\
\x92\xdaM*\xf8\x8e\xacbe\x00m\x13\x1dU\x96\x19\
\xf2\xa9/X\xa4M\x0d)\xb9w\xe41\xdf\x9a\x08\xe0\
\x17W9\x0f\x22\xd0\xaff\xe7\x04 \x80_'\xb1k\
\x0ej\x82\xbeU\xbc\x0c\xa0\x19\xa2\xe1\xa3\x8a\xd4\xd4\xc2\
\xe0W\xe8\xe3\xfdM\xb2\xa6\xdc\xe0\x9f\xb0\x02\xc8b\xe5\
s\xbaP\x1c]+\x227\xe4\xfe\xe2\x00p<\x85\x13\
\x87\xec\xa1\x80\x9b\xa2\x93\x8d\x09\x1f@\x9af\x98\xcc\xac\
\xef7\x0a\xd2S\x0a\x02\xbfW\x15\x0fl^\xed\xf4T\
\x82\xe3+\x86\xae\x8d\xc1?\x0b\xe4\xeb\x05\x81\x15\x00\x8e\
\x1f}\x19\xc9\xdd\x80\xb3 \xa9\xe1\x18(Q[\xd4e\
\xf6\xf7\x0bL\xafk\x1bR\xf2\xc8D\xb2~\xd5\x08\x00\
\x00\xba6\xe9\x1c\x04\xfa\xb8@\xee\xcd#18\xbe\xc2\
\x09\xa2\xebD\xe2\x03\x8eG\x9f\x1b\x13\x9e\x02\x1e\x09\xa0\
v\xd9H\xe1\xb5\x08\xbc\xc6\x82\xc0\xff\xa5\x06\xf2\xd8x\
\xa6\xfb&\x95\x00\xb2\xb8c\x83.\x09\xa0\x8fBdM\
>\x11\xb8^43\xad\x00p\xd8\xf0*Z\x22q&\
\xa0F\x81\xdf$\xe1\x05\x9e\xc3\xc6\xdf\xa6\x81<R\xe9\
\xc0\xaf:\x01\x8c \x82\x87 \xf8\x1c Ss\xa5A\
\x04w\x0b\x1cO!>\x09`L\xa4\x15\xa0mj\x16\
\xf8\x0a\xfd\xb9*\x9e\xaeD\x9d?\xa9\x04\x90\xc5\xf2-\
\xda\xd0<\x80\xcf\x01\xfaP\xaeY\xa8\x80\x1b(\xe0#\
\x12\xcdB\x09\x00\x87\x0d\xaf\xb1\xc1f`\x85\x9dM\x81\
\x04\xe05\xe6K}\xdd\xad\xc0\x13\x8e\xca\xbaR\x07z\
\x22O\x00\xf9\xb8}\x83\xce\x08\x80n\x88v\x01\xb8E\
 \xb3D\x01\xf1\x15\x8e\x0f\xc8$\xddJ\xc32\xe0\x1c\
`3p\xc2\xb5\x94&\x00\xad\x97\xf0\xd8n\xb8}\xfe\
\xa2\x0az\xd4\x97\xad\x9b\xef\x92\xbd\x93\xe1\xf3\x93\x8e;\
6\xe8\x92@\xf5\x16\x08\x16Bp\x19Tnu\x02@\
\x02\x85\x04\xb5%\x04\xc7W\x08\x1b^c\xc3\xcb\xfc\x8f\
\x18\x7f\xf3\xc4\x05\x82D\xb8\x7f\xef5\xea6\x05\xf6\x88\
\xca\x0e8\xba\xb5\xd8=}\xd6\x11@1R\xf0\xa03\
E\xe4z\x04\x98\xee\xa8.q \x17\x22\xd0\xe9\x02\xb4\
V\xad\x91\xc8\x99\x80\xb3\xda\x86\x93\x81\xc5\xebxu\x10\
\xa8H2\xa8\xd3\xd3\x81#\xdb\xfd&\xbc\xe2\x00\xdbU\
\xf4p\x14\x82},\xfc?\xbbd\xe2#\x1b\xebG\xca\
\x00\x00\x00\x00IEND\xaeB`\x82\
\x00\x00\x04T\
<\
?xml version=\x221.\
0\x22 standalone=\x22n\
o\x22?><!DOCTYPE sv\
g PUBLIC \x22-//W3C\
//DTD SVG 1.1//E\
N\x22 \x22http://www.w\
3.org/Graphics/S\
VG/1.1/DTD/svg11\
.dtd\x22><svg t=\x2217\
83758598259\x22 cla\
ss=\x22icon\x22 viewBo\
x=\x220 0 1024 1024\
\x22 version=\x221.1\x22 \
xmlns=\x22http://ww\
w.w3.org/2000/sv\
g\x22 p-id=\x227503\x22 x\
mlns:xlink=\x22http\
://www.w3.org/19\
99/xlink\x22 width=\
\x22200\x22 height=\x2220\
0\x22><path d=\x22M256\
 232V152c0-17.67\
4 14.326-32 32-3\
2h704c17.674 0 3\
2 14.326 32 32v8\
0c0 17.674-14.32\
6 32-32 32H288c-\
17.674 0-32-14.3\
26-32-32z m32 35\
2h704c17.674 0 3\
2-14.326 32-32v-\
80c0-17.674-14.3\
26-32-32-32H288c\
-17.674 0-32 14.\
326-32 32v80c0 1\
7.674 14.326 32 \
32 32z m0 320h70\
4c17.674 0 32-14\
.326 32-32v-80c0\
-17.674-14.326-3\
2-32-32H288c-17.\
674 0-32 14.326-\
32 32v80c0 17.67\
4 14.326 32 32 3\
2zM32 288h128c17\
.674 0 32-14.326\
 32-32V128c0-17.\
674-14.326-32-32\
-32H32C14.326 96\
 0 110.326 0 128\
v128c0 17.674 14\
.326 32 32 32z m\
0 320h128c17.674\
 0 32-14.326 32-\
32v-128c0-17.674\
-14.326-32-32-32\
H32c-17.674 0-32\
 14.326-32 32v12\
8c0 17.674 14.32\
6 32 32 32z m0 3\
20h128c17.674 0 \
32-14.326 32-32v\
-128c0-17.674-14\
.326-32-32-32H32\
c-17.674 0-32 14\
.326-32 32v128c0\
 17.674 14.326 3\
2 32 32z\x22 p-id=\x22\
7504\x22></path></s\
vg>\
\x00\x00\x00\xb3\
<\
svg xmlns=\x22http:\
//www.w3.org/200\
0/svg\x22 viewBox=\x22\
0 0 24 24\x22 width\
=\x2224\x22 height=\x2224\
\x22><path d=\x22M6 19\
c0 1.1.9 2 2 2h8\
c1.1 0 2-.9 2-2V\
7H6v12zM19 4h-3.\
5l-1-1h-5l-1 1H5\
v2h14V4z\x22/></svg\
>\x0a\
\x00\x00\x07C\
<\
?xml version=\x221.\
0\x22 standalone=\x22n\
o\x22?><!DOCTYPE sv\
g PUBLIC \x22-//W3C\
//DTD SVG 1.1//E\
N\x22 \x22http://www.w\
3.org/Graphics/S\
VG/1.1/DTD/svg11\
.dtd\x22><svg t=\x2217\
84826256819\x22 cla\
ss=\x22icon\x22 viewBo\
x=\x220 0 1024 1024\
\x22 version=\x221.1\x22 \
xmlns=\x22http://ww\
w.w3.org/2000/sv\
g\x22 p-id=\x228655\x22 x\
mlns:xlink=\x22http\
://www.w3.org/19\
99/xlink\x22 width=\
\x22200\x22 height=\x2220\
0\x22><path d=\x22M0 0\
m204.8 0l614.4 0\
q204.8 0 204.8 2\
04.8l0 614.4q0 2\
04.8-204.8 204.8\
l-614.4 0q-204.8\
 0-204.8-204.8l0\
-614.4q0-204.8 2\
04.8-204.8Z\x22 fil\
l=\x22#48B5FF\x22 p-id\
=\x228656\x22></path><\
path d=\x22M819.2 0\
H534.272A756.224\
 756.224 0 0 0 0\
 483.584V819.2a2\
04.8 204.8 0 0 0\
 204.8 204.8h614\
.4a204.8 204.8 0\
 0 0 204.8-204.8\
V204.8a204.8 204\
.8 0 0 0-204.8-2\
04.8z\x22 fill=\x22#4D\
AFFF\x22 p-id=\x228657\
\x22></path><path d\
=\x22M819.2 0h-3.84\
a754.944 754.944\
 0 0 0-539.392 1\
024H819.2a204.8 \
204.8 0 0 0 204.\
8-204.8V204.8a20\
4.8 204.8 0 0 0-\
204.8-204.8z\x22 fi\
ll=\x22#50A8FF\x22 p-i\
d=\x228658\x22></path>\
<path d=\x22M497.15\
2 721.152A751.10\
4 751.104 0 0 0 \
560.384 1024H819\
.2a204.8 204.8 0\
 0 0 204.8-204.8\
V204.8a204.8 204\
.8 0 0 0-89.088-\
168.96 754.688 7\
54.688 0 0 0-437\
.76 685.312z\x22 fi\
ll=\x22#50A0FF\x22 p-i\
d=\x228659\x22></path>\
<path d=\x22M230.4 \
409.6a25.6 25.6 \
0 0 0 25.6-25.6v\
-128a25.6 25.6 0\
 0 1 25.6-25.6h1\
28a25.6 25.6 0 0\
 0 0-51.2h-128a7\
6.8 76.8 0 0 0-7\
6.8 76.8v128a25.\
6 25.6 0 0 0 25.\
6 25.6zM742.4 17\
9.2h-128a25.6 25\
.6 0 0 0 0 51.2h\
128a25.6 25.6 0 \
0 1 25.6 25.6v12\
8a25.6 25.6 0 0 \
0 51.2 0v-128a76\
.8 76.8 0 0 0-76\
.8-76.8z\x22 fill=\x22\
#FFFFFF\x22 p-id=\x228\
660\x22></path><pat\
h d=\x22M409.6 793.\
6h-128a25.6 25.6\
 0 0 1-25.6-25.6\
v-128a25.6 25.6 \
0 0 0-51.2 0v128\
a76.8 76.8 0 0 0\
 76.8 76.8h128a2\
5.6 25.6 0 0 0 0\
-51.2zM793.6 614\
.4a25.6 25.6 0 0\
 0-25.6 25.6v128\
a25.6 25.6 0 0 1\
-25.6 25.6h-128a\
25.6 25.6 0 0 0 \
0 51.2h128a76.8 \
76.8 0 0 0 76.8-\
76.8v-128a25.6 2\
5.6 0 0 0-25.6-2\
5.6z\x22 fill=\x22#E9F\
6FF\x22 p-id=\x228661\x22\
></path><path d=\
\x22M819.2 486.4H20\
4.8a25.6 25.6 0 \
0 0 0 51.2h614.4\
a25.6 25.6 0 0 0\
 0-51.2z\x22 fill=\x22\
#FFFFFF\x22 p-id=\x228\
662\x22></path></sv\
g>\
\x00\x00\x00\xe5\
<\
svg xmlns=\x22http:\
//www.w3.org/200\
0/svg\x22 viewBox=\x22\
0 0 24 24\x22 width\
=\x2224\x22 height=\x2224\
\x22><path d=\x22M10 2\
c-1.82 0-3.53.5-\
5 1.35C7.99 5.08\
 10 8.3 10 12s-2\
.01 6.92-5 8.65C\
6.47 21.5 8.18 2\
2 10 22c5.52 0 1\
0-4.48 10-10S15.\
52 2 10 2z\x22/></s\
vg>\x0a\
\x00\x00\x02\x9b\
<\
?xml version=\x221.\
0\x22 standalone=\x22n\
o\x22?><!DOCTYPE sv\
g PUBLIC \x22-//W3C\
//DTD SVG 1.1//E\
N\x22 \x22http://www.w\
3.org/Graphics/S\
VG/1.1/DTD/svg11\
.dtd\x22><svg t=\x2217\
84083217853\x22 cla\
ss=\x22icon\x22 viewBo\
x=\x220 0 1024 1024\
\x22 version=\x221.1\x22 \
xmlns=\x22http://ww\
w.w3.org/2000/sv\
g\x22 p-id=\x223673\x22 x\
mlns:xlink=\x22http\
://www.w3.org/19\
99/xlink\x22 width=\
\x22200\x22 height=\x2220\
0\x22><path d=\x22M644\
.096 251.904a277\
.333333 277.3333\
33 0 1 0-392.192\
 392.192 277.333\
333 277.333333 0\
 0 0 392.192-392\
.192zM191.573333\
 191.573333a362.\
666667 362.66666\
7 0 0 1 541.2693\
34 480.938667l22\
8.053333 228.053\
333-60.330667 60\
.330667-228.0533\
33-228.053333A36\
2.709333 362.709\
333 0 0 1 191.57\
3333 191.573333z\
\x22 fill=\x22#000000\x22\
 p-id=\x223674\x22></p\
ath></svg>\
\x00\x00\x00\xcb\
<\
svg xmlns=\x22http:\
//www.w3.org/200\
0/svg\x22 viewBox=\x22\
0 0 24 24\x22 width\
=\x2224\x22 height=\x2224\
\x22><path d=\x22M19 6\
.41L17.59 5 12 1\
0.59 6.41 5 5 6.\
41 10.59 12 5 17\
.59 6.41 19 12 1\
3.41 17.59 19 19\
 17.59 13.41 12z\
\x22/></svg>\x0a\
\x00\x00\x01\xa0\
<\
?xml version=\x221.\
0\x22 standalone=\x22n\
o\x22?><!DOCTYPE sv\
g PUBLIC \x22-//W3C\
//DTD SVG 1.1//E\
N\x22 \x22http://www.w\
3.org/Graphics/S\
VG/1.1/DTD/svg11\
.dtd\x22><svg t=\x2217\
83752394036\x22 cla\
ss=\x22icon\x22 viewBo\
x=\x220 0 1024 1024\
\x22 version=\x221.1\x22 \
xmlns=\x22http://ww\
w.w3.org/2000/sv\
g\x22 p-id=\x224457\x22 x\
mlns:xlink=\x22http\
://www.w3.org/19\
99/xlink\x22 width=\
\x22200\x22 height=\x2220\
0\x22><path d=\x22M298\
.666667 298.6666\
67h426.666666v42\
6.666666H298.666\
667z\x22 p-id=\x224458\
\x22></path></svg>\
\x00\x00\x00\xc5\
<\
svg xmlns=\x22http:\
//www.w3.org/200\
0/svg\x22 viewBox=\x22\
0 0 24 24\x22 width\
=\x2224\x22 height=\x2224\
\x22><path d=\x22M6 2c\
-1.1 0-1.99.9-1.\
99 2L4 20c0 1.1.\
89 2 1.99 2H18c1\
.1 0 2-.9 2-2V8l\
-6-6H6zm7 7V3.5L\
18.5 9H13z\x22/></s\
vg>\x0a\
\x00\x00\x0b\x17\
<\
?xml version=\x221.\
0\x22 standalone=\x22n\
o\x22?><!DOCTYPE sv\
g PUBLIC \x22-//W3C\
//DTD SVG 1.1//E\
N\x22 \x22http://www.w\
3.org/Graphics/S\
VG/1.1/DTD/svg11\
.dtd\x22><svg t=\x2217\
84969886160\x22 cla\
ss=\x22icon\x22 viewBo\
x=\x220 0 1024 1024\
\x22 version=\x221.1\x22 \
xmlns=\x22http://ww\
w.w3.org/2000/sv\
g\x22 p-id=\x226591\x22 x\
mlns:xlink=\x22http\
://www.w3.org/19\
99/xlink\x22 width=\
\x22200\x22 height=\x2220\
0\x22><path d=\x22M824\
.956 598.732c-13\
.59-13.59-43.966\
-20.784-89.53-20\
.784-31.176 0-67\
.947 2.399-107.1\
17 7.994-17.586-\
10.392-35.972-20\
.784-49.561-34.3\
73-38.37-35.972-\
70.345-85.533-90\
.33-139.89 1.6-4\
.797 2.399-9.593\
 3.198-14.39 0 0\
 21.583-122.304 \
15.987-163.871-0\
.799-5.596-1.598\
-7.195-3.197-11.\
991l-1.599-4.796\
c-5.595-13.59-17\
.586-27.978-35.1\
72-27.179h-11.19\
2c-19.984 0-36.7\
7 10.392-40.768 \
25.58-12.79 47.9\
63 0.8 119.906 2\
4.78 213.433l-6.\
394 15.188c-16.7\
87 43.167-39.17 \
85.534-58.355 12\
3.904l-2.398 4.7\
96c-19.984 39.96\
9-39.169 73.542-\
55.157 102.32l-1\
7.586 8.793c-1.5\
99 0.8-31.175 15\
.988-37.57 20.78\
4-59.154 35.172-\
98.324 75.141-10\
4.719 107.116-2.\
398 10.392-0.799\
 23.182 9.593 28\
.778l16.787 8.79\
3c7.194 3.997 15\
.188 5.595 22.38\
2 5.595 41.568 0\
 90.33-51.959 15\
7.477-169.467 77\
.54-25.58 165.47\
-46.364 243.01-5\
7.555 59.154 32.\
774 131.098 55.9\
56 176.662 55.95\
6 7.994 0 15.188\
-0.8 20.784-2.39\
8 8.793-2.398 15\
.988-7.194 20.78\
4-14.389 8.793-1\
3.59 10.392-31.9\
75 7.994-50.36 0\
.799-6.396-3.997\
-12.79-8.793-17.\
587zM199.044 821\
.758c7.994-20.78\
4 37.571-62.351 \
82.336-99.123 2.\
398-2.398 9.593-\
8.793 15.988-15.\
188-46.364 75.14\
2-78.34 104.718-\
98.324 114.311z \
m264.594-610.723\
c13.59 0 20.784 \
34.373 21.583 65\
.549 0.8 31.975-\
7.194 54.357-15.\
988 71.144-7.993\
-24.78-11.19-63.\
15-11.19-88.73 0\
 0.799 0-47.963 \
5.595-47.963zM38\
4.5 646.695c9.59\
2-16.787 19.185-\
34.373 28.777-53\
.558 23.981-46.3\
64 39.969-82.336\
 51.16-111.913 2\
2.383 41.568 51.\
16 76.74 84.734 \
104.718 3.997 3.\
198 8.793 7.195 \
12.79 10.392-67.\
148 14.389-125.5\
02 30.376-177.46\
1 50.36z m427.66\
5-3.997c-3.996 2\
.398-15.987 3.99\
7-23.181 3.997-2\
4.781 0-55.157-1\
1.191-97.524-29.\
577 16.787-1.599\
 31.175-1.599 44\
.765-1.599 24.78\
 0 31.975 0 55.9\
56 6.395 23.981 \
5.596 23.981 18.\
386 19.984 20.78\
4z\x22 fill=\x22#3690E\
6\x22 p-id=\x226592\x22><\
/path><path d=\x22M\
838.545 753.012H\
713.842V869.72h1\
23.904v127.9L102\
4 811.366 838.54\
5 625.911v127.1z\
\x22 fill=\x22#3690E6\x22\
 p-id=\x226593\x22></p\
ath><path d=\x22M78\
3.388 949.658H16\
3.073c-7.195 0-1\
2.79-5.596-12.79\
-12.79V86.333c0-\
7.195 5.595-12.7\
9 12.79-12.79H57\
5.55c7.195 0 12.\
79 5.595 12.79 1\
2.79v225.423c0 2\
9.577 23.982 54.\
358 54.358 54.35\
8h225.424c7.194 \
0 12.79 5.596 12\
.79 12.79V575.55\
l72.743 73.543V2\
81.38c0-15.987-6\
.395-31.975-17.5\
86-43.166L715.44\
 17.586C703.451 \
6.395 688.262 0 \
671.475 0H138.29\
2C104.718 0 76.7\
4 27.179 76.74 6\
1.552v900.896c0 \
33.574 27.179 61\
.552 61.552 61.5\
52h645.096v-74.3\
42zM661.084 101.\
521c0-12.79 15.1\
88-19.185 24.78-\
10.392L863.326 2\
67.79c8.793 8.79\
3 2.398 24.78-10\
.392 24.78H675.4\
72a14.329 14.329\
 0 0 1-14.388-14\
.388V101.52z\x22 fi\
ll=\x22#3690E6\x22 p-i\
d=\x226594\x22></path>\
</svg>\
\x00\x00\x00\xa1\
<\
svg xmlns=\x22http:\
//www.w3.org/200\
0/svg\x22 viewBox=\x22\
0 0 24 24\x22 width\
=\x2224\x22 height=\x2224\
\x22><path d=\x22M20 1\
1H7.83l5.59-5.59\
L12 4l-8 8 8 8 1\
.41-1.41L7.83 13\
H20v-2z\x22/></svg>\
\
\x00\x00\x05\xb4\
<\
?xml version=\x221.\
0\x22 standalone=\x22n\
o\x22?><!DOCTYPE sv\
g PUBLIC \x22-//W3C\
//DTD SVG 1.1//E\
N\x22 \x22http://www.w\
3.org/Graphics/S\
VG/1.1/DTD/svg11\
.dtd\x22><svg t=\x2217\
83837238572\x22 cla\
ss=\x22icon\x22 viewBo\
x=\x220 0 1024 1024\
\x22 version=\x221.1\x22 \
xmlns=\x22http://ww\
w.w3.org/2000/sv\
g\x22 p-id=\x226718\x22 x\
mlns:xlink=\x22http\
://www.w3.org/19\
99/xlink\x22 width=\
\x22200\x22 height=\x2220\
0\x22><path d=\x22M582\
.4 864H170.66666\
7c-6.4 0-10.6666\
67-4.266667-10.6\
66667-10.666667V\
170.666667c0-6.4\
 4.266667-10.666\
667 10.666667-10\
.666667h309.3333\
33V320c0 40.5333\
33 34.133333 74.\
666667 74.666667\
 74.666667h160v3\
8.4c0 17.066667 \
14.933333 32 32 \
32s32-14.933333 \
32-32V298.666667\
c0-8.533333-4.26\
6667-17.066667-8\
.533334-23.46666\
7l-170.666666-17\
0.666667c-6.4-6.\
4-14.933333-8.53\
3333-23.466667-8\
.533333H170.6666\
67C130.133333 96\
 96 130.133333 9\
6 170.666667v682\
.666666c0 40.533\
333 34.133333 74\
.666667 74.66666\
7 74.666667h411.\
733333c17.066667\
 0 32-14.933333 \
32-32s-14.933333\
-32-32-32z m132.\
266667-550.4v17.\
066667H554.66666\
7c-6.4 0-10.6666\
67-4.266667-10.6\
66667-10.666667V\
160h19.2l151.466\
667 153.6z\x22 fill\
=\x22#666666\x22 p-id=\
\x226719\x22></path><p\
ath d=\x22M866.1333\
33 669.866667l-1\
06.666666-106.66\
6667c-12.8-12.8-\
32-12.8-44.8 0s-\
12.8 32 0 44.8l5\
1.2 51.2H512c-17\
.066667 0-32 14.\
933333-32 32S494\
.933333 725.3333\
33 512 725.33333\
3h253.866667l-51\
.2 51.2c-12.8 12\
.8-12.8 32 0 44.\
8 6.4 6.4 14.933\
333 8.533333 23.\
466666 8.533334s\
17.066667-2.1333\
33 23.466667-8.5\
33334l106.666667\
-106.666666c8.53\
3333-10.666667 8\
.533333-32-2.133\
334-44.8z\x22 fill=\
\x22#666666\x22 p-id=\x22\
6720\x22></path></s\
vg>\
\x00\x00\x04E\
<\
?xml version=\x221.\
0\x22 standalone=\x22n\
o\x22?><!DOCTYPE sv\
g PUBLIC \x22-//W3C\
//DTD SVG 1.1//E\
N\x22 \x22http://www.w\
3.org/Graphics/S\
VG/1.1/DTD/svg11\
.dtd\x22><svg t=\x2217\
84979712601\x22 cla\
ss=\x22icon\x22 viewBo\
x=\x220 0 1024 1024\
\x22 version=\x221.1\x22 \
xmlns=\x22http://ww\
w.w3.org/2000/sv\
g\x22 p-id=\x229455\x22 x\
mlns:xlink=\x22http\
://www.w3.org/19\
99/xlink\x22 width=\
\x22200\x22 height=\x2220\
0\x22><path d=\x22M932\
.331207 355.8086\
82l-82.797751-78\
.876442c-12.0269\
18-11.495822-30.\
987758-11.531638\
-42.379203-0.109\
494L463.235366 5\
97.451184c-11.38\
3258 11.379165-1\
0.828626 29.9347\
76 1.206478 41.3\
87619l82.772168 \
78.902024c12.036\
128 11.495822 31\
.013341 11.52242\
8 42.379203 0.14\
3263l343.927073-\
320.662207C944.8\
94338 385.826346\
 944.366312 367.\
287107 932.33120\
7 355.808682z\x22 p\
-id=\x229456\x22></pat\
h><path d=\x22M174.\
092014 270.49257\
4l-82.601276 80.\
756255c-12.00133\
5 11.733229-12.3\
11397 30.467919-\
0.689708 41.8133\
15l402.142963 37\
8.813628c11.6390\
85 11.388375 30.\
804586 11.05273 \
42.804898-0.6549\
16l82.601276-80.\
738859c12.001335\
-11.742439 12.31\
1397-30.467919 0\
.672312-41.83992\
1L216.888725 269\
.845845C205.2496\
41 258.45747 186\
.084139 258.7583\
22 174.092014 27\
0.492574z\x22 p-id=\
\x229457\x22></path></\
svg>\
\x00\x00\x00\xa0\
<\
svg xmlns=\x22http:\
//www.w3.org/200\
0/svg\x22 viewBox=\x22\
0 0 24 24\x22 width\
=\x2224\x22 height=\x2224\
\x22><path d=\x22M4 12\
l1.41 1.41L11 7.\
83V20h2V7.83l5.5\
8 5.59L20 12l-8-\
8-8 8z\x22/></svg>\
\x00\x00\x01\xe0\
<\
?xml version=\x221.\
0\x22 standalone=\x22n\
o\x22?><!DOCTYPE sv\
g PUBLIC \x22-//W3C\
//DTD SVG 1.1//E\
N\x22 \x22http://www.w\
3.org/Graphics/S\
VG/1.1/DTD/svg11\
.dtd\x22><svg t=\x2217\
85367469669\x22 cla\
ss=\x22icon\x22 viewBo\
x=\x220 0 1024 1024\
\x22 version=\x221.1\x22 \
xmlns=\x22http://ww\
w.w3.org/2000/sv\
g\x22 p-id=\x226763\x22 x\
mlns:xlink=\x22http\
://www.w3.org/19\
99/xlink\x22 width=\
\x22200\x22 height=\x2220\
0\x22><path d=\x22M848\
 474H550V152h-76\
v322H176c-4.4 0-\
8 3.6-8 8v60c0 4\
.4 3.6 8 8 8h298\
v322h76V550h298c\
4.4 0 8-3.6 8-8v\
-60c0-4.4-3.6-8-\
8-8z\x22 p-id=\x226764\
\x22></path></svg>\
\x00\x00\x06\xbe\
<\
?xml version=\x221.\
0\x22 standalone=\x22n\
o\x22?><!DOCTYPE sv\
g PUBLIC \x22-//W3C\
//DTD SVG 1.1//E\
N\x22 \x22http://www.w\
3.org/Graphics/S\
VG/1.1/DTD/svg11\
.dtd\x22><svg t=\x2217\
85367435098\x22 cla\
ss=\x22icon\x22 viewBo\
x=\x220 0 1024 1024\
\x22 version=\x221.1\x22 \
xmlns=\x22http://ww\
w.w3.org/2000/sv\
g\x22 p-id=\x226610\x22 x\
mlns:xlink=\x22http\
://www.w3.org/19\
99/xlink\x22 width=\
\x22200\x22 height=\x2220\
0\x22><path d=\x22M896\
.853333 529.7493\
33l36.181334 36.\
224a17.066667 17\
.066667 0 0 1 0 \
24.106667l-289.6\
64 289.664-97.74\
9334 48.896a8.53\
3333 8.533333 0 \
0 1-12.202666-9.\
301333l0.725333-\
2.133334 48.896-\
97.834666 289.62\
1333-289.621334a\
17.066667 17.066\
667 0 0 1 24.149\
334 0zM128 650.6\
66667a32 32 0 0 \
1 31.701333 27.6\
48L160 682.66666\
7v170.666666a10.\
666667 10.666667\
 0 0 0 8.234667 \
10.368L170.66666\
7 864h170.666666\
a32 32 0 0 1 4.3\
52 63.701333L341\
.333333 928H170.\
666667a74.666667\
 74.666667 0 0 1\
-74.410667-68.52\
2667L96 853.3333\
33v-170.666666a3\
2 32 0 0 1 32-32\
z m384-384a32 32\
 0 0 1 31.701333\
 27.648L544 298.\
666667v138.66666\
6H682.666667a32 \
32 0 0 1 4.352 6\
3.701334L682.666\
667 501.333333h-\
138.666667V640a3\
2 32 0 0 1-63.70\
1333 4.352L480 6\
40v-138.666667H3\
41.333333a32 32 \
0 0 1-4.352-63.7\
01333L341.333333\
 437.333333h138.\
666667V298.66666\
7a32 32 0 0 1 32\
-32z m-170.66666\
7-170.666667a32 \
32 0 0 1 4.352 6\
3.701333L341.333\
333 160H170.6666\
67a10.666667 10.\
666667 0 0 0-10.\
368 8.234667L160\
 170.666667v170.\
666666a32 32 0 0\
 1-63.701333 4.3\
52L96 341.333333\
V170.666667a74.6\
66667 74.666667 \
0 0 1 68.522667-\
74.410667L170.66\
6667 96h170.6666\
66z m512 0a74.66\
6667 74.666667 0\
 0 1 74.410667 6\
8.522667L928 170\
.666667v170.6666\
66a32 32 0 0 1-6\
3.701333 4.352L8\
64 341.333333V17\
0.666667a10.6666\
67 10.666667 0 0\
 0-8.234667-10.3\
68L853.333333 16\
0h-170.666666a32\
 32 0 0 1-4.352-\
63.701333L682.66\
6667 96h170.6666\
66z\x22 fill=\x22#0000\
00\x22 p-id=\x226611\x22>\
</path></svg>\
\x00\x00\x04\x1a\
<\
?xml version=\x221.\
0\x22 standalone=\x22n\
o\x22?><!DOCTYPE sv\
g PUBLIC \x22-//W3C\
//DTD SVG 1.1//E\
N\x22 \x22http://www.w\
3.org/Graphics/S\
VG/1.1/DTD/svg11\
.dtd\x22><svg t=\x2217\
83837120076\x22 cla\
ss=\x22icon\x22 viewBo\
x=\x220 0 1024 1024\
\x22 version=\x221.1\x22 \
xmlns=\x22http://ww\
w.w3.org/2000/sv\
g\x22 p-id=\x222571\x22 x\
mlns:xlink=\x22http\
://www.w3.org/19\
99/xlink\x22 width=\
\x22200\x22 height=\x2220\
0\x22><path d=\x22M951\
 512h-62.7c-4.9 \
0-9 4-9 9v342.4c\
0 8.8-7.2 16-16 \
16H160.6c-8.8 0-\
16-7.2-16-16V160\
.6c0-8.8 7.2-16 \
16-16H503c4.9 0 \
9-4 9-9V73c0-4.9\
-4-9-9-9H99.8C80\
 64 64 80 64 99.\
8v824.3c0 19.8 1\
6 35.8 35.8 35.8\
h824.3c19.8 0 35\
.8-16 35.8-35.8V\
521c0.1-5-4-9-8.\
9-9z\x22 p-id=\x222572\
\x22></path><path d\
=\x22M337.2 537.6l-\
2.1 133.2c-0.1 1\
0 8 18.1 17.9 18\
.1h0.4l132.2-3.2\
c2.2-0.1 4.5-1 6\
-2.6l465.8-464.8\
c3.5-3.5 3.5-9.2\
 0-12.7l-139.2-1\
39c-1.8-1.8-4-2.\
6-6.4-2.6s-4.6 0\
.9-6.4 2.6L339.7\
 531.4c-1.5 1.7-\
2.5 3.9-2.5 6.2z\
 m75.7 21.9l387.\
6-386.8c6.2-6.2 \
16.4-6.2 22.6 0l\
28 27.9c6.3 6.3 \
6.3 16.4 0 22.7l\
-387.9 387c-2.9 \
2.9-6.8 4.6-10.9\
 4.7l-28.2 0.7c-\
9.1 0.2-16.5-7.2\
-16.4-16.2 0.1-9\
.8 0.3-21.7 0.4-\
28.8 0.1-4.3 1.8\
-8.3 4.8-11.2z\x22 \
p-id=\x222573\x22></pa\
th></svg>\
\x00\x00\x00\xe9\
<\
svg xmlns=\x22http:\
//www.w3.org/200\
0/svg\x22 viewBox=\x22\
0 0 24 24\x22 width\
=\x2224\x22 height=\x2224\
\x22><path d=\x22M19 3\
H5c-1.11 0-2 .9-\
2 2v14c0 1.1.89 \
2 2 2h14c1.11 0 \
2-.9 2-2V5c0-1.1\
-.89-2-2-2zm-9 1\
4l-5-5 1.41-1.41\
L10 14.17l7.59-7\
.59L19 8l-9 9z\x22/\
></svg>\x0a\
\x00\x00\x0e\xd4\
<\
?xml version=\x221.\
0\x22 standalone=\x22n\
o\x22?><!DOCTYPE sv\
g PUBLIC \x22-//W3C\
//DTD SVG 1.1//E\
N\x22 \x22http://www.w\
3.org/Graphics/S\
VG/1.1/DTD/svg11\
.dtd\x22><svg t=\x2217\
84969945966\x22 cla\
ss=\x22icon\x22 viewBo\
x=\x220 0 1025 1024\
\x22 version=\x221.1\x22 \
xmlns=\x22http://ww\
w.w3.org/2000/sv\
g\x22 p-id=\x228463\x22 x\
mlns:xlink=\x22http\
://www.w3.org/19\
99/xlink\x22 width=\
\x22200.1953125\x22 he\
ight=\x22200\x22><path\
 d=\x22M316.711222 \
848.403726c-12.8\
41469 0-23.72433\
1-10.129708-23.7\
24331-22.735817 \
0-12.580526 10.8\
81838-23.26589 2\
3.724331-23.2658\
9l557.670156 0c1\
2.868075 0 23.49\
204 10.685363 23\
.49204 23.26589 \
0 12.605086-10.6\
23965 22.735817-\
23.49204 22.7358\
17L316.711222 84\
8.403726 316.711\
222 848.403726zM\
316.711222 176.4\
73247 316.711222\
 176.473247c-12.\
841469 0-23.7243\
31 10.129708-23.\
724331 22.98755l\
0 0.555655 0 162\
.278967c0 12.883\
425 10.881838 23\
.266913 23.72433\
1 23.266913l0.59\
3518 0 556.53530\
9 0 0.541329 0c1\
2.868075 0 23.49\
204-10.383488 23\
.49204-23.266913\
L897.873418 200.\
017476l0-0.55565\
5c0-12.857842-10\
.623965-22.98755\
-23.49204-22.987\
55L316.711222 17\
6.47427 316.7112\
22 176.473247zM3\
40.203262 339.61\
1791 340.203262 \
339.611791 340.2\
03262 222.979444\
l510.170329 0 0 \
116.632347L340.2\
03262 339.611791\
 340.203262 339.\
611791zM165.5729\
9 331.932901 165\
.57299 331.93290\
1 79.522148 331.\
932901l0 538.624\
381c0 54.212716 \
86.050842 55.298\
444 86.050842 0L\
165.57299 331.93\
2901 165.57299 3\
31.932901zM122.8\
43816 990.44886 \
122.843816 990.4\
4886 122.843816 \
990.44886c-33.54\
9094 0-63.977104\
-13.691837-86.07\
5401-35.290761l0\
 0c-21.791305-21\
.927405-35.74203\
9-51.735291-35.7\
42039-84.60184L1\
.026376 294.6968\
36l0-1.085728c0-\
21.598924 17.586\
54-38.877449 39.\
09439-38.877449l\
125.452223 0L165\
.57299 81.768305\
c0-21.094434 18.\
181081-38.321794\
 39.402405-38.32\
1794l1.109264 0L\
985.600435 43.44\
6511c21.791305 0\
 39.376823 17.22\
736 39.376823 38\
.321794l0 1.6413\
83 0 787.148617c\
0 32.866548-13.6\
67278 62.952774-\
35.483142 84.601\
84l-0.566912 0 0\
 0.252757c-22.33\
1611 21.901823-5\
2.528354 35.0380\
04-85.767386 35.\
038004L124.51999\
1 990.450906l-1.\
134847 0L122.843\
816 990.450906 1\
22.843816 990.44\
886zM946.481486 \
870.557282 946.4\
81486 870.557282\
 946.481486 120.\
620172 244.66227\
9 120.620172c0 2\
50.190179 0 499.\
773538 0 749.937\
111 0 15.335267-\
2.811022 29.3033\
96-7.839549 42.4\
39578l666.336064\
 0c12.016685 0 2\
2.64065-4.646833\
 30.482245-12.32\
6746l0-0.278339C\
941.452959 893.0\
15783 946.481486\
 882.33042 946.4\
81486 870.557282\
L946.481486 870.\
557282zM621.8232\
68 432.094112 62\
1.823268 432.094\
112l0.568958 0 2\
51.989151 0c12.8\
68075 0 23.49204\
 10.155291 23.49\
204 22.735817l0 \
0.555655 0 123.1\
48761c0 12.58155\
-10.623965 22.73\
5817-23.49204 22\
.735817l-0.54132\
9 0L621.823268 6\
01.270163c-13.15\
1531 0-23.466458\
-10.154267-23.46\
6458-22.735817l0\
-0.529049 0-123.\
175367C598.35681\
 442.249403 608.\
671737 432.09411\
2 621.823268 432\
.094112L621.8232\
68 432.094112zM8\
50.373591 478.09\
5819 850.373591 \
478.095819 645.3\
15308 478.095819\
l0 77.17366 205.\
058282 0L850.373\
591 478.095819 8\
50.373591 478.09\
5819zM316.711222\
 478.095819 316.\
711222 478.09581\
9c-12.841469 0-2\
3.724331-10.1297\
08-23.724331-23.\
26589 0-12.58052\
6 10.881838-22.7\
35817 23.724331-\
22.735817l229.68\
5169 0c13.383822\
 0 24.007787 10.\
155291 24.007787\
 22.735817 0 13.\
136182-10.623965\
 23.26589-24.007\
787 23.26589L316\
.711222 478.0958\
19 316.711222 47\
8.095819zM316.71\
1222 601.26914 3\
16.711222 601.26\
914c-12.841469 0\
-23.724331-10.15\
4267-23.724331-2\
2.735817 0-12.85\
6819 10.881838-2\
3.264866 23.7243\
31-23.264866l229\
.685169 0c13.383\
822 0 24.007787 \
10.408047 24.007\
787 23.264866 0 \
12.58155-10.6239\
65 22.735817-24.\
007787 22.735817\
L316.711222 601.\
26914 316.711222\
 601.26914zM316.\
711222 725.22835\
9 316.711222 725\
.228359c-12.8414\
69 0-23.724331-1\
0.129708-23.7243\
31-23.26589 0-12\
.580526 10.88183\
8-23.26589 23.72\
4331-23.26589l55\
7.670156 0c12.86\
8075 0 23.49204 \
10.685363 23.492\
04 23.26589 0 13\
.136182-10.62396\
5 23.26589-23.49\
204 23.26589L316\
.711222 725.2283\
59 316.711222 72\
5.228359z\x22 fill=\
\x22#231815\x22 p-id=\x22\
8464\x22></path></s\
vg>\
\x00\x00\x03\x8f\
<\
?xml version=\x221.\
0\x22 standalone=\x22n\
o\x22?><!DOCTYPE sv\
g PUBLIC \x22-//W3C\
//DTD SVG 1.1//E\
N\x22 \x22http://www.w\
3.org/Graphics/S\
VG/1.1/DTD/svg11\
.dtd\x22><svg t=\x2217\
83758757676\x22 cla\
ss=\x22icon\x22 viewBo\
x=\x220 0 1024 1024\
\x22 version=\x221.1\x22 \
xmlns=\x22http://ww\
w.w3.org/2000/sv\
g\x22 p-id=\x228217\x22 x\
mlns:xlink=\x22http\
://www.w3.org/19\
99/xlink\x22 width=\
\x22200\x22 height=\x2220\
0\x22><path d=\x22M453\
.315048 146.2857\
14a73.142857 73.\
142857 0 0 1 71.\
411809 57.295238\
l3.535238 15.847\
619H828.952381a7\
3.142857 73.1428\
57 0 0 1 73.1428\
57 73.142858v512\
a73.142857 73.14\
2857 0 0 1-73.14\
2857 73.142857H1\
95.047619a73.142\
857 73.142857 0 \
0 1-73.142857-73\
.142857V219.4285\
71a73.142857 73.\
142857 0 0 1 73.\
142857-73.142857\
h258.267429z m0 \
73.142857H195.04\
7619v585.142858h\
633.904762V414.4\
7619H496.688762l\
-43.373714-195.0\
47619zM780.19047\
6 658.285714v73.\
142857H243.80952\
4v-73.142857h536\
.380952z m48.761\
905-365.714285H5\
44.49981l10.8495\
23 48.761904H828\
.952381v-48.7619\
04z\x22 p-id=\x228218\x22\
></path></svg>\
\x00\x00\x07\x06\
<\
?xml version=\x221.\
0\x22 standalone=\x22n\
o\x22?><!DOCTYPE sv\
g PUBLIC \x22-//W3C\
//DTD SVG 1.1//E\
N\x22 \x22http://www.w\
3.org/Graphics/S\
VG/1.1/DTD/svg11\
.dtd\x22><svg t=\x2217\
84114198811\x22 cla\
ss=\x22icon\x22 viewBo\
x=\x220 0 1024 1024\
\x22 version=\x221.1\x22 \
xmlns=\x22http://ww\
w.w3.org/2000/sv\
g\x22 p-id=\x225972\x22 x\
mlns:xlink=\x22http\
://www.w3.org/19\
99/xlink\x22 width=\
\x22200\x22 height=\x2220\
0\x22><path d=\x22M506\
.304 329.312c-10\
4.064 0-187.328 \
83.008-187.328 1\
81.632a186.304 1\
86.304 0 0 0 187\
.328 186.848 186\
.304 186.304 0 0\
 0 187.36-186.84\
8c0-36.32-15.616\
-72.672-31.232-9\
8.624l-62.496 57\
.12c5.28 10.4 10\
.496 25.92 10.49\
6 41.504 0 62.30\
4-46.848 109.024\
-104.128 109.024\
-62.464 0-109.28\
-46.72-109.28-10\
9.024 0-57.088 4\
6.816-103.776 10\
9.28-103.776 15.\
584 0 31.232 5.1\
52 46.816 10.368\
l57.312-57.088a1\
88.16 188.16 0 0\
 0-104.128-31.13\
6z m218.624-114.\
208c-5.28 0-5.28\
 0-5.28 5.216l-6\
7.616 67.456c-5.\
184 5.216-10.464\
 10.4-10.464 20.\
8l5.28 36.288-11\
9.744 119.392c-5\
.216 0-15.584-5.\
216-20.8-5.216-1\
5.616 0-31.2 5.2\
16-41.6 15.584-2\
0.832 20.704-20.\
832 57.12 0 77.8\
88 10.4 10.336 2\
6.016 15.52 41.6\
 15.52 10.4 0 25\
.984-5.184 36.44\
8-15.52 15.616-1\
5.584 20.832-41.\
568 10.368-62.33\
6l119.712-119.36\
 41.6 5.216c5.21\
6 0 15.648 0 20.\
832-5.216l67.648\
-67.456c5.216-5.\
216 0-10.4-5.216\
-10.4l-62.432-5.\
216-5.184-67.456\
c-5.152 0-5.152-\
5.184-5.152-5.18\
4z m-218.624-20.\
768c-176.928 0-3\
17.44 145.344-31\
7.44 316.608 0 1\
76.448 140.544 3\
21.824 317.44 32\
1.824s317.44-145\
.376 317.44-321.\
824c0-57.088-15.\
584-114.176-46.8\
16-160.896l-31.2\
64 31.168c-5.216\
 5.184-15.584 10\
.368-20.736 10.3\
68 15.52 36.352 \
25.952 77.888 25\
.952 119.36 0 14\
0.192-109.312 24\
9.152-244.576 24\
9.152-140.512 0-\
249.76-108.928-2\
49.76-249.152 0-\
134.912 109.28-2\
43.936 249.76-24\
3.936 41.632 0 8\
3.264 10.4 119.7\
44 31.136 0-10.4\
 5.152-15.552 10\
.336-20.736l36.4\
8-36.352a323.328\
 323.328 0 0 0-1\
66.56-46.72\x22 fil\
l=\x22#5D5D5D\x22 p-id\
=\x225973\x22></path><\
/svg>\
"

qt_resource_name = b"\
\x00\x05\
\x00o\xa6S\
\x00i\
\x00c\x00o\x00n\x00s\
\x00\x0a\
\x03\x88\x10S\
\x00a\
\x00n\x00i\x00m\x00a\x00t\x00i\x00o\x00n\x00s\
\x00\x03\
\x00\x00x<\
\x00q\
\x00m\x00l\
\x00\x05\
\x00v}\xc3\
\x00p\
\x00a\x00g\x00e\x00s\
\x00\x0b\
\x0a\x19B<\
\x00N\
\x00a\x00v\x00I\x00t\x00e\x00m\x00.\x00q\x00m\x00l\
\x00\x0b\
\x086\xa5\x5c\
\x00S\
\x00i\x00d\x00e\x00b\x00a\x00r\x00.\x00q\x00m\x00l\
\x00\x0a\
\x07j\x093\
\x00c\
\x00o\x00m\x00p\x00o\x00n\x00e\x00n\x00t\x00s\
\x00\x0f\
\x03\xed\xd0\xbc\
\x00C\
\x00o\x00n\x00t\x00e\x00n\x00t\x00A\x00r\x00e\x00a\x00.\x00q\x00m\x00l\
\x00\x08\
\x08\x01^\x5c\
\x00M\
\x00a\x00i\x00n\x00.\x00q\x00m\x00l\
\x00\x0a\
\x08\x90\x1a|\
\x00S\
\x00p\x00l\x00a\x00s\x00h\x00.\x00q\x00m\x00l\
\x00\x12\
\x05\x15\x90\xbc\
\x00i\
\x00n\x00l\x00i\x00n\x00e\x00_\x00p\x00r\x00e\x00v\x00i\x00e\x00w\x00.\x00q\x00m\
\x00l\
\x00\x0c\
\x01\x87\x87\xfc\
\x00B\
\x00a\x00r\x00C\x00h\x00a\x00r\x00t\x00.\x00q\x00m\x00l\
\x00\x12\
\x06\xea?\x5c\
\x00R\
\x00u\x00l\x00e\x00E\x00d\x00i\x00t\x00o\x00r\x00F\x00o\x00r\x00m\x00.\x00q\x00m\
\x00l\
\x00\x0c\
\x02Hg\xfc\
\x00P\
\x00i\x00e\x00C\x00h\x00a\x00r\x00t\x00.\x00q\x00m\x00l\
\x00\x0d\
\x08ye\xdc\
\x00P\
\x00h\x00a\x00s\x00e\x00N\x00o\x00d\x00e\x00.\x00q\x00m\x00l\
\x00\x15\
\x0bK\x99\xdc\
\x00R\
\x00e\x00s\x00u\x00l\x00t\x00D\x00e\x00t\x00a\x00i\x00l\x00P\x00a\x00n\x00e\x00l\
\x00.\x00q\x00m\x00l\
\x00\x11\
\x0d1\xc3\xbc\
\x00W\
\x00o\x00r\x00k\x00s\x00p\x00a\x00c\x00e\x00C\x00a\x00r\x00d\x00.\x00q\x00m\x00l\
\
\x00\x14\
\x03\x93\xd2\xbc\
\x00S\
\x00c\x00a\x00n\x00P\x00r\x00o\x00g\x00r\x00e\x00s\x00s\x00C\x00a\x00r\x00d\x00.\
\x00q\x00m\x00l\
\x00\x0e\
\x0f\xa4~\xbc\
\x00I\
\x00c\x00o\x00n\x00B\x00u\x00t\x00t\x00o\x00n\x00.\x00q\x00m\x00l\
\x00\x14\
\x05z\x87|\
\x00F\
\x00i\x00l\x00e\x00M\x00o\x00n\x00i\x00t\x00o\x00r\x00P\x00a\x00n\x00e\x00l\x00.\
\x00q\x00m\x00l\
\x00\x0e\
\x09\x1eU\x1c\
\x00T\
\x00r\x00e\x00n\x00d\x00C\x00h\x00a\x00r\x00t\x00.\x00q\x00m\x00l\
\x00\x0f\
\x02RG\xdc\
\x00R\
\x00e\x00s\x00u\x00l\x00t\x00s\x00P\x00a\x00g\x00e\x00.\x00q\x00m\x00l\
\x00\x0d\
\x08\xfd\xc7\xfc\
\x00A\
\x00b\x00o\x00u\x00t\x00P\x00a\x00g\x00e\x00.\x00q\x00m\x00l\
\x00\x0c\
\x0e<$\xfc\
\x00H\
\x00o\x00m\x00e\x00P\x00a\x00g\x00e\x00.\x00q\x00m\x00l\
\x00\x13\
\x09\xcc\x0d\x1c\
\x00F\
\x00i\x00l\x00e\x00M\x00o\x00n\x00i\x00t\x00o\x00r\x00P\x00a\x00g\x00e\x00.\x00q\
\x00m\x00l\
\x00\x10\
\x01\xcb\xf6\x1c\
\x00S\
\x00e\x00t\x00t\x00i\x00n\x00g\x00s\x00P\x00a\x00g\x00e\x00.\x00q\x00m\x00l\
\x00\x13\
\x03a/\xdc\
\x00H\
\x00o\x00m\x00e\x00P\x00a\x00g\x00e\x00D\x00i\x00a\x00l\x00o\x00g\x00s\x00.\x00q\
\x00m\x00l\
\x00\x0d\
\x02\x89)\x9c\
\x00S\
\x00t\x00a\x00t\x00s\x00P\x00a\x00g\x00e\x00.\x00q\x00m\x00l\
\x00\x13\
\x09T\x15\x07\
\x00s\
\x00p\x00i\x00n\x00n\x00e\x00r\x00_\x00w\x00a\x00r\x00n\x00i\x00n\x00g\x00.\x00p\
\x00n\x00g\
\x00\x13\
\x01\x96\x07\xe7\
\x00s\
\x00p\x00i\x00n\x00n\x00e\x00r\x00_\x00p\x00r\x00i\x00m\x00a\x00r\x00y\x00.\x00p\
\x00n\x00g\
\x00\x15\
\x0a\xc0\xcc'\
\x00s\
\x00p\x00i\x00n\x00n\x00e\x00r\x00_\x00s\x00e\x00c\x00o\x00n\x00d\x00a\x00r\x00y\
\x00.\x00p\x00n\x00g\
\x00\x16\
\x07\xbe}g\
\x00s\
\x00p\x00i\x00n\x00n\x00e\x00r\x00_\x00w\x00a\x00r\x00n\x00i\x00n\x00g\x00@\x002\
\x00x\x00.\x00p\x00n\x00g\
\x00\x18\
\x0a,\x00g\
\x00s\
\x00p\x00i\x00n\x00n\x00e\x00r\x00_\x00s\x00e\x00c\x00o\x00n\x00d\x00a\x00r\x00y\
\x00@\x002\x00x\x00.\x00p\x00n\x00g\
\x00\x16\
\x06\x91e'\
\x00s\
\x00p\x00i\x00n\x00n\x00e\x00r\x00_\x00p\x00r\x00i\x00m\x00a\x00r\x00y\x00@\x002\
\x00x\x00.\x00p\x00n\x00g\
\x00\x0e\
\x04\xa2\xf1'\
\x00d\
\x00o\x00w\x00n\x00_\x00a\x00r\x00r\x00o\x00w\x00.\x00s\x00v\x00g\
\x00\x0f\
\x08\xb3\xa5'\
\x00e\
\x00x\x00p\x00o\x00r\x00t\x00_\x00j\x00s\x00o\x00n\x00.\x00s\x00v\x00g\
\x00\x09\
\x05\xc6\xb2\xc7\
\x00m\
\x00i\x00n\x00u\x00s\x00.\x00s\x00v\x00g\
\x00\x08\
\x09\x81U\xe7\
\x00s\
\x00c\x00a\x00n\x00.\x00s\x00v\x00g\
\x00\x0c\
\x0b\xdf,\xc7\
\x00s\
\x00e\x00t\x00t\x00i\x00n\x00g\x00s\x00.\x00s\x00v\x00g\
\x00\x09\
\x06\xc7\x95\xe7\
\x00a\
\x00b\x00o\x00u\x00t\x00.\x00s\x00v\x00g\
\x00\x09\
\x0b\x9e\x89\x07\
\x00c\
\x00h\x00e\x00c\x00k\x00.\x00s\x00v\x00g\
\x00\x0a\
\x0bq*g\
\x00m\
\x00a\x00n\x00u\x00a\x00l\x00.\x00s\x00v\x00g\
\x00\x0b\
\x06FO\xa7\
\x00h\
\x00i\x00s\x00t\x00o\x00r\x00y\x00.\x00s\x00v\x00g\
\x00\x0b\
\x08]\x89g\
\x00f\
\x00o\x00r\x00w\x00a\x00r\x00d\x00.\x00s\x00v\x00g\
\x00\x13\
\x058n\xa7\
\x00c\
\x00h\x00e\x00c\x00k\x00_\x00b\x00o\x00x\x00_\x00b\x00l\x00a\x00n\x00k\x00.\x00s\
\x00v\x00g\
\x00\x0c\
\x0d\x9c\x11\xa7\
\x00a\
\x00l\x00l\x00_\x00d\x00i\x00s\x00k\x00.\x00s\x00v\x00g\
\x00\x0e\
\x04DuG\
\x00e\
\x00x\x00p\x00o\x00r\x00t\x00_\x00c\x00s\x00v\x00.\x00s\x00v\x00g\
\x00\x08\
\x068W'\
\x00h\
\x00o\x00m\x00e\x00.\x00s\x00v\x00g\
\x00\x0d\
\x0d\x8f\x10\x07\
\x00h\
\x00a\x00r\x00d\x00_\x00d\x00i\x00s\x00k\x00.\x00s\x00v\x00g\
\x00\x08\
\x04\xd2T\xc7\
\x00i\
\x00n\x00f\x00o\x00.\x00s\x00v\x00g\
\x00\x0a\
\x09\x8eC\xe7\
\x00r\
\x00e\x00s\x00c\x00a\x00n\x00.\x00s\x00v\x00g\
\x00\x0b\
\x00\xb5Hg\
\x00w\
\x00a\x00r\x00n\x00i\x00n\x00g\x00.\x00s\x00v\x00g\
\x00\x08\
\x00\x9eW\xa7\
\x00d\
\x00i\x00s\x00k\x00.\x00s\x00v\x00g\
\x00\x09\
\x0c\x98\xb7\xc7\
\x00p\
\x00a\x00u\x00s\x00e\x00.\x00s\x00v\x00g\
\x00\x09\
\x08\xb6\xaf\x87\
\x00s\
\x00t\x00a\x00t\x00s\x00.\x00s\x00v\x00g\
\x00\x0b\
\x0a\xb8V\x7f\
\x00f\
\x00a\x00v\x00i\x00c\x00o\x00n\x00.\x00i\x00c\x00o\
\x00\x0d\
\x06\x08\x17g\
\x00l\
\x00o\x00a\x00d\x00_\x00l\x00i\x00s\x00t\x00.\x00s\x00v\x00g\
\x00\x0a\
\x0c\xad\x02\x87\
\x00d\
\x00e\x00l\x00e\x00t\x00e\x00.\x00s\x00v\x00g\
\x00\x0b\
\x0a\xb8C'\
\x00f\
\x00a\x00v\x00i\x00c\x00o\x00n\x00.\x00s\x00v\x00g\
\x00\x08\
\x06aTG\
\x00m\
\x00o\x00o\x00n\x00.\x00s\x00v\x00g\
\x00\x0a\
\x08\x94m\xc7\
\x00s\
\x00e\x00a\x00r\x00c\x00h\x00.\x00s\x00v\x00g\
\x00\x09\
\x06\x98\x8e\xa7\
\x00c\
\x00l\x00o\x00s\x00e\x00.\x00s\x00v\x00g\
\x00\x08\
\x0bcU\x87\
\x00s\
\x00t\x00o\x00p\x00.\x00s\x00v\x00g\
\x00\x08\
\x00(Wg\
\x00f\
\x00i\x00l\x00e\x00.\x00s\x00v\x00g\
\x00\x0e\
\x08Du'\
\x00e\
\x00x\x00p\x00o\x00r\x00t\x00_\x00p\x00d\x00f\x00.\x00s\x00v\x00g\
\x00\x08\
\x07\x9eW\xc7\
\x00b\
\x00a\x00c\x00k\x00.\x00s\x00v\x00g\
\x00\x0a\
\x06\x9a\xc4'\
\x00e\
\x00x\x00p\x00o\x00r\x00t\x00.\x00s\x00v\x00g\
\x00\x08\
\x06\x88TG\
\x00m\
\x00o\x00r\x00e\x00.\x00s\x00v\x00g\
\x00\x0c\
\x06\xe6\xeb\xe7\
\x00u\
\x00p\x00_\x00a\x00r\x00r\x00o\x00w\x00.\x00s\x00v\x00g\
\x00\x07\
\x07\xa7Z\x07\
\x00a\
\x00d\x00d\x00.\x00s\x00v\x00g\
\x00\x0c\
\x05\xb4\x17\xe7\
\x00a\
\x00d\x00d\x00_\x00s\x00c\x00a\x00n\x00.\x00s\x00v\x00g\
\x00\x08\
\x0b\x07W\xa7\
\x00e\
\x00d\x00i\x00t\x00.\x00s\x00v\x00g\
\x00\x0d\
\x0a\xbc\x19\xc7\
\x00c\
\x00h\x00e\x00c\x00k\x00_\x00b\x00o\x00x\x00.\x00s\x00v\x00g\
\x00\x09\
\x02\xc6\xa9G\
\x00r\
\x00u\x00l\x00e\x00s\x00.\x00s\x00v\x00g\
\x00\x0a\
\x0a\xc8\xf6\x87\
\x00f\
\x00o\x00l\x00d\x00e\x00r\x00.\x00s\x00v\x00g\
\x00\x0a\
\x0d\xc8\x0b\xc7\
\x00t\
\x00a\x00r\x00g\x00e\x00t\x00.\x00s\x00v\x00g\
"

qt_resource_struct = b"\
\x00\x00\x00\x00\x00\x02\x00\x00\x00\x03\x00\x00\x00\x01\
\x00\x00\x00\x00\x00\x00\x00\x00\
\x00\x00\x00*\x00\x02\x00\x00\x00\x08\x00\x00\x004\
\x00\x00\x00\x00\x00\x00\x00\x00\
\x00\x00\x00\x00\x00\x02\x00\x00\x00*\x00\x00\x00\x0a\
\x00\x00\x00\x00\x00\x00\x00\x00\
\x00\x00\x00\x10\x00\x02\x00\x00\x00\x06\x00\x00\x00\x04\
\x00\x00\x00\x00\x00\x00\x00\x00\
\x00\x00\x03\xc0\x00\x00\x00\x00\x00\x01\x00\x01\xb86\
\x00\x00\x01\x9f\xea\x22\xa4a\
\x00\x00\x04\x84\x00\x00\x00\x00\x00\x01\x00\x02\xa1\xdd\
\x00\x00\x01\x9f\xea\x22\xa4q\
\x00\x00\x04\x1c\x00\x00\x00\x00\x00\x01\x00\x02$\xbf\
\x00\x00\x01\x9f\xea\x22\xa4\x8b\
\x00\x00\x03\x94\x00\x00\x00\x00\x00\x01\x00\x01~\x9f\
\x00\x00\x01\x9f\xea\x22\xa4z\
\x00\x00\x04N\x00\x00\x00\x00\x00\x01\x00\x02d\xcb\
\x00\x00\x01\x9f\xea\x22\xa4\xa5\
\x00\x00\x03\xec\x00\x00\x00\x00\x00\x01\x00\x01\xec\xe1\
\x00\x00\x01\x9f\xea\x22\xa4\x94\
\x00\x00\x07\xce\x00\x00\x00\x00\x00\x01\x00\x03\xbfq\
\x00\x00\x01\x9f\xabL\xecL\
\x00\x00\x06\xb8\x00\x00\x00\x00\x00\x01\x00\x03$\xe4\
\x00\x00\x01\x9f\xa4\x17\xa6\xde\
\x00\x00\x06\x9c\x00\x00\x00\x00\x00\x01\x00\x03$H\
\x00\x00\x01\x9f\xabL\xecN\
\x00\x00\x08\xd2\x00\x00\x00\x00\x00\x01\x00\x03\xe4P\
\x00\x00\x01\x9f\xa4\x17\xa6\xe3\
\x00\x00\x06\x14\x00\x00\x00\x00\x00\x01\x00\x03\x0fr\
\x00\x00\x01\x9f\xa4\x17\xa6\xdf\
\x00\x00\x04\xb6\x00\x00\x00\x00\x00\x01\x00\x02\xdc\x9f\
\x00\x00\x01\x9f\xabQ\x93\xef\
\x00\x00\x06l\x00\x00\x00\x00\x00\x01\x00\x03\x1f\x1e\
\x00\x00\x01\x9f\xabL\xecN\
\x00\x00\x05\xca\x00\x00\x00\x00\x00\x01\x00\x03\x0b\x92\
\x00\x00\x01\x9f\xabL\xecJ\
\x00\x00\x08~\x00\x00\x00\x00\x00\x01\x00\x03\xd8\x83\
\x00\x00\x01\x9f\xb01\x1c\x01\
\x00\x00\x04\xfc\x00\x00\x00\x00\x00\x01\x00\x02\xe9\xfa\
\x00\x00\x01\x9f\xabQ\x93\xf5\
\x00\x00\x07\x1a\x00\x00\x00\x00\x00\x01\x00\x03\xad \
\x00\x00\x01\x9f\xa4\x17\xa6\xe1\
\x00\x00\x066\x00\x00\x00\x00\x00\x01\x00\x03\x1b\x00\
\x00\x00\x01\x9f\xabL\xecM\
\x00\x00\x05\x92\x00\x00\x00\x00\x00\x01\x00\x03\x02\x07\
\x00\x00\x01\x9f\xa4\x17\xa6\xe0\
\x00\x00\x07p\x00\x00\x00\x00\x00\x01\x00\x03\xb9v\
\x00\x00\x01\x9f\xabL\xecN\
\x00\x00\x086\x00\x00\x00\x00\x00\x01\x00\x03\xd1\xb2\
\x00\x00\x01\x9f\xa4\x17\xa6\xe2\
\x00\x00\x07\xa0\x00\x00\x00\x00\x00\x01\x00\x03\xbc\xfe\
\x00\x00\x01\x9f\xabL\xecK\
\x00\x00\x08\x1c\x00\x00\x00\x00\x00\x01\x00\x03\xcb\xfa\
\x00\x00\x01\x9f\xa4\x17\xa6\xdf\
\x00\x00\x05H\x00\x00\x00\x00\x00\x01\x00\x02\xfa\x86\
\x00\x00\x01\x9f\xa4\x17\xa6\xdd\
\x00\x00\x08L\x00\x00\x00\x00\x00\x01\x00\x03\xd5\xfb\
\x00\x00\x01\x9f\xabQ\x93\xe7\
\x00\x00\x08\x06\x00\x00\x00\x00\x00\x01\x00\x03\xcbU\
\x00\x00\x01\x9f\xabQ\x93\xdf\
\x00\x00\x08j\x00\x00\x00\x00\x00\x01\x00\x03\xd6\x9f\
\x00\x00\x01\x9f\xb01\xa3H\
\x00\x00\x07\xe4\x00\x00\x00\x00\x00\x01\x00\x03\xc0:\
\x00\x00\x01\x9f\xa4\x17\xa6\xe0\
\x00\x00\x05\xae\x00\x00\x00\x00\x00\x01\x00\x03\x09g\
\x00\x00\x01\x9f\xd9\xabx~\
\x00\x00\x07\x86\x00\x00\x00\x00\x00\x01\x00\x03\xba_\
\x00\x00\x01\x9f\xa4\x17\xa6\xe3\
\x00\x00\x04\xd8\x00\x00\x00\x00\x00\x01\x00\x02\xddF\
\x00\x00\x01\x9f\xa4\x17\xa6\xe0\
\x00\x00\x06\xe6\x00\x00\x00\x00\x00\x01\x00\x03,\x97\
\x00\x00\x01\x9f\xa4\x17\xa6\xe3\
\x00\x00\x05\x14\x00\x00\x00\x00\x00\x01\x00\x02\xeat\
\x00\x00\x01\x9f\xa4\x17\xa6\xe3\
\x00\x00\x06\x82\x00\x00\x00\x00\x00\x01\x00\x03\x1f\xe8\
\x00\x00\x01\x9f\xa4\x17\xa6\xe2\
\x00\x00\x07T\x00\x00\x00\x00\x00\x01\x00\x03\xb2/\
\x00\x00\x01\x9f\x8f\xefcQ\
\x00\x00\x06\xfe\x00\x00\x00\x00\x00\x01\x00\x03.\xaf\
\x00\x00\x01\x9f\xac\x1d\xb3U\
\x00\x00\x08\xb2\x00\x00\x00\x00\x00\x01\x00\x03\xe3c\
\x00\x00\x01\x9f\xabL\xecI\
\x00\x00\x08\xea\x00\x00\x00\x00\x00\x01\x00\x03\xf3(\
\x00\x00\x01\x9f\xa4\x17\xa6\xe0\
\x00\x00\x08\x9c\x00\x00\x00\x00\x00\x01\x00\x03\xdfE\
\x00\x00\x01\x9f\xa4\x17\xa6\xde\
\x00\x00\x07\xb8\x00\x00\x00\x00\x00\x01\x00\x03\xbd\xcd\
\x00\x00\x01\x9f\xa4\x17\xa6\xe3\
\x00\x00\x05x\x00\x01\x00\x00\x00\x01\x00\x02\xfe\xa2\
\x00\x00\x01\x9f\xa4\x17\xa6\xe2\
\x00\x00\x05`\x00\x00\x00\x00\x00\x01\x00\x02\xfe\x07\
\x00\x00\x01\x9f\xabL\xecH\
\x00\x00\x05*\x00\x00\x00\x00\x00\x01\x00\x02\xf2\xe2\
\x00\x00\x01\x9f\xa4\x17\xa6\xe3\
\x00\x00\x06\xce\x00\x00\x00\x00\x00\x01\x00\x03)\xe4\
\x00\x00\x01\x9f\xa4\x17\xa6\xe2\
\x00\x00\x07:\x00\x00\x00\x00\x00\x01\x00\x03\xb1x\
\x00\x00\x01\x9f\xabL\xecL\
\x00\x00\x06L\x00\x00\x00\x00\x00\x01\x00\x03\x1b\x8d\
\x00\x00\x01\x9f\xa4\x17\xa6\xe0\
\x00\x00\x05\xf6\x00\x00\x00\x00\x00\x01\x00\x03\x0cV\
\x00\x00\x01\x9f\xa4\x17\xa6\xdd\
\x00\x00\x09\x04\x00\x00\x00\x00\x00\x01\x00\x03\xf6\xbb\
\x00\x00\x01\x9f\xa4\x17\xa6\xe3\
\x00\x00\x006\x00\x02\x00\x00\x00\x07\x00\x00\x00F\
\x00\x00\x00\x00\x00\x00\x00\x00\
\x00\x00\x00\x98\x00\x00\x00\x00\x00\x01\x00\x00\x12v\
\x00\x00\x01\x9f\xf1\xcc\x98\xe9\
\x00\x00\x00\xec\x00\x00\x00\x00\x00\x01\x00\x00=\x02\
\x00\x00\x01\x9f\xd6c9\x86\
\x00\x00\x00~\x00\x02\x00\x00\x00\x0a\x00\x00\x00<\
\x00\x00\x00\x00\x00\x00\x00\x00\
\x00\x00\x00\xbc\x00\x01\x00\x00\x00\x01\x00\x00%t\
\x00\x00\x01\xa0\x00\xc7\xb2\xba\
\x00\x00\x00b\x00\x01\x00\x00\x00\x01\x00\x00\x0c\x8c\
\x00\x00\x01\xa0\x00\xc7\xb2\xfc\
\x00\x00\x00\xd2\x00\x00\x00\x00\x00\x01\x00\x00/\x04\
\x00\x00\x01\xa0\x1d\xf4&\x1c\
\x00\x00\x00F\x00\x00\x00\x00\x00\x01\x00\x00\x00\x00\
\x00\x00\x01\x9f\xa4\x18\x0e\x0c\
\x00\x00\x01\x16\x00\x00\x00\x00\x00\x01\x00\x00@:\
\x00\x00\x01\xa0\x00\xc7\xb2z\
\x00\x00\x01^\x00\x00\x00\x00\x00\x01\x00\x00].\
\x00\x00\x01\xa0\x00\xe0\x9el\
\x00\x00\x01\xf4\x00\x01\x00\x00\x00\x01\x00\x00\xa7)\
\x00\x00\x01\xa0\x00\xc7\xb2\xa9\
\x00\x00\x02D\x00\x01\x00\x00\x00\x01\x00\x00\xda\x12\
\x00\x00\x01\x9f\xeb\xbd~ \
\x00\x00\x014\x00\x01\x00\x00\x00\x01\x00\x00P\xe8\
\x00\x00\x01\xa0\x00\xc7\xb2\x97\
\x00\x00\x01|\x00\x01\x00\x00\x00\x01\x00\x00tA\
\x00\x00\x01\x9f\xea\x22\xd5\xb6\
\x00\x00\x02r\x00\x00\x00\x00\x00\x01\x00\x00\xe1\xbf\
\x00\x00\x01\xa0\x00\xc7\xb2\xae\
\x00\x00\x01\x9c\x00\x01\x00\x00\x00\x01\x00\x00\x83\xf3\
\x00\x00\x01\xa0\x00\xc7\xb2\x8f\
\x00\x00\x01\xcc\x00\x01\x00\x00\x00\x01\x00\x00\x97P\
\x00\x00\x01\x9f\xe9\xfc\xceD\
\x00\x00\x02\x22\x00\x00\x00\x00\x00\x01\x00\x00\xc0\xd2\
\x00\x00\x01\x9f\xc8\x86\xf1\x1b\
\x00\x00\x03\x22\x00\x01\x00\x00\x00\x01\x00\x01-n\
\x00\x00\x01\xa0\x00\xe0\x9b\x1e\
\x00\x00\x02\x94\x00\x01\x00\x00\x00\x01\x00\x00\xf8Z\
\x00\x00\x01\x9f\xec]\x9f\xd7\
\x00\x00\x03t\x00\x01\x00\x00\x00\x01\x00\x01q\x08\
\x00\x00\x01\xa0\x00\xc7\xb2\xf7\
\x00\x00\x03H\x00\x01\x00\x00\x00\x01\x00\x01A\xe7\
\x00\x00\x01\xa0\x00\xc7\xb2\xdb\
\x00\x00\x02\xb8\x00\x01\x00\x00\x00\x01\x00\x01\x07#\
\x00\x00\x01\xa0\x00\xc7\xb2\xc2\
\x00\x00\x02\xf6\x00\x01\x00\x00\x00\x01\x00\x01!8\
\x00\x00\x01\xa0\x00\xe2GY\
\x00\x00\x02\xd8\x00\x01\x00\x00\x00\x01\x00\x01\x0f\xa5\
\x00\x00\x01\xa0\x00\xc7\xb2\xd0\
"

def qInitResources():
    QtCore.qRegisterResourceData(0x03, qt_resource_struct, qt_resource_name, qt_resource_data)

def qCleanupResources():
    QtCore.qUnregisterResourceData(0x03, qt_resource_struct, qt_resource_name, qt_resource_data)

qInitResources()
